# SpineSense sample excerpt - 10 s, imu_i3c_xyz_sflp firmware (raw + on-chip SFLP quaternion).
# Bench recording by the author. Contains no study-participant data.
# Columns: t_ms imu position addr ax_mg ay_mg az_mg gx_dps gy_dps gz_dps qw qx qy qz
0	IMU0	POSITION_0_EXTRA	0x32	-939.9	144.9	279.6	-0.77	0.77	1.40	0.78516	-0.02618	0.59912	0.15735
0	IMU1	PARENT_BOTTOM_FIXED	0x33	-56.1	-919.9	415.8	-0.42	-0.14	-0.42	0.18298	-0.08502	0.53564	-0.82031
0	IMU2	CHILD_TOP_MOVING	0x34	36.6	-978.4	-237.7	-0.91	1.05	-1.33	-0.06793	0.11737	-0.77832	0.61279
0	IMU3	POSITION_3_EXTRA	0x35	136.6	-958.9	-251.3	-2.73	2.45	0.00	-0.02144	0.14270	-0.77832	0.61084
0	IMU4	POSITION_4_EXTRA	0x36	155.2	-983.3	117.1	0.28	-0.35	-1.47	0.19214	-0.06732	-0.66016	0.72266
9	IMU0	POSITION_0_EXTRA	0x32	-938.9	146.4	283.0	-0.42	0.21	1.40	0.78516	-0.02614	0.59912	0.15747
9	IMU1	PARENT_BOTTOM_FIXED	0x33	-56.1	-919.9	415.8	-0.28	-0.07	-0.42	0.18286	-0.08502	0.53564	-0.82031
9	IMU2	CHILD_TOP_MOVING	0x34	37.6	-977.5	-238.1	-0.91	0.77	-1.40	-0.06781	0.11743	-0.77832	0.61279
9	IMU3	POSITION_3_EXTRA	0x35	136.6	-959.4	-253.8	-3.29	2.03	0.00	-0.02127	0.14258	-0.77881	0.61084
9	IMU4	POSITION_4_EXTRA	0x36	154.7	-983.8	116.6	0.14	-0.28	-1.47	0.19226	-0.06726	-0.66016	0.72266
17	IMU0	POSITION_0_EXTRA	0x32	-937.9	148.8	285.0	-0.14	0.07	1.40	0.78516	-0.02608	0.59912	0.15759
17	IMU1	PARENT_BOTTOM_FIXED	0x33	-57.6	-918.4	415.8	-0.28	-0.07	-0.42	0.18286	-0.08502	0.53564	-0.82031
17	IMU2	CHILD_TOP_MOVING	0x34	37.1	-975.5	-237.7	-0.91	0.28	-1.54	-0.06775	0.11749	-0.77832	0.61279
17	IMU3	POSITION_3_EXTRA	0x35	137.6	-958.9	-254.2	-3.36	1.47	-0.07	-0.02113	0.14258	-0.77881	0.61035
17	IMU4	POSITION_4_EXTRA	0x36	155.2	-983.8	114.2	0.07	-0.21	-1.40	0.19226	-0.06720	-0.66016	0.72266
25	IMU0	POSITION_0_EXTRA	0x32	-937.4	147.9	284.0	-0.07	-0.21	1.54	0.78516	-0.02600	0.59912	0.15771
25	IMU1	PARENT_BOTTOM_FIXED	0x33	-58.1	-918.4	414.8	0.00	-0.28	-0.35	0.18286	-0.08502	0.53564	-0.82031
25	IMU2	CHILD_TOP_MOVING	0x34	37.1	-976.0	-238.1	-0.98	0.00	-1.61	-0.06769	0.11755	-0.77832	0.61279
25	IMU3	POSITION_3_EXTRA	0x35	138.1	-960.4	-254.7	-2.87	0.91	-0.35	-0.02103	0.14258	-0.77881	0.61035
25	IMU4	POSITION_4_EXTRA	0x36	155.2	-984.8	114.7	-0.07	-0.07	-1.40	0.19226	-0.06720	-0.66016	0.72266
34	IMU0	POSITION_0_EXTRA	0x32	-936.0	146.9	280.1	0.00	-0.56	1.61	0.78516	-0.02591	0.59912	0.15771
34	IMU1	PARENT_BOTTOM_FIXED	0x33	-58.1	-917.4	414.8	0.21	-0.49	-0.28	0.18298	-0.08502	0.53564	-0.82031
34	IMU2	CHILD_TOP_MOVING	0x34	37.1	-976.5	-237.7	-1.05	-0.07	-1.61	-0.06763	0.11761	-0.77832	0.61279
34	IMU3	POSITION_3_EXTRA	0x35	137.1	-960.9	-257.7	-2.17	0.63	-0.70	-0.02092	0.14258	-0.77930	0.61035
34	IMU4	POSITION_4_EXTRA	0x36	155.7	-984.8	114.2	-0.28	-0.07	-1.40	0.19238	-0.06714	-0.66016	0.72266
42	IMU0	POSITION_0_EXTRA	0x32	-934.5	146.4	276.7	0.21	-0.49	1.61	0.78516	-0.02582	0.59912	0.15784
42	IMU1	PARENT_BOTTOM_FIXED	0x33	-59.5	-915.5	416.3	0.42	-0.70	-0.21	0.18298	-0.08502	0.53564	-0.82031
42	IMU2	CHILD_TOP_MOVING	0x34	36.1	-977.5	-238.1	-1.33	0.07	-1.54	-0.06757	0.11768	-0.77832	0.61279
42	IMU3	POSITION_3_EXTRA	0x35	137.6	-960.4	-257.7	-1.61	0.56	-0.84	-0.02081	0.14258	-0.77930	0.61035
42	IMU4	POSITION_4_EXTRA	0x36	155.2	-986.2	114.7	-0.28	0.00	-1.47	0.19238	-0.06714	-0.66016	0.72266
50	IMU0	POSITION_0_EXTRA	0x32	-935.0	145.4	274.7	0.35	0.00	1.47	0.78516	-0.02574	0.59912	0.15796
50	IMU1	PARENT_BOTTOM_FIXED	0x33	-60.0	-914.0	417.2	0.21	-0.63	-0.21	0.18298	-0.08508	0.53564	-0.82031
50	IMU2	CHILD_TOP_MOVING	0x34	36.6	-977.5	-237.2	-1.75	0.14	-1.61	-0.06750	0.11780	-0.77832	0.61279
50	IMU3	POSITION_3_EXTRA	0x35	137.6	-960.4	-258.2	-1.05	0.70	-0.98	-0.02071	0.14258	-0.77930	0.61035
50	IMU4	POSITION_4_EXTRA	0x36	155.7	-985.8	114.7	-0.14	-0.21	-1.47	0.19250	-0.06708	-0.66016	0.72217
59	IMU0	POSITION_0_EXTRA	0x32	-936.0	145.9	275.7	0.21	0.35	1.33	0.78516	-0.02568	0.59912	0.15796
59	IMU1	PARENT_BOTTOM_FIXED	0x33	-60.0	-913.0	418.2	0.00	-0.49	-0.21	0.18298	-0.08502	0.53564	-0.82031
59	IMU2	CHILD_TOP_MOVING	0x34	36.1	-977.0	-238.6	-2.38	0.14	-1.54	-0.06744	0.11786	-0.77832	0.61230
59	IMU3	POSITION_3_EXTRA	0x35	136.6	-960.4	-258.6	-0.84	1.19	-0.98	-0.02057	0.14246	-0.77930	0.60986
59	IMU4	POSITION_4_EXTRA	0x36	155.2	-984.8	115.7	-0.07	-0.35	-1.47	0.19250	-0.06702	-0.66016	0.72217
67	IMU0	POSITION_0_EXTRA	0x32	-936.5	146.4	278.6	0.14	0.56	1.26	0.78516	-0.02563	0.59912	0.15808
67	IMU1	PARENT_BOTTOM_FIXED	0x33	-59.5	-913.5	418.2	-0.21	-0.35	-0.28	0.18311	-0.08502	0.53564	-0.82031
67	IMU2	CHILD_TOP_MOVING	0x34	35.1	-976.5	-242.0	-2.73	0.21	-1.54	-0.06738	0.11792	-0.77832	0.61230
67	IMU3	POSITION_3_EXTRA	0x35	137.1	-960.4	-257.2	-0.84	1.47	-0.98	-0.02043	0.14246	-0.77930	0.60986
67	IMU4	POSITION_4_EXTRA	0x36	156.2	-985.8	115.7	0.00	-0.56	-1.40	0.19263	-0.06696	-0.66064	0.72217
75	IMU0	POSITION_0_EXTRA	0x32	-936.5	147.4	281.6	-0.14	0.70	1.19	0.78516	-0.02559	0.59912	0.15808
75	IMU1	PARENT_BOTTOM_FIXED	0x33	-59.5	-914.0	418.2	-0.28	-0.28	-0.35	0.18311	-0.08502	0.53564	-0.82031
75	IMU2	CHILD_TOP_MOVING	0x34	34.6	-977.5	-244.5	-2.87	0.49	-1.47	-0.06726	0.11792	-0.77881	0.61230
75	IMU3	POSITION_3_EXTRA	0x35	137.1	-960.9	-254.7	-1.19	1.61	-0.84	-0.02028	0.14246	-0.77930	0.60986
75	IMU4	POSITION_4_EXTRA	0x36	156.6	-986.2	116.1	0.21	-0.77	-1.33	0.19263	-0.06689	-0.66064	0.72217
84	IMU0	POSITION_0_EXTRA	0x32	-937.4	148.4	285.0	-0.21	0.70	1.19	0.78516	-0.02556	0.59912	0.15820
84	IMU1	PARENT_BOTTOM_FIXED	0x33	-60.0	-914.0	417.7	-0.28	-0.42	-0.35	0.18311	-0.08502	0.53564	-0.82031
84	IMU2	CHILD_TOP_MOVING	0x34	33.2	-977.5	-244.5	-2.80	0.63	-1.40	-0.06720	0.11798	-0.77881	0.61230
84	IMU3	POSITION_3_EXTRA	0x35	137.1	-961.8	-254.2	-1.68	1.26	-0.56	-0.02016	0.14233	-0.77930	0.60986
84	IMU4	POSITION_4_EXTRA	0x36	156.6	-987.2	113.2	0.28	-0.77	-1.26	0.19263	-0.06683	-0.66064	0.72217
92	IMU0	POSITION_0_EXTRA	0x32	-936.5	148.8	284.0	-0.14	0.77	1.19	0.78516	-0.02551	0.59912	0.15833
92	IMU1	PARENT_BOTTOM_FIXED	0x33	-59.0	-913.5	419.2	-0.35	-0.42	-0.35	0.18311	-0.08508	0.53564	-0.82031
92	IMU2	CHILD_TOP_MOVING	0x34	34.6	-979.4	-245.5	-2.52	0.63	-1.33	-0.06714	0.11798	-0.77881	0.61182
92	IMU3	POSITION_3_EXTRA	0x35	138.1	-961.4	-256.7	-2.17	0.77	-0.42	-0.02005	0.14233	-0.77930	0.60986
92	IMU4	POSITION_4_EXTRA	0x36	157.6	-986.2	112.2	0.35	-0.77	-1.12	0.19263	-0.06677	-0.66064	0.72217
100	IMU0	POSITION_0_EXTRA	0x32	-937.0	148.8	285.0	-0.35	0.56	1.26	0.78516	-0.02547	0.59912	0.15833
100	IMU1	PARENT_BOTTOM_FIXED	0x33	-58.6	-914.0	418.2	-0.35	-0.42	-0.35	0.18311	-0.08508	0.53564	-0.82031
100	IMU2	CHILD_TOP_MOVING	0x34	35.6	-979.4	-244.5	-1.96	0.21	-1.40	-0.06708	0.11804	-0.77881	0.61182
100	IMU3	POSITION_3_EXTRA	0x35	138.1	-960.9	-259.6	-2.24	0.28	-0.35	-0.01999	0.14233	-0.77979	0.60986
100	IMU4	POSITION_4_EXTRA	0x36	157.1	-986.7	113.2	0.35	-0.84	-1.12	0.19263	-0.06671	-0.66064	0.72217
109	IMU0	POSITION_0_EXTRA	0x32	-937.4	149.3	285.0	-0.28	0.42	1.40	0.78516	-0.02542	0.59912	0.15845
109	IMU1	PARENT_BOTTOM_FIXED	0x33	-58.6	-914.5	418.2	-0.28	-0.49	-0.42	0.18311	-0.08508	0.53564	-0.82031
109	IMU2	CHILD_TOP_MOVING	0x34	38.1	-978.9	-244.0	-1.40	-0.28	-1.40	-0.06702	0.11810	-0.77881	0.61182
109	IMU3	POSITION_3_EXTRA	0x35	137.6	-960.9	-261.6	-2.03	0.00	-0.49	-0.01993	0.14233	-0.77979	0.60938
109	IMU4	POSITION_4_EXTRA	0x36	156.6	-987.2	114.2	0.42	-0.84	-1.12	0.19263	-0.06665	-0.66064	0.72217
117	IMU0	POSITION_0_EXTRA	0x32	-937.0	149.8	286.0	-0.49	0.70	1.33	0.78516	-0.02539	0.59912	0.15857
117	IMU1	PARENT_BOTTOM_FIXED	0x33	-58.6	-915.0	419.2	-0.42	-0.42	-0.35	0.18311	-0.08508	0.53564	-0.82031
117	IMU2	CHILD_TOP_MOVING	0x34	37.6	-978.9	-243.0	-1.05	-0.77	-1.40	-0.06702	0.11823	-0.77881	0.61182
117	IMU3	POSITION_3_EXTRA	0x35	137.1	-960.4	-263.0	-1.54	0.00	-0.56	-0.01988	0.14233	-0.77979	0.60938
117	IMU4	POSITION_4_EXTRA	0x36	156.6	-987.2	115.2	0.35	-0.77	-1.12	0.19263	-0.06659	-0.66064	0.72217
125	IMU0	POSITION_0_EXTRA	0x32	-935.5	150.3	285.0	-0.42	1.05	1.26	0.78467	-0.02536	0.59912	0.15869
125	IMU1	PARENT_BOTTOM_FIXED	0x33	-60.0	-915.5	419.2	-0.42	-0.49	-0.28	0.18311	-0.08508	0.53564	-0.82031
125	IMU2	CHILD_TOP_MOVING	0x34	37.1	-978.4	-242.0	-0.91	-0.84	-1.40	-0.06702	0.11835	-0.77881	0.61182
125	IMU3	POSITION_3_EXTRA	0x35	136.6	-959.9	-262.5	-1.05	0.07	-0.70	-0.01984	0.14233	-0.77979	0.60938
125	IMU4	POSITION_4_EXTRA	0x36	156.6	-986.7	115.2	0.42	-0.77	-1.12	0.19275	-0.06653	-0.66064	0.72217
134	IMU0	POSITION_0_EXTRA	0x32	-939.4	151.3	282.6	0.07	0.28	1.33	0.78467	-0.02528	0.59912	0.15881
134	IMU1	PARENT_BOTTOM_FIXED	0x33	-59.0	-915.5	419.2	-0.42	-0.49	-0.21	0.18323	-0.08508	0.53564	-0.82031
134	IMU2	CHILD_TOP_MOVING	0x34	38.1	-978.4	-241.6	-0.77	-0.77	-1.33	-0.06702	0.11841	-0.77881	0.61182
134	IMU3	POSITION_3_EXTRA	0x35	137.6	-959.9	-262.5	-0.63	0.28	-0.77	-0.01976	0.14233	-0.77979	0.60938
134	IMU4	POSITION_4_EXTRA	0x36	156.2	-984.8	113.2	0.49	-0.70	-1.19	0.19275	-0.06647	-0.66064	0.72217
142	IMU0	POSITION_0_EXTRA	0x32	-932.6	153.2	292.8	0.07	-0.98	2.03	0.78516	-0.02515	0.59912	0.15894
142	IMU1	PARENT_BOTTOM_FIXED	0x33	-60.0	-916.0	418.7	-0.42	-0.56	-0.14	0.18323	-0.08508	0.53564	-0.82031
142	IMU2	CHILD_TOP_MOVING	0x34	39.0	-977.0	-241.6	-0.63	-0.56	-1.33	-0.06702	0.11847	-0.77881	0.61182
142	IMU3	POSITION_3_EXTRA	0x35	137.1	-957.9	-260.1	-0.63	0.49	-0.91	-0.01968	0.14233	-0.77979	0.60938
142	IMU4	POSITION_4_EXTRA	0x36	155.7	-983.8	112.7	0.63	-0.70	-1.19	0.19275	-0.06641	-0.66064	0.72217
150	IMU0	POSITION_0_EXTRA	0x32	-932.1	150.3	279.6	-0.14	1.05	1.47	0.78467	-0.02510	0.59912	0.15906
150	IMU1	PARENT_BOTTOM_FIXED	0x33	-61.0	-916.5	417.7	-0.42	-0.49	-0.07	0.18323	-0.08508	0.53564	-0.82031
150	IMU2	CHILD_TOP_MOVING	0x34	40.0	-975.5	-240.1	-0.49	-0.07	-1.40	-0.06696	0.11859	-0.77881	0.61182
150	IMU3	POSITION_3_EXTRA	0x35	138.6	-957.0	-260.1	-0.77	0.49	-0.77	-0.01959	0.14233	-0.77979	0.60938
150	IMU4	POSITION_4_EXTRA	0x36	156.6	-984.8	113.2	0.63	-0.70	-1.19	0.19275	-0.06635	-0.66064	0.72217
159	IMU0	POSITION_0_EXTRA	0x32	-941.4	144.9	267.9	-0.42	-0.14	1.68	0.78467	-0.02507	0.59912	0.15906
159	IMU1	PARENT_BOTTOM_FIXED	0x33	-60.5	-917.0	417.2	-0.42	-0.49	0.00	0.18323	-0.08508	0.53516	-0.82031
159	IMU2	CHILD_TOP_MOVING	0x34	40.0	-976.0	-240.1	-0.49	0.42	-1.47	-0.06689	0.11859	-0.77881	0.61182
159	IMU3	POSITION_3_EXTRA	0x35	139.1	-957.9	-261.6	-0.98	0.35	-0.77	-0.01952	0.14246	-0.78027	0.60889
159	IMU4	POSITION_4_EXTRA	0x36	158.6	-986.2	112.7	0.42	-0.70	-1.26	0.19275	-0.06628	-0.66064	0.72217
167	IMU0	POSITION_0_EXTRA	0x32	-935.5	148.4	273.3	-0.28	-1.12	1.82	0.78467	-0.02499	0.59912	0.15918
167	IMU1	PARENT_BOTTOM_FIXED	0x33	-61.0	-917.0	416.8	-0.42	-0.49	-0.07	0.18335	-0.08508	0.53516	-0.82031
167	IMU2	CHILD_TOP_MOVING	0x34	39.0	-977.5	-242.5	-0.77	0.84	-1.40	-0.06677	0.11865	-0.77881	0.61182
167	IMU3	POSITION_3_EXTRA	0x35	140.5	-958.9	-261.1	-0.98	0.49	-0.84	-0.01941	0.14246	-0.78027	0.60889
167	IMU4	POSITION_4_EXTRA	0x36	158.6	-986.2	113.2	0.56	-0.63	-1.33	0.19287	-0.06616	-0.66064	0.72217
175	IMU0	POSITION_0_EXTRA	0x32	-933.5	152.3	280.6	-0.14	0.42	1.19	0.78467	-0.02495	0.59912	0.15930
175	IMU1	PARENT_BOTTOM_FIXED	0x33	-61.0	-917.0	417.7	-0.28	-0.42	-0.07	0.18335	-0.08508	0.53516	-0.82031
175	IMU2	CHILD_TOP_MOVING	0x34	38.6	-976.0	-244.0	-0.84	1.05	-1.33	-0.06671	0.11865	-0.77881	0.61182
175	IMU3	POSITION_3_EXTRA	0x35	139.6	-959.4	-260.6	-0.84	0.70	-0.77	-0.01932	0.14246	-0.78027	0.60889
175	IMU4	POSITION_4_EXTRA	0x36	158.1	-985.3	111.3	0.56	-0.63	-1.33	0.19287	-0.06610	-0.66064	0.72217
184	IMU0	POSITION_0_EXTRA	0x32	-937.0	151.3	286.0	-0.56	-0.14	1.40	0.78467	-0.02490	0.59912	0.15942
184	IMU1	PARENT_BOTTOM_FIXED	0x33	-61.5	-917.4	417.2	-0.21	-0.56	-0.07	0.18335	-0.08508	0.53516	-0.82031
184	IMU2	CHILD_TOP_MOVING	0x34	36.6	-976.5	-243.5	-0.63	1.12	-1.26	-0.06659	0.11865	-0.77881	0.61182
184	IMU3	POSITION_3_EXTRA	0x35	138.1	-959.4	-261.6	-0.42	0.63	-0.84	-0.01923	0.14246	-0.78027	0.60889
184	IMU4	POSITION_4_EXTRA	0x36	158.6	-983.3	116.1	0.42	-0.63	-1.19	0.19287	-0.06604	-0.66064	0.72217
192	IMU0	POSITION_0_EXTRA	0x32	-932.6	152.7	289.4	-0.98	-0.14	1.61	0.78467	-0.02486	0.59912	0.15955
192	IMU1	PARENT_BOTTOM_FIXED	0x33	-61.5	-916.0	416.3	-0.14	-0.56	-0.07	0.18347	-0.08508	0.53516	-0.82031
192	IMU2	CHILD_TOP_MOVING	0x34	35.6	-977.0	-244.5	-0.70	1.05	-1.26	-0.06653	0.11865	-0.77930	0.61182
192	IMU3	POSITION_3_EXTRA	0x35	137.1	-958.4	-261.6	-0.07	0.49	-0.91	-0.01915	0.14246	-0.78027	0.60889
192	IMU4	POSITION_4_EXTRA	0x36	157.6	-982.8	116.6	0.63	-0.49	-1.19	0.19287	-0.06598	-0.66064	0.72217
200	IMU0	POSITION_0_EXTRA	0x32	-931.6	151.3	286.0	-0.84	1.40	1.19	0.78467	-0.02486	0.59912	0.15967
200	IMU1	PARENT_BOTTOM_FIXED	0x33	-61.0	-916.0	416.3	-0.14	-0.70	0.00	0.18347	-0.08508	0.53516	-0.82031
200	IMU2	CHILD_TOP_MOVING	0x34	36.1	-974.0	-244.0	-0.70	0.56	-1.12	-0.06647	0.11865	-0.77930	0.61182
200	IMU3	POSITION_3_EXTRA	0x35	136.6	-957.0	-260.6	0.07	0.07	-0.91	-0.01910	0.14246	-0.78027	0.60889
200	IMU4	POSITION_4_EXTRA	0x36	157.1	-984.8	113.2	0.98	-0.63	-1.12	0.19287	-0.06598	-0.66064	0.72217
209	IMU0	POSITION_0_EXTRA	0x32	-937.9	149.3	280.1	-0.70	1.47	1.12	0.78467	-0.02487	0.59912	0.15979
209	IMU1	PARENT_BOTTOM_FIXED	0x33	-61.0	-915.0	417.2	0.00	-0.70	0.00	0.18359	-0.08508	0.53516	-0.82031
209	IMU2	CHILD_TOP_MOVING	0x34	37.1	-974.0	-245.5	-0.70	-0.07	-1.19	-0.06647	0.11871	-0.77930	0.61133
209	IMU3	POSITION_3_EXTRA	0x35	136.6	-958.4	-262.1	0.21	-0.42	-0.98	-0.01909	0.14246	-0.78027	0.60889
209	IMU4	POSITION_4_EXTRA	0x36	156.6	-985.8	112.7	0.91	-0.70	-1.05	0.19299	-0.06592	-0.66064	0.72217
217	IMU0	POSITION_0_EXTRA	0x32	-935.5	148.4	279.1	-0.63	0.77	1.33	0.78467	-0.02487	0.59912	0.15991
217	IMU1	PARENT_BOTTOM_FIXED	0x33	-60.0	-915.5	417.2	0.00	-0.77	0.00	0.18359	-0.08508	0.53516	-0.82031
217	IMU2	CHILD_TOP_MOVING	0x34	37.1	-976.0	-246.4	-0.91	-0.56	-1.26	-0.06647	0.11877	-0.77930	0.61133
217	IMU3	POSITION_3_EXTRA	0x35	135.7	-959.9	-261.1	0.35	-0.63	-0.98	-0.01909	0.14258	-0.78027	0.60889
217	IMU4	POSITION_4_EXTRA	0x36	156.6	-986.2	112.7	0.63	-0.70	-0.91	0.19299	-0.06586	-0.66064	0.72217
225	IMU0	POSITION_0_EXTRA	0x32	-934.5	149.8	280.1	-0.42	1.33	0.91	0.78467	-0.02487	0.59912	0.15991
225	IMU1	PARENT_BOTTOM_FIXED	0x33	-61.0	-915.5	416.8	-0.07	-0.70	0.07	0.18359	-0.08508	0.53516	-0.82031
225	IMU2	CHILD_TOP_MOVING	0x34	36.1	-976.5	-247.4	-0.91	-0.63	-1.26	-0.06647	0.11884	-0.77930	0.61133
225	IMU3	POSITION_3_EXTRA	0x35	136.2	-959.9	-258.6	0.49	-1.12	-1.05	-0.01910	0.14258	-0.78027	0.60889
225	IMU4	POSITION_4_EXTRA	0x36	157.1	-985.3	112.7	0.70	-0.56	-0.91	0.19299	-0.06580	-0.66064	0.72217
234	IMU0	POSITION_0_EXTRA	0x32	-936.0	149.8	280.1	-0.63	1.68	0.84	0.78467	-0.02489	0.59961	0.16003
234	IMU1	PARENT_BOTTOM_FIXED	0x33	-61.5	-915.5	417.7	0.00	-0.70	0.07	0.18372	-0.08508	0.53516	-0.82031
234	IMU2	CHILD_TOP_MOVING	0x34	35.1	-977.0	-247.9	-0.63	-0.49	-1.19	-0.06647	0.11890	-0.77930	0.61133
234	IMU3	POSITION_3_EXTRA	0x35	137.1	-959.9	-258.2	0.56	-1.68	-1.12	-0.01917	0.14270	-0.78027	0.60889
234	IMU4	POSITION_4_EXTRA	0x36	157.6	-984.8	113.2	0.77	-0.49	-0.84	0.19299	-0.06580	-0.66064	0.72217
242	IMU0	POSITION_0_EXTRA	0x32	-933.5	150.3	282.1	-0.63	1.68	0.84	0.78467	-0.02490	0.59961	0.16016
242	IMU1	PARENT_BOTTOM_FIXED	0x33	-61.5	-915.5	417.7	0.07	-0.84	0.00	0.18372	-0.08508	0.53516	-0.82031
242	IMU2	CHILD_TOP_MOVING	0x34	35.6	-976.5	-247.9	-0.28	-0.21	-1.05	-0.06647	0.11890	-0.77930	0.61133
242	IMU3	POSITION_3_EXTRA	0x35	138.6	-958.9	-260.6	0.56	-1.61	-0.98	-0.01921	0.14282	-0.78027	0.60889
242	IMU4	POSITION_4_EXTRA	0x36	157.6	-984.8	114.2	0.70	-0.49	-0.77	0.19299	-0.06573	-0.66064	0.72217
250	IMU0	POSITION_0_EXTRA	0x32	-933.1	150.3	282.1	-0.49	2.24	0.70	0.78418	-0.02493	0.59961	0.16016
250	IMU1	PARENT_BOTTOM_FIXED	0x33	-62.0	-916.0	416.3	0.07	-0.91	0.00	0.18384	-0.08508	0.53516	-0.82031
250	IMU2	CHILD_TOP_MOVING	0x34	37.1	-976.5	-246.0	-0.14	-0.42	-1.05	-0.06647	0.11896	-0.77930	0.61133
250	IMU3	POSITION_3_EXTRA	0x35	138.1	-957.5	-262.5	0.35	-1.33	-0.77	-0.01924	0.14282	-0.78027	0.60889
250	IMU4	POSITION_4_EXTRA	0x36	158.1	-984.8	113.7	0.70	-0.42	-0.70	0.19299	-0.06573	-0.66064	0.72217
259	IMU0	POSITION_0_EXTRA	0x32	-934.0	148.4	277.2	-0.42	2.59	0.56	0.78418	-0.02496	0.59961	0.16016
259	IMU1	PARENT_BOTTOM_FIXED	0x33	-62.0	-916.0	417.2	0.00	-0.98	0.00	0.18384	-0.08508	0.53516	-0.82031
259	IMU2	CHILD_TOP_MOVING	0x34	37.6	-976.0	-242.5	-0.07	-0.77	-1.05	-0.06653	0.11902	-0.77930	0.61133
259	IMU3	POSITION_3_EXTRA	0x35	138.1	-957.0	-264.0	0.21	-1.05	-0.63	-0.01927	0.14294	-0.78027	0.60889
259	IMU4	POSITION_4_EXTRA	0x36	158.1	-984.3	114.2	0.91	-0.56	-0.70	0.19299	-0.06567	-0.66064	0.72217
267	IMU0	POSITION_0_EXTRA	0x32	-935.0	147.4	275.2	-0.49	2.52	0.42	0.78418	-0.02502	0.60010	0.16028
267	IMU1	PARENT_BOTTOM_FIXED	0x33	-61.0	-915.5	417.7	0.00	-0.98	0.00	0.18396	-0.08514	0.53516	-0.82031
267	IMU2	CHILD_TOP_MOVING	0x34	38.6	-975.5	-242.5	-0.07	-1.26	-0.98	-0.06659	0.11914	-0.77930	0.61133
267	IMU3	POSITION_3_EXTRA	0x35	139.1	-957.0	-263.5	0.14	-0.70	-0.63	-0.01927	0.14294	-0.78027	0.60889
267	IMU4	POSITION_4_EXTRA	0x36	158.6	-984.3	114.2	0.77	-0.63	-0.63	0.19299	-0.06567	-0.66064	0.72217
275	IMU0	POSITION_0_EXTRA	0x32	-935.5	147.4	273.8	-0.77	2.66	0.28	0.78418	-0.02510	0.60010	0.16028
275	IMU1	PARENT_BOTTOM_FIXED	0x33	-60.0	-916.0	417.2	0.07	-1.05	-0.07	0.18396	-0.08514	0.53516	-0.82031
275	IMU2	CHILD_TOP_MOVING	0x34	38.6	-975.5	-244.0	-0.07	-1.61	-0.98	-0.06665	0.11920	-0.77930	0.61133
275	IMU3	POSITION_3_EXTRA	0x35	139.1	-957.5	-263.5	0.21	-0.49	-0.56	-0.01926	0.14307	-0.78027	0.60889
275	IMU4	POSITION_4_EXTRA	0x36	159.1	-983.8	113.2	0.91	-0.70	-0.70	0.19299	-0.06561	-0.66064	0.72217
284	IMU0	POSITION_0_EXTRA	0x32	-936.0	147.9	273.3	-0.98	2.94	0.14	0.78369	-0.02521	0.60010	0.16028
284	IMU1	PARENT_BOTTOM_FIXED	0x33	-58.1	-915.5	416.8	0.14	-0.98	-0.07	0.18408	-0.08521	0.53516	-0.82031
284	IMU2	CHILD_TOP_MOVING	0x34	39.5	-975.0	-245.5	-0.14	-1.61	-0.98	-0.06671	0.11932	-0.77930	0.61133
284	IMU3	POSITION_3_EXTRA	0x35	140.5	-958.4	-260.6	0.70	-0.70	-0.63	-0.01926	0.14307	-0.78027	0.60889
284	IMU4	POSITION_4_EXTRA	0x36	159.1	-983.8	113.7	0.84	-0.77	-0.70	0.19299	-0.06555	-0.66064	0.72217
292	IMU0	POSITION_0_EXTRA	0x32	-935.5	148.8	276.2	-1.05	3.01	-0.07	0.78369	-0.02530	0.60059	0.16028
292	IMU1	PARENT_BOTTOM_FIXED	0x33	-57.1	-916.0	417.2	0.28	-1.12	-0.07	0.18408	-0.08527	0.53516	-0.82031
292	IMU2	CHILD_TOP_MOVING	0x34	40.0	-976.0	-245.0	-0.21	-1.26	-0.91	-0.06677	0.11938	-0.77930	0.61133
292	IMU3	POSITION_3_EXTRA	0x35	140.1	-959.4	-259.1	0.98	-1.05	-0.70	-0.01929	0.14319	-0.77979	0.60889
292	IMU4	POSITION_4_EXTRA	0x36	160.1	-985.3	114.7	0.63	-0.63	-0.63	0.19299	-0.06555	-0.66064	0.72217
300	IMU0	POSITION_0_EXTRA	0x32	-936.0	148.8	278.2	-1.05	3.15	-0.28	0.78369	-0.02542	0.60059	0.16040
300	IMU1	PARENT_BOTTOM_FIXED	0x33	-56.6	-915.5	418.2	0.35	-1.12	0.00	0.18408	-0.08527	0.53467	-0.82031
300	IMU2	CHILD_TOP_MOVING	0x34	40.5	-977.5	-243.0	0.00	-1.12	-0.91	-0.06677	0.11951	-0.77930	0.61133
300	IMU3	POSITION_3_EXTRA	0x35	140.5	-959.4	-258.6	1.33	-1.54	-0.91	-0.01933	0.14319	-0.77979	0.60889
300	IMU4	POSITION_4_EXTRA	0x36	159.6	-985.3	113.2	0.77	-0.63	-0.56	0.19299	-0.06549	-0.66064	0.72217
309	IMU0	POSITION_0_EXTRA	0x32	-936.5	147.9	278.6	-1.05	3.22	-0.42	0.78320	-0.02554	0.60059	0.16040
309	IMU1	PARENT_BOTTOM_FIXED	0x33	-54.7	-915.5	418.7	0.42	-0.91	0.00	0.18420	-0.08533	0.53467	-0.82031
309	IMU2	CHILD_TOP_MOVING	0x34	41.0	-978.0	-242.5	0.07	-0.98	-0.91	-0.06683	0.11957	-0.77881	0.61133
309	IMU3	POSITION_3_EXTRA	0x35	141.5	-960.4	-257.2	1.40	-1.89	-0.91	-0.01939	0.14331	-0.77979	0.60889
309	IMU4	POSITION_4_EXTRA	0x36	160.1	-986.2	113.7	0.77	-0.63	-0.49	0.19299	-0.06549	-0.66064	0.72217
317	IMU0	POSITION_0_EXTRA	0x32	-937.0	147.4	277.7	-1.19	3.36	-0.49	0.78320	-0.02570	0.60107	0.16040
317	IMU1	PARENT_BOTTOM_FIXED	0x33	-54.7	-915.0	420.2	0.42	-0.84	-0.07	0.18420	-0.08533	0.53467	-0.82031
317	IMU2	CHILD_TOP_MOVING	0x34	41.0	-978.4	-242.0	0.28	-1.05	-0.91	-0.06689	0.11963	-0.77881	0.61133
317	IMU3	POSITION_3_EXTRA	0x35	141.5	-960.4	-257.7	1.40	-2.03	-0.91	-0.01945	0.14343	-0.77979	0.60938
317	IMU4	POSITION_4_EXTRA	0x36	161.5	-985.8	113.7	0.77	-0.63	-0.42	0.19299	-0.06543	-0.66064	0.72217
325	IMU0	POSITION_0_EXTRA	0x32	-936.5	147.9	276.2	-1.47	3.36	-0.49	0.78320	-0.02585	0.60107	0.16040
325	IMU1	PARENT_BOTTOM_FIXED	0x33	-55.1	-914.5	419.7	0.42	-0.77	0.00	0.18420	-0.08539	0.53467	-0.82031
325	IMU2	CHILD_TOP_MOVING	0x34	41.5	-978.0	-242.5	0.42	-1.12	-0.84	-0.06689	0.11975	-0.77881	0.61133
325	IMU3	POSITION_3_EXTRA	0x35	142.5	-960.9	-259.1	1.33	-1.96	-0.91	-0.01952	0.14355	-0.77979	0.60938
325	IMU4	POSITION_4_EXTRA	0x36	162.0	-985.8	115.2	0.84	-0.63	-0.35	0.19299	-0.06537	-0.66064	0.72217
334	IMU0	POSITION_0_EXTRA	0x32	-937.4	147.4	273.8	-1.54	3.22	-0.56	0.78320	-0.02602	0.60107	0.16040
334	IMU1	PARENT_BOTTOM_FIXED	0x33	-55.6	-914.0	419.7	0.42	-0.63	-0.07	0.18433	-0.08539	0.53467	-0.82031
334	IMU2	CHILD_TOP_MOVING	0x34	42.9	-978.0	-243.5	0.63	-1.12	-0.84	-0.06696	0.11981	-0.77881	0.61133
334	IMU3	POSITION_3_EXTRA	0x35	143.0	-959.4	-259.1	1.33	-1.75	-0.77	-0.01958	0.14368	-0.77979	0.60938
334	IMU4	POSITION_4_EXTRA	0x36	161.5	-984.3	115.7	0.91	-0.70	-0.42	0.19287	-0.06537	-0.66064	0.72217
342	IMU0	POSITION_0_EXTRA	0x32	-938.4	147.4	276.7	-1.61	2.87	-0.49	0.78271	-0.02617	0.60156	0.16040
342	IMU1	PARENT_BOTTOM_FIXED	0x33	-56.6	-914.0	419.7	0.35	-0.49	-0.07	0.18433	-0.08539	0.53467	-0.82031
342	IMU2	CHILD_TOP_MOVING	0x34	42.9	-978.0	-241.6	0.77	-0.77	-0.70	-0.06702	0.11987	-0.77881	0.61182
342	IMU3	POSITION_3_EXTRA	0x35	143.5	-958.9	-259.1	1.12	-1.47	-0.70	-0.01961	0.14380	-0.77979	0.60938
342	IMU4	POSITION_4_EXTRA	0x36	162.0	-984.3	117.1	0.91	-0.63	-0.35	0.19287	-0.06531	-0.66064	0.72217
350	IMU0	POSITION_0_EXTRA	0x32	-937.4	147.9	276.2	-1.54	2.59	-0.56	0.78271	-0.02632	0.60156	0.16052
350	IMU1	PARENT_BOTTOM_FIXED	0x33	-57.6	-913.0	421.1	0.35	-0.42	-0.14	0.18433	-0.08539	0.53467	-0.82080
350	IMU2	CHILD_TOP_MOVING	0x34	42.9	-977.0	-242.0	1.05	-0.42	-0.70	-0.06702	0.11987	-0.77881	0.61182
350	IMU3	POSITION_3_EXTRA	0x35	143.5	-957.9	-258.6	1.05	-1.26	-0.63	-0.01964	0.14392	-0.77979	0.60938
350	IMU4	POSITION_4_EXTRA	0x36	162.0	-983.3	117.1	0.91	-0.63	-0.35	0.19287	-0.06525	-0.66064	0.72217
359	IMU0	POSITION_0_EXTRA	0x32	-939.4	148.8	277.2	-1.40	2.45	-0.63	0.78271	-0.02646	0.60156	0.16052
359	IMU1	PARENT_BOTTOM_FIXED	0x33	-59.0	-913.0	421.1	0.28	-0.42	-0.21	0.18433	-0.08539	0.53467	-0.82080
359	IMU2	CHILD_TOP_MOVING	0x34	43.4	-976.0	-241.1	1.12	0.00	-0.56	-0.06702	0.11993	-0.77881	0.61182
359	IMU3	POSITION_3_EXTRA	0x35	143.5	-957.5	-260.1	0.98	-0.98	-0.49	-0.01965	0.14392	-0.77930	0.60938
359	IMU4	POSITION_4_EXTRA	0x36	162.0	-983.8	116.1	0.84	-0.49	-0.35	0.19287	-0.06525	-0.66064	0.72217
367	IMU0	POSITION_0_EXTRA	0x32	-939.4	147.9	276.7	-1.19	2.31	-0.56	0.78271	-0.02658	0.60156	0.16052
367	IMU1	PARENT_BOTTOM_FIXED	0x33	-57.6	-913.0	421.6	0.28	-0.35	-0.28	0.18433	-0.08539	0.53418	-0.82080
367	IMU2	CHILD_TOP_MOVING	0x34	42.9	-976.0	-241.6	0.91	0.28	-0.63	-0.06696	0.11993	-0.77881	0.61182
367	IMU3	POSITION_3_EXTRA	0x35	143.0	-959.4	-260.6	1.19	-0.77	-0.42	-0.01965	0.14392	-0.77930	0.60938
367	IMU4	POSITION_4_EXTRA	0x36	162.0	-984.8	116.1	0.77	-0.49	-0.35	0.19287	-0.06519	-0.66064	0.72217
375	IMU0	POSITION_0_EXTRA	0x32	-938.9	147.9	275.2	-1.12	2.03	-0.56	0.78271	-0.02670	0.60156	0.16052
375	IMU1	PARENT_BOTTOM_FIXED	0x33	-57.1	-913.5	421.6	0.21	-0.35	-0.35	0.18433	-0.08539	0.53418	-0.82080
375	IMU2	CHILD_TOP_MOVING	0x34	42.0	-977.0	-242.5	0.77	0.35	-0.56	-0.06696	0.11993	-0.77881	0.61182
375	IMU3	POSITION_3_EXTRA	0x35	142.5	-959.4	-259.1	1.33	-0.63	-0.42	-0.01967	0.14404	-0.77930	0.60938
375	IMU4	POSITION_4_EXTRA	0x36	162.5	-985.3	116.1	0.98	-0.42	-0.35	0.19299	-0.06519	-0.66064	0.72217
384	IMU0	POSITION_0_EXTRA	0x32	-939.4	147.4	275.2	-1.12	2.03	-0.63	0.78271	-0.02682	0.60205	0.16052
384	IMU1	PARENT_BOTTOM_FIXED	0x33	-55.6	-915.0	421.1	0.35	-0.35	-0.42	0.18433	-0.08545	0.53418	-0.82080
384	IMU2	CHILD_TOP_MOVING	0x34	41.5	-977.0	-242.5	0.70	0.42	-0.56	-0.06689	0.11993	-0.77832	0.61182
384	IMU3	POSITION_3_EXTRA	0x35	142.0	-959.9	-260.1	1.54	-0.70	-0.56	-0.01968	0.14404	-0.77930	0.60938
384	IMU4	POSITION_4_EXTRA	0x36	161.5	-984.3	116.1	0.91	-0.28	-0.35	0.19299	-0.06519	-0.66064	0.72217
392	IMU0	POSITION_0_EXTRA	0x32	-939.4	147.9	275.2	-1.05	1.96	-0.63	0.78223	-0.02695	0.60205	0.16052
392	IMU1	PARENT_BOTTOM_FIXED	0x33	-55.1	-915.0	421.6	0.28	-0.28	-0.42	0.18433	-0.08545	0.53418	-0.82080
392	IMU2	CHILD_TOP_MOVING	0x34	40.5	-978.0	-242.0	0.77	0.07	-0.56	-0.06689	0.11993	-0.77832	0.61230
392	IMU3	POSITION_3_EXTRA	0x35	142.5	-960.4	-257.7	1.68	-0.84	-0.56	-0.01970	0.14404	-0.77930	0.60986
392	IMU4	POSITION_4_EXTRA	0x36	162.5	-984.8	115.7	0.84	-0.28	-0.21	0.19299	-0.06519	-0.66064	0.72217
400	IMU0	POSITION_0_EXTRA	0x32	-938.4	146.4	273.3	-0.98	2.03	-0.70	0.78223	-0.02707	0.60205	0.16052
400	IMU1	PARENT_BOTTOM_FIXED	0x33	-54.7	-915.0	419.7	0.21	-0.21	-0.42	0.18433	-0.08545	0.53418	-0.82080
400	IMU2	CHILD_TOP_MOVING	0x34	41.5	-977.5	-240.6	0.91	-0.14	-0.49	-0.06696	0.11993	-0.77832	0.61230
400	IMU3	POSITION_3_EXTRA	0x35	143.5	-959.9	-255.7	1.68	-1.05	-0.56	-0.01971	0.14417	-0.77930	0.60986
400	IMU4	POSITION_4_EXTRA	0x36	162.0	-984.3	117.1	0.77	-0.21	-0.14	0.19299	-0.06512	-0.66064	0.72217
409	IMU0	POSITION_0_EXTRA	0x32	-938.9	146.4	272.8	-0.98	1.89	-0.84	0.78223	-0.02719	0.60205	0.16052
409	IMU1	PARENT_BOTTOM_FIXED	0x33	-54.2	-915.5	419.7	0.21	-0.14	-0.42	0.18433	-0.08545	0.53418	-0.82080
409	IMU2	CHILD_TOP_MOVING	0x34	42.5	-978.0	-241.1	0.91	-0.35	-0.49	-0.06696	0.11993	-0.77832	0.61230
409	IMU3	POSITION_3_EXTRA	0x35	144.0	-960.9	-254.7	1.61	-1.26	-0.56	-0.01976	0.14429	-0.77930	0.60986
409	IMU4	POSITION_4_EXTRA	0x36	161.0	-983.3	118.1	0.84	-0.21	-0.14	0.19299	-0.06512	-0.66064	0.72217
417	IMU0	POSITION_0_EXTRA	0x32	-939.4	145.9	272.3	-1.05	1.75	-0.84	0.78223	-0.02733	0.60205	0.16052
417	IMU1	PARENT_BOTTOM_FIXED	0x33	-54.2	-914.5	419.2	0.14	0.00	-0.42	0.18433	-0.08545	0.53418	-0.82080
417	IMU2	CHILD_TOP_MOVING	0x34	43.4	-978.0	-239.1	1.12	-0.21	-0.49	-0.06696	0.12000	-0.77832	0.61230
417	IMU3	POSITION_3_EXTRA	0x35	143.5	-958.9	-252.8	1.54	-1.54	-0.49	-0.01981	0.14429	-0.77881	0.60986
417	IMU4	POSITION_4_EXTRA	0x36	160.6	-983.3	117.6	1.05	-0.21	-0.14	0.19299	-0.06512	-0.66064	0.72217
425	IMU0	POSITION_0_EXTRA	0x32	-938.9	145.4	271.8	-0.91	1.75	-0.91	0.78223	-0.02745	0.60254	0.16040
425	IMU1	PARENT_BOTTOM_FIXED	0x33	-54.2	-915.0	420.2	0.00	0.00	-0.42	0.18433	-0.08551	0.53418	-0.82080
425	IMU2	CHILD_TOP_MOVING	0x34	42.5	-976.0	-236.7	1.54	0.14	-0.49	-0.06696	0.12000	-0.77832	0.61230
425	IMU3	POSITION_3_EXTRA	0x35	142.5	-957.5	-254.2	1.33	-1.61	-0.49	-0.01987	0.14441	-0.77881	0.60986
425	IMU4	POSITION_4_EXTRA	0x36	160.1	-982.8	117.6	1.12	-0.28	-0.07	0.19299	-0.06512	-0.66064	0.72217
434	IMU0	POSITION_0_EXTRA	0x32	-939.4	145.9	271.8	-0.84	1.75	-0.91	0.78223	-0.02757	0.60254	0.16040
434	IMU1	PARENT_BOTTOM_FIXED	0x33	-54.7	-915.0	418.7	0.00	0.07	-0.49	0.18420	-0.08551	0.53418	-0.82080
434	IMU2	CHILD_TOP_MOVING	0x34	42.5	-975.5	-236.7	1.61	0.49	-0.49	-0.06696	0.11993	-0.77832	0.61230
434	IMU3	POSITION_3_EXTRA	0x35	143.5	-957.5	-253.8	1.19	-1.61	-0.49	-0.01993	0.14453	-0.77881	0.60986
434	IMU4	POSITION_4_EXTRA	0x36	160.6	-982.3	118.6	1.05	-0.21	0.00	0.19299	-0.06512	-0.66064	0.72217
442	IMU0	POSITION_0_EXTRA	0x32	-939.9	144.9	270.4	-0.70	1.68	-0.91	0.78223	-0.02768	0.60254	0.16040
442	IMU1	PARENT_BOTTOM_FIXED	0x33	-55.6	-915.0	418.2	0.07	0.14	-0.56	0.18420	-0.08551	0.53418	-0.82080
442	IMU2	CHILD_TOP_MOVING	0x34	42.5	-975.0	-237.7	1.26	0.70	-0.42	-0.06689	0.11993	-0.77783	0.61279
442	IMU3	POSITION_3_EXTRA	0x35	143.0	-957.5	-254.7	1.12	-1.47	-0.49	-0.01997	0.14453	-0.77881	0.61035
442	IMU4	POSITION_4_EXTRA	0x36	161.0	-982.3	118.6	0.91	-0.21	0.00	0.19299	-0.06519	-0.66016	0.72217
450	IMU0	POSITION_0_EXTRA	0x32	-939.9	144.4	269.9	-0.63	1.33	-0.84	0.78174	-0.02779	0.60254	0.16040
450	IMU1	PARENT_BOTTOM_FIXED	0x33	-55.1	-914.5	418.7	0.00	0.21	-0.56	0.18420	-0.08551	0.53418	-0.82080
450	IMU2	CHILD_TOP_MOVING	0x34	42.5	-974.5	-238.6	0.91	0.49	-0.42	-0.06689	0.11987	-0.77783	0.61279
450	IMU3	POSITION_3_EXTRA	0x35	143.0	-958.4	-255.2	1.26	-1.40	-0.49	-0.02002	0.14465	-0.77881	0.61035
450	IMU4	POSITION_4_EXTRA	0x36	161.0	-983.3	118.6	0.70	0.00	0.07	0.19299	-0.06519	-0.66016	0.72266
459	IMU0	POSITION_0_EXTRA	0x32	-939.4	143.5	270.8	-0.49	1.19	-0.84	0.78174	-0.02789	0.60254	0.16028
459	IMU1	PARENT_BOTTOM_FIXED	0x33	-55.1	-914.5	419.7	0.00	0.21	-0.63	0.18408	-0.08551	0.53418	-0.82080
459	IMU2	CHILD_TOP_MOVING	0x34	42.0	-976.5	-240.6	0.35	0.28	-0.42	-0.06689	0.11987	-0.77783	0.61279
459	IMU3	POSITION_3_EXTRA	0x35	143.5	-959.9	-256.7	1.54	-1.47	-0.56	-0.02007	0.14465	-0.77881	0.61035
459	IMU4	POSITION_4_EXTRA	0x36	161.5	-983.3	119.1	0.49	0.07	0.07	0.19299	-0.06519	-0.66016	0.72266
467	IMU0	POSITION_0_EXTRA	0x32	-939.4	144.0	270.4	-0.35	1.05	-0.91	0.78174	-0.02798	0.60254	0.16028
467	IMU1	PARENT_BOTTOM_FIXED	0x33	-55.1	-914.0	420.2	0.00	0.28	-0.70	0.18408	-0.08545	0.53418	-0.82080
467	IMU2	CHILD_TOP_MOVING	0x34	41.5	-977.0	-242.0	0.07	0.14	-0.35	-0.06683	0.11987	-0.77783	0.61279
467	IMU3	POSITION_3_EXTRA	0x35	144.0	-960.4	-255.7	1.89	-1.54	-0.70	-0.02011	0.14478	-0.77881	0.61035
467	IMU4	POSITION_4_EXTRA	0x36	161.5	-983.3	119.6	0.49	0.21	0.07	0.19299	-0.06525	-0.66016	0.72266
475	IMU0	POSITION_0_EXTRA	0x32	-939.9	143.5	270.4	-0.14	0.84	-0.84	0.78174	-0.02805	0.60254	0.16016
475	IMU1	PARENT_BOTTOM_FIXED	0x33	-54.7	-915.0	420.2	0.00	0.28	-0.70	0.18408	-0.08545	0.53418	-0.82080
475	IMU2	CHILD_TOP_MOVING	0x34	42.9	-977.0	-241.6	-0.14	0.00	-0.35	-0.06683	0.11987	-0.77783	0.61279
475	IMU3	POSITION_3_EXTRA	0x35	144.9	-960.4	-255.2	2.03	-1.68	-0.70	-0.02017	0.14490	-0.77832	0.61035
475	IMU4	POSITION_4_EXTRA	0x36	162.5	-983.3	119.6	0.28	0.35	0.07	0.19299	-0.06531	-0.66016	0.72266
484	IMU0	POSITION_0_EXTRA	0x32	-940.4	144.0	269.4	0.00	0.56	-0.84	0.78174	-0.02811	0.60303	0.16016
484	IMU1	PARENT_BOTTOM_FIXED	0x33	-54.7	-914.5	421.1	0.00	0.35	-0.77	0.18396	-0.08545	0.53369	-0.82080
484	IMU2	CHILD_TOP_MOVING	0x34	43.4	-977.0	-243.0	-0.21	0.00	-0.28	-0.06683	0.11987	-0.77783	0.61279
484	IMU3	POSITION_3_EXTRA	0x35	144.9	-960.4	-255.7	2.03	-1.89	-0.63	-0.02023	0.14502	-0.77832	0.61035
484	IMU4	POSITION_4_EXTRA	0x36	161.5	-984.3	120.0	0.28	0.49	0.07	0.19299	-0.06531	-0.66016	0.72266
492	IMU0	POSITION_0_EXTRA	0x32	-940.4	143.5	269.9	0.14	0.35	-0.84	0.78174	-0.02817	0.60303	0.16003
492	IMU1	PARENT_BOTTOM_FIXED	0x33	-53.7	-914.5	422.6	0.00	0.35	-0.77	0.18396	-0.08545	0.53369	-0.82129
492	IMU2	CHILD_TOP_MOVING	0x34	43.4	-977.5	-242.0	-0.35	0.07	-0.35	-0.06683	0.11993	-0.77783	0.61279
492	IMU3	POSITION_3_EXTRA	0x35	144.9	-959.4	-256.7	1.68	-1.82	-0.49	-0.02031	0.14514	-0.77832	0.61084
492	IMU4	POSITION_4_EXTRA	0x36	161.5	-984.8	119.1	0.35	0.42	0.07	0.19299	-0.06537	-0.66016	0.72266
500	IMU0	POSITION_0_EXTRA	0x32	-940.9	143.5	270.4	0.42	0.28	-0.84	0.78174	-0.02820	0.60303	0.16003
500	IMU1	PARENT_BOTTOM_FIXED	0x33	-53.2	-914.5	423.1	0.07	0.42	-0.84	0.18384	-0.08545	0.53369	-0.82129
500	IMU2	CHILD_TOP_MOVING	0x34	43.9	-978.4	-242.5	-0.28	0.21	-0.35	-0.06683	0.11993	-0.77783	0.61279
500	IMU3	POSITION_3_EXTRA	0x35	145.9	-959.4	-254.7	1.33	-1.54	-0.28	-0.02036	0.14514	-0.77832	0.61084
500	IMU4	POSITION_4_EXTRA	0x36	162.5	-983.8	117.6	0.35	0.42	0.00	0.19312	-0.06543	-0.66016	0.72266
509	IMU0	POSITION_0_EXTRA	0x32	-940.9	145.4	269.4	0.84	0.21	-0.91	0.78174	-0.02820	0.60303	0.15991
509	IMU1	PARENT_BOTTOM_FIXED	0x33	-53.7	-914.5	422.1	0.00	0.56	-0.84	0.18384	-0.08545	0.53369	-0.82129
509	IMU2	CHILD_TOP_MOVING	0x34	44.4	-978.0	-241.1	-0.07	0.21	-0.21	-0.06677	0.11993	-0.77783	0.61279
509	IMU3	POSITION_3_EXTRA	0x35	145.9	-959.4	-254.7	0.84	-1.26	-0.07	-0.02040	0.14526	-0.77832	0.61084
509	IMU4	POSITION_4_EXTRA	0x36	161.5	-983.8	117.6	0.21	0.70	0.00	0.19312	-0.06549	-0.66016	0.72266
517	IMU0	POSITION_0_EXTRA	0x32	-941.8	145.9	268.9	0.98	-0.14	-0.77	0.78174	-0.02818	0.60303	0.15979
517	IMU1	PARENT_BOTTOM_FIXED	0x33	-53.7	-915.0	424.6	-0.07	0.56	-0.84	0.18372	-0.08545	0.53369	-0.82129
517	IMU2	CHILD_TOP_MOVING	0x34	44.9	-978.0	-240.1	0.07	0.14	-0.21	-0.06677	0.11987	-0.77783	0.61279
517	IMU3	POSITION_3_EXTRA	0x35	145.9	-958.4	-255.7	0.28	-0.98	0.14	-0.02043	0.14526	-0.77832	0.61084
517	IMU4	POSITION_4_EXTRA	0x36	161.5	-984.3	117.6	0.07	0.77	0.00	0.19312	-0.06555	-0.66016	0.72217
525	IMU0	POSITION_0_EXTRA	0x32	-941.4	144.9	267.4	0.91	-0.49	-0.77	0.78174	-0.02817	0.60303	0.15967
525	IMU1	PARENT_BOTTOM_FIXED	0x33	-53.2	-914.0	423.6	-0.07	0.56	-0.84	0.18372	-0.08545	0.53369	-0.82129
525	IMU2	CHILD_TOP_MOVING	0x34	43.9	-978.4	-240.6	0.14	-0.07	-0.21	-0.06677	0.11993	-0.77783	0.61279
525	IMU3	POSITION_3_EXTRA	0x35	146.9	-959.4	-254.7	-0.07	-0.63	0.28	-0.02043	0.14526	-0.77832	0.61084
525	IMU4	POSITION_4_EXTRA	0x36	162.0	-983.3	117.6	0.14	0.91	0.00	0.19324	-0.06561	-0.66016	0.72217
534	IMU0	POSITION_0_EXTRA	0x32	-939.4	144.9	268.9	0.63	0.21	-0.98	0.78174	-0.02818	0.60303	0.15967
534	IMU1	PARENT_BOTTOM_FIXED	0x33	-53.2	-914.5	422.6	-0.21	0.70	-0.84	0.18359	-0.08539	0.53369	-0.82129
534	IMU2	CHILD_TOP_MOVING	0x34	44.4	-978.0	-239.6	0.21	-0.21	-0.28	-0.06677	0.11993	-0.77783	0.61279
534	IMU3	POSITION_3_EXTRA	0x35	145.4	-959.9	-254.7	-0.28	-0.35	0.42	-0.02043	0.14526	-0.77832	0.61084
534	IMU4	POSITION_4_EXTRA	0x36	162.5	-983.3	117.6	0.28	0.91	-0.07	0.19324	-0.06567	-0.66016	0.72217
542	IMU0	POSITION_0_EXTRA	0x32	-939.9	144.0	272.3	0.56	0.77	-1.26	0.78174	-0.02823	0.60303	0.15955
542	IMU1	PARENT_BOTTOM_FIXED	0x33	-52.7	-914.5	423.1	-0.21	0.77	-0.91	0.18347	-0.08539	0.53369	-0.82129
542	IMU2	CHILD_TOP_MOVING	0x34	45.4	-977.5	-237.2	0.28	-0.28	-0.28	-0.06677	0.11993	-0.77783	0.61279
542	IMU3	POSITION_3_EXTRA	0x35	146.9	-959.9	-255.2	-0.21	-0.21	0.35	-0.02042	0.14526	-0.77832	0.61084
542	IMU4	POSITION_4_EXTRA	0x36	163.0	-984.8	118.1	0.28	1.05	-0.14	0.19336	-0.06573	-0.66016	0.72217
550	IMU0	POSITION_0_EXTRA	0x32	-940.9	142.5	261.6	0.14	0.91	-1.33	0.78174	-0.02831	0.60303	0.15942
550	IMU1	PARENT_BOTTOM_FIXED	0x33	-52.2	-914.5	423.6	-0.21	0.84	-0.91	0.18347	-0.08539	0.53369	-0.82129
550	IMU2	CHILD_TOP_MOVING	0x34	45.4	-977.5	-236.7	0.35	-0.49	-0.28	-0.06683	0.12000	-0.77783	0.61279
550	IMU3	POSITION_3_EXTRA	0x35	147.9	-961.8	-255.2	0.14	-0.21	0.21	-0.02040	0.14526	-0.77832	0.61084
550	IMU4	POSITION_4_EXTRA	0x36	162.0	-987.2	116.6	0.35	1.26	-0.21	0.19336	-0.06580	-0.66016	0.72217
559	IMU0	POSITION_0_EXTRA	0x32	-944.3	141.5	263.0	0.07	-0.98	-1.05	0.78174	-0.02837	0.60303	0.15930
559	IMU1	PARENT_BOTTOM_FIXED	0x33	-51.7	-914.0	424.1	-0.21	0.91	-0.98	0.18335	-0.08539	0.53369	-0.82129
559	IMU2	CHILD_TOP_MOVING	0x34	47.3	-980.9	-236.7	0.21	-0.49	-0.21	-0.06683	0.12000	-0.77783	0.61279
559	IMU3	POSITION_3_EXTRA	0x35	147.9	-963.3	-254.7	0.42	-0.28	0.14	-0.02039	0.14526	-0.77832	0.61084
559	IMU4	POSITION_4_EXTRA	0x36	162.5	-989.7	117.1	0.49	1.26	-0.28	0.19348	-0.06586	-0.66016	0.72217
567	IMU0	POSITION_0_EXTRA	0x32	-938.4	146.9	280.6	0.28	-1.19	-1.05	0.78174	-0.02837	0.60303	0.15930
567	IMU1	PARENT_BOTTOM_FIXED	0x33	-52.2	-913.5	423.1	-0.21	1.05	-0.98	0.18323	-0.08533	0.53369	-0.82129
567	IMU2	CHILD_TOP_MOVING	0x34	45.9	-981.4	-236.7	0.00	-0.21	-0.21	-0.06683	0.12000	-0.77783	0.61328
567	IMU3	POSITION_3_EXTRA	0x35	145.9	-963.3	-254.2	0.49	-0.35	0.14	-0.02039	0.14526	-0.77832	0.61084
567	IMU4	POSITION_4_EXTRA	0x36	161.5	-987.7	118.6	0.63	1.12	-0.28	0.19348	-0.06592	-0.66016	0.72217
575	IMU0	POSITION_0_EXTRA	0x32	-938.4	151.8	295.2	1.54	1.05	-1.68	0.78174	-0.02834	0.60303	0.15918
575	IMU1	PARENT_BOTTOM_FIXED	0x33	-52.2	-913.0	423.6	-0.35	1.19	-0.98	0.18311	-0.08533	0.53369	-0.82129
575	IMU2	CHILD_TOP_MOVING	0x34	44.9	-981.4	-238.6	0.07	0.42	-0.07	-0.06683	0.12000	-0.77783	0.61328
575	IMU3	POSITION_3_EXTRA	0x35	144.0	-961.8	-253.3	0.56	-0.49	0.07	-0.02040	0.14526	-0.77832	0.61084
575	IMU4	POSITION_4_EXTRA	0x36	159.6	-983.8	119.6	0.70	1.26	-0.21	0.19360	-0.06604	-0.66016	0.72217
584	IMU0	POSITION_0_EXTRA	0x32	-943.3	150.3	282.6	2.10	1.75	-1.61	0.78174	-0.02827	0.60303	0.15894
584	IMU1	PARENT_BOTTOM_FIXED	0x33	-52.7	-913.5	423.1	-0.28	1.26	-0.98	0.18298	-0.08527	0.53369	-0.82129
584	IMU2	CHILD_TOP_MOVING	0x34	43.4	-978.9	-237.2	0.21	1.19	-0.14	-0.06677	0.11993	-0.77783	0.61328
584	IMU3	POSITION_3_EXTRA	0x35	142.0	-960.9	-253.3	0.63	-0.56	0.00	-0.02042	0.14526	-0.77832	0.61084
584	IMU4	POSITION_4_EXTRA	0x36	159.1	-984.3	119.1	0.70	1.54	-0.21	0.19373	-0.06610	-0.66016	0.72217
592	IMU0	POSITION_0_EXTRA	0x32	-946.2	144.4	269.4	2.10	-0.21	-0.84	0.78174	-0.02820	0.60303	0.15881
592	IMU1	PARENT_BOTTOM_FIXED	0x33	-53.2	-913.5	421.6	-0.14	1.33	-0.98	0.18286	-0.08521	0.53369	-0.82129
592	IMU2	CHILD_TOP_MOVING	0x34	42.5	-977.5	-237.7	0.21	1.82	-0.14	-0.06665	0.11981	-0.77783	0.61328
592	IMU3	POSITION_3_EXTRA	0x35	143.0	-959.9	-256.2	0.70	-0.56	0.00	-0.02045	0.14526	-0.77832	0.61084
592	IMU4	POSITION_4_EXTRA	0x36	160.6	-984.8	117.6	0.56	1.68	-0.14	0.19373	-0.06622	-0.66016	0.72217
600	IMU0	POSITION_0_EXTRA	0x32	-939.4	144.0	264.0	2.45	-0.91	-0.63	0.78174	-0.02809	0.60303	0.15869
600	IMU1	PARENT_BOTTOM_FIXED	0x33	-54.2	-911.1	422.6	-0.35	1.40	-1.05	0.18274	-0.08514	0.53369	-0.82178
600	IMU2	CHILD_TOP_MOVING	0x34	43.4	-978.4	-237.2	0.07	2.17	-0.14	-0.06659	0.11975	-0.77783	0.61328
600	IMU3	POSITION_3_EXTRA	0x35	145.4	-959.4	-257.7	0.77	-0.49	-0.07	-0.02043	0.14526	-0.77832	0.61084
600	IMU4	POSITION_4_EXTRA	0x36	163.5	-985.3	114.7	0.70	1.61	-0.21	0.19385	-0.06628	-0.66016	0.72217
609	IMU0	POSITION_0_EXTRA	0x32	-940.9	145.9	259.1	2.45	-0.42	-0.91	0.78174	-0.02798	0.60303	0.15857
609	IMU1	PARENT_BOTTOM_FIXED	0x33	-55.1	-912.1	423.6	-0.21	1.47	-0.98	0.18274	-0.08508	0.53369	-0.82178
609	IMU2	CHILD_TOP_MOVING	0x34	44.9	-978.9	-236.7	0.35	1.96	0.00	-0.06647	0.11963	-0.77783	0.61328
609	IMU3	POSITION_3_EXTRA	0x35	147.4	-959.9	-258.2	0.91	-0.49	0.00	-0.02043	0.14526	-0.77832	0.61084
609	IMU4	POSITION_4_EXTRA	0x36	164.5	-985.3	111.8	0.70	1.61	-0.28	0.19397	-0.06641	-0.66016	0.72217
617	IMU0	POSITION_0_EXTRA	0x32	-941.4	145.4	260.1	2.10	-1.19	-0.70	0.78223	-0.02788	0.60303	0.15845
617	IMU1	PARENT_BOTTOM_FIXED	0x33	-55.1	-913.0	422.6	-0.21	1.40	-1.05	0.18262	-0.08502	0.53369	-0.82178
617	IMU2	CHILD_TOP_MOVING	0x34	46.8	-979.9	-235.7	0.84	1.47	0.07	-0.06641	0.11957	-0.77734	0.61328
617	IMU3	POSITION_3_EXTRA	0x35	147.9	-960.9	-260.6	0.98	-0.49	0.07	-0.02043	0.14539	-0.77832	0.61084
617	IMU4	POSITION_4_EXTRA	0x36	164.5	-987.7	113.2	0.35	1.75	-0.35	0.19409	-0.06647	-0.66016	0.72217
625	IMU0	POSITION_0_EXTRA	0x32	-938.4	147.4	261.1	1.96	-0.77	-1.05	0.78223	-0.02780	0.60303	0.15820
625	IMU1	PARENT_BOTTOM_FIXED	0x33	-55.6	-913.0	422.1	-0.21	1.40	-1.05	0.18250	-0.08496	0.53369	-0.82178
625	IMU2	CHILD_TOP_MOVING	0x34	47.3	-979.9	-238.6	1.19	0.77	0.07	-0.06635	0.11951	-0.77734	0.61328
625	IMU3	POSITION_3_EXTRA	0x35	147.9	-960.9	-262.1	1.12	-0.21	0.00	-0.02040	0.14539	-0.77783	0.61084
625	IMU4	POSITION_4_EXTRA	0x36	164.9	-987.7	115.2	0.14	1.89	-0.42	0.19421	-0.06659	-0.66016	0.72217
634	IMU0	POSITION_0_EXTRA	0x32	-940.4	147.9	266.0	1.68	0.00	-1.40	0.78223	-0.02776	0.60303	0.15808
634	IMU1	PARENT_BOTTOM_FIXED	0x33	-55.6	-913.5	422.6	-0.21	1.40	-0.98	0.18237	-0.08490	0.53369	-0.82178
634	IMU2	CHILD_TOP_MOVING	0x34	46.8	-979.4	-241.6	1.19	0.21	0.00	-0.06635	0.11951	-0.77734	0.61377
634	IMU3	POSITION_3_EXTRA	0x35	147.4	-959.9	-261.6	1.26	0.21	0.00	-0.02037	0.14539	-0.77783	0.61084
634	IMU4	POSITION_4_EXTRA	0x36	163.0	-986.2	115.7	0.00	2.10	-0.56	0.19434	-0.06665	-0.66016	0.72217
642	IMU0	POSITION_0_EXTRA	0x32	-937.9	149.3	274.7	1.54	-0.14	-1.40	0.78223	-0.02769	0.60303	0.15796
642	IMU1	PARENT_BOTTOM_FIXED	0x33	-55.6	-914.5	422.6	-0.28	1.47	-1.05	0.18225	-0.08484	0.53369	-0.82178
642	IMU2	CHILD_TOP_MOVING	0x34	45.4	-978.4	-244.0	1.05	0.07	0.07	-0.06635	0.11951	-0.77734	0.61377
642	IMU3	POSITION_3_EXTRA	0x35	145.4	-960.9	-258.2	1.68	0.98	0.00	-0.02029	0.14526	-0.77783	0.61084
642	IMU4	POSITION_4_EXTRA	0x36	163.0	-985.8	116.1	0.14	2.10	-0.56	0.19446	-0.06677	-0.66016	0.72217
650	IMU0	POSITION_0_EXTRA	0x32	-936.5	150.8	281.1	1.26	0.28	-1.54	0.78223	-0.02766	0.60303	0.15784
650	IMU1	PARENT_BOTTOM_FIXED	0x33	-55.6	-915.0	424.1	-0.35	1.54	-0.91	0.18213	-0.08472	0.53369	-0.82178
650	IMU2	CHILD_TOP_MOVING	0x34	44.4	-978.4	-244.0	0.77	0.35	0.07	-0.06635	0.11945	-0.77734	0.61377
650	IMU3	POSITION_3_EXTRA	0x35	145.4	-962.8	-255.2	2.24	1.68	0.00	-0.02019	0.14514	-0.77783	0.61133
650	IMU4	POSITION_4_EXTRA	0x36	163.0	-984.8	118.1	0.35	2.10	-0.56	0.19458	-0.06689	-0.66016	0.72217
659	IMU0	POSITION_0_EXTRA	0x32	-938.4	148.4	277.2	0.77	1.19	-1.68	0.78223	-0.02769	0.60303	0.15771
659	IMU1	PARENT_BOTTOM_FIXED	0x33	-55.6	-915.5	424.6	-0.35	1.61	-0.91	0.18201	-0.08466	0.53369	-0.82178
659	IMU2	CHILD_TOP_MOVING	0x34	43.9	-979.4	-243.0	0.49	1.05	0.14	-0.06628	0.11938	-0.77734	0.61377
659	IMU3	POSITION_3_EXTRA	0x35	144.9	-961.4	-251.8	2.24	1.89	0.14	-0.02008	0.14514	-0.77783	0.61133
659	IMU4	POSITION_4_EXTRA	0x36	161.5	-986.2	119.6	0.84	2.03	-0.56	0.19482	-0.06696	-0.66016	0.72217
667	IMU0	POSITION_0_EXTRA	0x32	-940.9	144.9	268.9	0.42	1.40	-1.68	0.78223	-0.02776	0.60303	0.15759
667	IMU1	PARENT_BOTTOM_FIXED	0x33	-55.1	-916.0	424.1	-0.35	1.54	-0.91	0.18201	-0.08459	0.53369	-0.82178
667	IMU2	CHILD_TOP_MOVING	0x34	42.5	-979.9	-239.6	0.35	1.75	0.42	-0.06622	0.11926	-0.77734	0.61377
667	IMU3	POSITION_3_EXTRA	0x35	144.4	-961.8	-250.8	1.68	1.68	0.35	-0.02000	0.14502	-0.77783	0.61133
667	IMU4	POSITION_4_EXTRA	0x36	159.6	-985.3	118.1	1.26	1.89	-0.49	0.19482	-0.06708	-0.65967	0.72217
675	IMU0	POSITION_0_EXTRA	0x32	-941.8	144.4	266.4	0.14	1.12	-1.54	0.78223	-0.02783	0.60303	0.15759
675	IMU1	PARENT_BOTTOM_FIXED	0x33	-54.2	-916.5	423.6	-0.14	1.47	-0.91	0.18188	-0.08453	0.53369	-0.82178
675	IMU2	CHILD_TOP_MOVING	0x34	42.5	-979.9	-236.7	0.56	2.38	0.35	-0.06616	0.11914	-0.77734	0.61377
675	IMU3	POSITION_3_EXTRA	0x35	143.0	-961.4	-249.9	0.77	1.54	0.56	-0.01993	0.14490	-0.77783	0.61182
675	IMU4	POSITION_4_EXTRA	0x36	158.6	-985.8	117.1	1.33	1.82	-0.42	0.19495	-0.06714	-0.65967	0.72217
684	IMU0	POSITION_0_EXTRA	0x32	-941.8	146.4	272.3	0.35	1.05	-1.61	0.78174	-0.02788	0.60352	0.15747
684	IMU1	PARENT_BOTTOM_FIXED	0x33	-53.2	-915.5	422.6	-0.07	1.40	-0.91	0.18176	-0.08447	0.53369	-0.82178
684	IMU2	CHILD_TOP_MOVING	0x34	41.0	-980.4	-236.2	0.91	2.31	0.42	-0.06604	0.11896	-0.77734	0.61377
684	IMU3	POSITION_3_EXTRA	0x35	142.5	-960.9	-249.9	-0.07	1.40	0.84	-0.01987	0.14478	-0.77783	0.61182
684	IMU4	POSITION_4_EXTRA	0x36	159.1	-985.3	117.1	1.19	1.96	-0.35	0.19507	-0.06726	-0.65967	0.72217
692	IMU0	POSITION_0_EXTRA	0x32	-941.8	147.9	278.2	0.77	1.12	-1.61	0.78174	-0.02791	0.60352	0.15735
692	IMU1	PARENT_BOTTOM_FIXED	0x33	-53.7	-914.5	420.7	0.00	1.54	-0.91	0.18164	-0.08441	0.53369	-0.82178
692	IMU2	CHILD_TOP_MOVING	0x34	42.0	-979.4	-236.2	1.12	2.03	0.42	-0.06598	0.11884	-0.77734	0.61377
692	IMU3	POSITION_3_EXTRA	0x35	143.0	-960.9	-250.3	-0.28	1.05	0.91	-0.01984	0.14465	-0.77783	0.61182
692	IMU4	POSITION_4_EXTRA	0x36	157.6	-984.8	116.6	1.12	1.89	-0.35	0.19519	-0.06738	-0.65967	0.72217
700	IMU0	POSITION_0_EXTRA	0x32	-941.8	149.8	279.1	1.19	0.98	-1.47	0.78174	-0.02788	0.60352	0.15723
700	IMU1	PARENT_BOTTOM_FIXED	0x33	-52.7	-913.5	420.2	0.07	1.68	-0.98	0.18152	-0.08435	0.53369	-0.82178
700	IMU2	CHILD_TOP_MOVING	0x34	42.5	-978.0	-236.2	1.40	1.61	0.28	-0.06598	0.11871	-0.77734	0.61426
700	IMU3	POSITION_3_EXTRA	0x35	143.0	-960.4	-252.8	-0.07	0.63	0.63	-0.01981	0.14453	-0.77783	0.61182
700	IMU4	POSITION_4_EXTRA	0x36	158.6	-984.8	115.2	1.33	1.89	-0.35	0.19531	-0.06750	-0.65967	0.72217
709	IMU0	POSITION_0_EXTRA	0x32	-940.9	149.3	277.7	1.47	0.49	-1.12	0.78174	-0.02788	0.60352	0.15710
709	IMU1	PARENT_BOTTOM_FIXED	0x33	-54.7	-914.0	419.7	0.07	1.54	-0.98	0.18140	-0.08423	0.53369	-0.82178
709	IMU2	CHILD_TOP_MOVING	0x34	42.5	-978.4	-235.2	1.82	1.12	0.28	-0.06592	0.11859	-0.77686	0.61426
709	IMU3	POSITION_3_EXTRA	0x35	143.5	-960.9	-256.7	0.49	0.49	0.35	-0.01978	0.14441	-0.77783	0.61182
709	IMU4	POSITION_4_EXTRA	0x36	159.6	-985.8	114.2	1.19	1.89	-0.42	0.19543	-0.06757	-0.65967	0.72217
717	IMU0	POSITION_0_EXTRA	0x32	-939.9	147.9	273.8	1.61	0.35	-0.91	0.78223	-0.02783	0.60352	0.15710
717	IMU1	PARENT_BOTTOM_FIXED	0x33	-54.2	-914.5	419.2	0.21	1.54	-1.05	0.18127	-0.08417	0.53369	-0.82227
717	IMU2	CHILD_TOP_MOVING	0x34	42.9	-978.4	-234.7	2.03	0.77	0.28	-0.06592	0.11853	-0.77686	0.61426
717	IMU3	POSITION_3_EXTRA	0x35	142.5	-960.4	-257.7	1.05	0.63	0.14	-0.01973	0.14441	-0.77783	0.61182
717	IMU4	POSITION_4_EXTRA	0x36	158.1	-985.3	117.1	1.05	1.96	-0.49	0.19556	-0.06769	-0.65967	0.72217
725	IMU0	POSITION_0_EXTRA	0x32	-939.9	147.4	269.4	1.75	0.70	-0.91	0.78223	-0.02776	0.60352	0.15698
725	IMU1	PARENT_BOTTOM_FIXED	0x33	-54.7	-915.0	418.7	0.21	1.61	-0.98	0.18115	-0.08411	0.53369	-0.82227
725	IMU2	CHILD_TOP_MOVING	0x34	44.4	-978.0	-234.7	1.89	0.70	0.28	-0.06592	0.11847	-0.77686	0.61426
725	IMU3	POSITION_3_EXTRA	0x35	141.0	-960.4	-255.7	1.68	0.70	0.00	-0.01970	0.14441	-0.77783	0.61182
725	IMU4	POSITION_4_EXTRA	0x36	158.6	-984.3	118.1	0.84	1.96	-0.49	0.19568	-0.06781	-0.65967	0.72217
734	IMU0	POSITION_0_EXTRA	0x32	-940.4	147.4	267.4	1.96	1.12	-1.05	0.78223	-0.02768	0.60352	0.15686
734	IMU1	PARENT_BOTTOM_FIXED	0x33	-55.6	-914.5	420.2	0.07	1.54	-0.98	0.18103	-0.08405	0.53369	-0.82227
734	IMU2	CHILD_TOP_MOVING	0x34	42.9	-976.5	-235.7	1.61	0.98	0.28	-0.06592	0.11841	-0.77686	0.61475
734	IMU3	POSITION_3_EXTRA	0x35	140.5	-960.4	-255.2	2.17	0.70	-0.21	-0.01967	0.14429	-0.77734	0.61182
734	IMU4	POSITION_4_EXTRA	0x36	159.6	-982.8	119.1	0.84	1.82	-0.49	0.19580	-0.06787	-0.65918	0.72217
742	IMU0	POSITION_0_EXTRA	0x32	-941.8	147.9	267.4	1.82	1.19	-1.05	0.78174	-0.02762	0.60352	0.15674
742	IMU1	PARENT_BOTTOM_FIXED	0x33	-56.1	-914.0	420.7	-0.07	1.61	-0.91	0.18091	-0.08392	0.53369	-0.82227
742	IMU2	CHILD_TOP_MOVING	0x34	42.0	-976.0	-238.1	1.05	1.61	0.21	-0.06586	0.11829	-0.77686	0.61475
742	IMU3	POSITION_3_EXTRA	0x35	142.0	-957.9	-252.8	2.31	0.70	-0.35	-0.01962	0.14429	-0.77734	0.61182
742	IMU4	POSITION_4_EXTRA	0x36	160.6	-981.4	119.1	0.84	1.68	-0.35	0.19580	-0.06799	-0.65918	0.72217
750	IMU0	POSITION_0_EXTRA	0x32	-940.4	148.8	268.9	1.61	0.84	-0.91	0.78174	-0.02756	0.60352	0.15662
750	IMU1	PARENT_BOTTOM_FIXED	0x33	-56.6	-914.0	421.6	-0.21	1.54	-0.84	0.18091	-0.08386	0.53369	-0.82227
750	IMU2	CHILD_TOP_MOVING	0x34	41.5	-975.0	-239.1	0.49	2.17	0.28	-0.06580	0.11816	-0.77686	0.61475
750	IMU3	POSITION_3_EXTRA	0x35	142.5	-957.9	-249.9	2.31	0.63	-0.28	-0.01958	0.14429	-0.77734	0.61230
750	IMU4	POSITION_4_EXTRA	0x36	161.5	-980.9	119.1	0.84	1.61	-0.28	0.19592	-0.06805	-0.65918	0.72217
759	IMU0	POSITION_0_EXTRA	0x32	-939.9	149.3	269.4	1.33	0.77	-0.98	0.78174	-0.02748	0.60352	0.15649
759	IMU1	PARENT_BOTTOM_FIXED	0x33	-56.6	-914.5	422.6	-0.21	1.47	-0.84	0.18079	-0.08380	0.53369	-0.82227
759	IMU2	CHILD_TOP_MOVING	0x34	41.5	-975.0	-238.6	-0.14	2.45	0.21	-0.06567	0.11804	-0.77686	0.61475
759	IMU3	POSITION_3_EXTRA	0x35	144.0	-958.9	-248.9	1.96	0.21	-0.14	-0.01955	0.14417	-0.77734	0.61230
759	IMU4	POSITION_4_EXTRA	0x36	162.5	-982.8	118.1	0.77	1.68	-0.14	0.19604	-0.06812	-0.65918	0.72217
767	IMU0	POSITION_0_EXTRA	0x32	-940.9	148.8	271.3	0.98	0.63	-0.98	0.78174	-0.02744	0.60352	0.15637
767	IMU1	PARENT_BOTTOM_FIXED	0x33	-57.6	-914.5	422.1	-0.07	1.26	-0.77	0.18066	-0.08368	0.53369	-0.82227
767	IMU2	CHILD_TOP_MOVING	0x34	41.0	-977.5	-238.1	-0.63	2.24	0.21	-0.06555	0.11786	-0.77686	0.61475
767	IMU3	POSITION_3_EXTRA	0x35	145.4	-960.4	-248.9	1.40	0.00	0.14	-0.01955	0.14417	-0.77734	0.61230
767	IMU4	POSITION_4_EXTRA	0x36	163.0	-984.3	118.6	0.84	1.61	0.00	0.19617	-0.06824	-0.65918	0.72217
775	IMU0	POSITION_0_EXTRA	0x32	-939.4	149.3	270.8	0.77	0.70	-1.05	0.78174	-0.02740	0.60400	0.15637
775	IMU1	PARENT_BOTTOM_FIXED	0x33	-58.6	-914.0	422.1	-0.14	1.12	-0.63	0.18066	-0.08362	0.53369	-0.82227
775	IMU2	CHILD_TOP_MOVING	0x34	40.5	-979.4	-237.2	-0.63	1.47	0.28	-0.06549	0.11780	-0.77686	0.61475
775	IMU3	POSITION_3_EXTRA	0x35	145.4	-961.4	-251.8	0.91	-0.28	0.42	-0.01955	0.14417	-0.77734	0.61230
775	IMU4	POSITION_4_EXTRA	0x36	162.5	-984.8	117.6	0.91	1.54	0.07	0.19617	-0.06830	-0.65918	0.72217
784	IMU0	POSITION_0_EXTRA	0x32	-939.9	148.8	272.8	0.56	0.84	-1.12	0.78174	-0.02739	0.60400	0.15625
784	IMU1	PARENT_BOTTOM_FIXED	0x33	-57.1	-913.5	421.6	-0.07	0.91	-0.63	0.18054	-0.08356	0.53369	-0.82227
784	IMU2	CHILD_TOP_MOVING	0x34	41.0	-979.4	-237.2	-0.35	0.63	0.35	-0.06549	0.11774	-0.77686	0.61475
784	IMU3	POSITION_3_EXTRA	0x35	142.5	-961.4	-253.8	0.70	-0.42	0.49	-0.01959	0.14417	-0.77734	0.61230
784	IMU4	POSITION_4_EXTRA	0x36	160.6	-985.3	116.6	0.98	1.47	0.07	0.19629	-0.06842	-0.65918	0.72217
792	IMU0	POSITION_0_EXTRA	0x32	-941.4	148.4	273.8	0.35	0.70	-0.98	0.78174	-0.02739	0.60400	0.15625
792	IMU1	PARENT_BOTTOM_FIXED	0x33	-57.6	-914.0	421.1	-0.21	0.77	-0.56	0.18054	-0.08350	0.53369	-0.82227
792	IMU2	CHILD_TOP_MOVING	0x34	40.0	-978.9	-238.6	0.21	-0.07	0.42	-0.06555	0.11768	-0.77686	0.61475
792	IMU3	POSITION_3_EXTRA	0x35	142.5	-962.3	-255.2	0.91	-0.35	0.56	-0.01962	0.14417	-0.77734	0.61230
792	IMU4	POSITION_4_EXTRA	0x36	160.1	-985.3	118.1	0.77	1.33	0.07	0.19641	-0.06854	-0.65918	0.72217
800	IMU0	POSITION_0_EXTRA	0x32	-941.4	148.4	277.7	0.07	0.70	-0.84	0.78174	-0.02739	0.60400	0.15613
800	IMU1	PARENT_BOTTOM_FIXED	0x33	-56.6	-913.5	420.2	-0.28	0.70	-0.49	0.18054	-0.08350	0.53369	-0.82227
800	IMU2	CHILD_TOP_MOVING	0x34	40.0	-979.9	-238.1	0.77	-0.49	0.49	-0.06561	0.11761	-0.77686	0.61475
800	IMU3	POSITION_3_EXTRA	0x35	143.0	-962.3	-254.7	1.12	-0.07	0.56	-0.01964	0.14404	-0.77734	0.61230
800	IMU4	POSITION_4_EXTRA	0x36	160.6	-986.2	120.0	0.63	1.12	0.21	0.19641	-0.06860	-0.65918	0.72217
809	IMU0	POSITION_0_EXTRA	0x32	-942.8	149.3	275.7	0.63	0.42	-0.84	0.78174	-0.02740	0.60400	0.15613
809	IMU1	PARENT_BOTTOM_FIXED	0x33	-57.1	-913.0	419.7	-0.28	0.63	-0.42	0.18042	-0.08344	0.53369	-0.82227
809	IMU2	CHILD_TOP_MOVING	0x34	41.0	-979.4	-236.7	1.12	-0.49	0.49	-0.06573	0.11761	-0.77686	0.61475
809	IMU3	POSITION_3_EXTRA	0x35	142.5	-961.8	-255.2	1.40	0.07	0.63	-0.01967	0.14404	-0.77686	0.61230
809	IMU4	POSITION_4_EXTRA	0x36	160.6	-984.8	120.5	0.63	1.05	0.28	0.19641	-0.06866	-0.65918	0.72217
817	IMU0	POSITION_0_EXTRA	0x32	-942.3	151.3	282.6	0.63	-0.70	-0.14	0.78174	-0.02739	0.60400	0.15613
817	IMU1	PARENT_BOTTOM_FIXED	0x33	-58.1	-914.0	419.7	-0.35	0.56	-0.35	0.18042	-0.08337	0.53369	-0.82227
817	IMU2	CHILD_TOP_MOVING	0x34	41.5	-979.9	-236.2	1.68	-0.35	0.63	-0.06580	0.11755	-0.77686	0.61475
817	IMU3	POSITION_3_EXTRA	0x35	143.0	-959.9	-252.3	1.19	0.42	0.77	-0.01967	0.14392	-0.77686	0.61279
817	IMU4	POSITION_4_EXTRA	0x36	159.1	-982.8	119.1	0.70	0.98	0.21	0.19653	-0.06879	-0.65918	0.72217
825	IMU0	POSITION_0_EXTRA	0x32	-937.0	147.4	272.3	0.28	-0.70	-0.14	0.78174	-0.02733	0.60400	0.15613
825	IMU1	PARENT_BOTTOM_FIXED	0x33	-59.0	-914.0	419.7	-0.49	0.42	-0.21	0.18042	-0.08331	0.53369	-0.82227
825	IMU2	CHILD_TOP_MOVING	0x34	42.0	-978.0	-234.7	2.03	-0.21	0.70	-0.06586	0.11749	-0.77686	0.61523
825	IMU3	POSITION_3_EXTRA	0x35	142.0	-958.9	-251.3	0.98	0.63	0.91	-0.01967	0.14380	-0.77686	0.61279
825	IMU4	POSITION_4_EXTRA	0x36	158.1	-982.8	117.6	0.91	0.91	0.21	0.19653	-0.06885	-0.65918	0.72217
834	IMU0	POSITION_0_EXTRA	0x32	-937.0	147.4	255.2	0.42	1.12	-0.63	0.78174	-0.02733	0.60400	0.15601
834	IMU1	PARENT_BOTTOM_FIXED	0x33	-59.0	-914.0	419.2	-0.56	0.35	-0.21	0.18042	-0.08331	0.53369	-0.82227
834	IMU2	CHILD_TOP_MOVING	0x34	42.0	-976.5	-234.2	2.17	-0.07	0.70	-0.06592	0.11743	-0.77637	0.61523
834	IMU3	POSITION_3_EXTRA	0x35	142.0	-960.4	-252.8	0.56	0.56	1.05	-0.01967	0.14380	-0.77686	0.61279
834	IMU4	POSITION_4_EXTRA	0x36	159.6	-984.3	118.1	0.77	0.91	0.21	0.19653	-0.06891	-0.65869	0.72266
842	IMU0	POSITION_0_EXTRA	0x32	-946.7	141.0	255.2	0.35	1.05	-0.70	0.78174	-0.02736	0.60400	0.15601
842	IMU1	PARENT_BOTTOM_FIXED	0x33	-59.5	-914.5	419.2	-0.63	0.21	-0.14	0.18042	-0.08325	0.53369	-0.82227
842	IMU2	CHILD_TOP_MOVING	0x34	41.5	-978.4	-234.2	1.89	0.07	0.70	-0.06598	0.11737	-0.77637	0.61523
842	IMU3	POSITION_3_EXTRA	0x35	142.5	-961.4	-253.3	0.63	0.63	0.98	-0.01967	0.14368	-0.77686	0.61279
842	IMU4	POSITION_4_EXTRA	0x36	159.6	-985.3	117.6	0.49	0.98	0.28	0.19653	-0.06903	-0.65869	0.72217
850	IMU0	POSITION_0_EXTRA	0x32	-943.8	144.0	257.2	0.21	-1.19	-0.21	0.78174	-0.02734	0.60400	0.15601
850	IMU1	PARENT_BOTTOM_FIXED	0x33	-59.5	-914.5	420.2	-0.56	0.07	0.00	0.18042	-0.08319	0.53369	-0.82227
850	IMU2	CHILD_TOP_MOVING	0x34	40.0	-978.4	-234.7	1.47	0.07	0.77	-0.06604	0.11731	-0.77637	0.61523
850	IMU3	POSITION_3_EXTRA	0x35	141.0	-961.4	-253.3	0.70	0.77	1.05	-0.01967	0.14368	-0.77686	0.61279
850	IMU4	POSITION_4_EXTRA	0x36	157.1	-984.8	117.1	0.49	0.98	0.28	0.19653	-0.06915	-0.65869	0.72217
859	IMU0	POSITION_0_EXTRA	0x32	-937.9	147.9	267.4	0.70	-0.14	-0.70	0.78174	-0.02731	0.60400	0.15588
859	IMU1	PARENT_BOTTOM_FIXED	0x33	-58.1	-915.5	419.7	-0.63	-0.14	0.00	0.18042	-0.08319	0.53369	-0.82227
859	IMU2	CHILD_TOP_MOVING	0x34	39.5	-978.0	-235.7	1.19	-0.07	0.77	-0.06610	0.11725	-0.77637	0.61523
859	IMU3	POSITION_3_EXTRA	0x35	141.0	-960.9	-252.8	1.26	0.84	0.91	-0.01967	0.14355	-0.77686	0.61279
859	IMU4	POSITION_4_EXTRA	0x36	158.1	-984.3	118.1	0.42	0.84	0.21	0.19666	-0.06921	-0.65869	0.72217
867	IMU0	POSITION_0_EXTRA	0x32	-940.9	147.9	269.9	0.70	0.14	-0.84	0.78174	-0.02730	0.60400	0.15588
867	IMU1	PARENT_BOTTOM_FIXED	0x33	-58.1	-915.5	418.7	-0.42	-0.21	0.07	0.18042	-0.08319	0.53369	-0.82227
867	IMU2	CHILD_TOP_MOVING	0x34	38.1	-977.5	-236.2	0.91	-0.07	0.77	-0.06622	0.11719	-0.77637	0.61572
867	IMU3	POSITION_3_EXTRA	0x35	139.1	-959.9	-250.8	1.68	0.70	0.77	-0.01965	0.14343	-0.77686	0.61279
867	IMU4	POSITION_4_EXTRA	0x36	156.6	-982.8	122.0	0.28	0.84	0.21	0.19666	-0.06927	-0.65869	0.72217
875	IMU0	POSITION_0_EXTRA	0x32	-939.4	147.9	271.3	0.21	-0.49	-0.42	0.78174	-0.02727	0.60400	0.15588
875	IMU1	PARENT_BOTTOM_FIXED	0x33	-56.6	-916.0	418.2	-0.35	-0.35	0.14	0.18042	-0.08319	0.53369	-0.82227
875	IMU2	CHILD_TOP_MOVING	0x34	37.6	-975.5	-236.2	0.63	-0.49	0.84	-0.06628	0.11713	-0.77637	0.61572
875	IMU3	POSITION_3_EXTRA	0x35	139.1	-959.9	-250.8	1.68	0.70	0.77	-0.01965	0.14331	-0.77686	0.61279
875	IMU4	POSITION_4_EXTRA	0x36	154.2	-981.9	121.0	0.42	0.91	0.14	0.19666	-0.06940	-0.65869	0.72266
884	IMU0	POSITION_0_EXTRA	0x32	-936.5	147.9	270.8	-0.21	0.35	-0.49	0.78174	-0.02728	0.60400	0.15588
884	IMU1	PARENT_BOTTOM_FIXED	0x33	-55.1	-915.0	417.7	-0.49	-0.49	0.14	0.18054	-0.08319	0.53369	-0.82227
884	IMU2	CHILD_TOP_MOVING	0x34	38.6	-974.5	-236.2	0.49	-0.91	0.70	-0.06641	0.11707	-0.77637	0.61572
884	IMU3	POSITION_3_EXTRA	0x35	138.1	-958.9	-247.4	1.82	0.21	0.56	-0.01967	0.14319	-0.77686	0.61279
884	IMU4	POSITION_4_EXTRA	0x36	151.3	-981.4	122.5	0.49	0.70	0.07	0.19666	-0.06952	-0.65869	0.72266
892	IMU0	POSITION_0_EXTRA	0x32	-941.4	142.5	265.0	-0.63	0.00	-0.21	0.78174	-0.02733	0.60400	0.15576
892	IMU1	PARENT_BOTTOM_FIXED	0x33	-54.7	-915.5	418.7	-0.35	-0.49	0.21	0.18054	-0.08319	0.53369	-0.82227
892	IMU2	CHILD_TOP_MOVING	0x34	39.0	-976.0	-236.7	0.49	-1.26	0.56	-0.06653	0.11707	-0.77637	0.61572
892	IMU3	POSITION_3_EXTRA	0x35	137.1	-960.4	-247.4	1.54	0.28	0.56	-0.01973	0.14307	-0.77686	0.61328
892	IMU4	POSITION_4_EXTRA	0x36	150.3	-982.8	121.5	0.49	0.49	0.00	0.19666	-0.06958	-0.65869	0.72266
900	IMU0	POSITION_0_EXTRA	0x32	-941.4	142.5	265.0	-0.63	0.00	-0.21	0.78174	-0.02737	0.60400	0.15588
900	IMU1	PARENT_BOTTOM_FIXED	0x33	-53.2	-914.5	418.2	-0.42	-0.42	0.28	0.18054	-0.08325	0.53369	-0.82227
900	IMU2	CHILD_TOP_MOVING	0x34	38.6	-976.5	-237.2	0.49	-1.40	0.35	-0.06665	0.11713	-0.77637	0.61572
900	IMU3	POSITION_3_EXTRA	0x35	137.1	-960.4	-245.0	1.54	0.28	0.56	-0.01973	0.14307	-0.77686	0.61328
900	IMU4	POSITION_4_EXTRA	0x36	148.8	-985.3	121.5	0.42	0.42	-0.07	0.19666	-0.06970	-0.65869	0.72266
909	IMU0	POSITION_0_EXTRA	0x32	-939.9	142.0	268.9	-0.63	0.00	-0.28	0.78174	-0.02744	0.60400	0.15588
909	IMU1	PARENT_BOTTOM_FIXED	0x33	-52.7	-915.0	419.2	-0.49	-0.35	0.21	0.18054	-0.08325	0.53369	-0.82227
909	IMU2	CHILD_TOP_MOVING	0x34	36.6	-978.0	-236.2	0.77	-1.05	0.21	-0.06677	0.11713	-0.77637	0.61572
909	IMU3	POSITION_3_EXTRA	0x35	136.6	-961.8	-245.0	1.05	0.07	0.49	-0.01976	0.14294	-0.77686	0.61328
909	IMU4	POSITION_4_EXTRA	0x36	149.3	-983.8	122.5	0.77	0.14	-0.14	0.19666	-0.06970	-0.65869	0.72266
917	IMU0	POSITION_0_EXTRA	0x32	-940.4	142.5	268.9	-0.49	0.28	-0.35	0.78174	-0.02748	0.60400	0.15588
917	IMU1	PARENT_BOTTOM_FIXED	0x33	-51.7	-916.0	418.7	-0.49	-0.35	0.14	0.18054	-0.08325	0.53369	-0.82227
917	IMU2	CHILD_TOP_MOVING	0x34	35.6	-978.0	-234.7	1.05	-0.35	0.14	-0.06683	0.11707	-0.77637	0.61572
917	IMU3	POSITION_3_EXTRA	0x35	136.6	-962.3	-243.0	0.42	-0.07	0.56	-0.01981	0.14294	-0.77686	0.61328
917	IMU4	POSITION_4_EXTRA	0x36	147.4	-983.3	122.5	0.56	0.14	-0.28	0.19666	-0.06982	-0.65869	0.72266
925	IMU0	POSITION_0_EXTRA	0x32	-940.9	142.0	271.3	-0.70	0.14	-0.28	0.78174	-0.02754	0.60400	0.15588
925	IMU1	PARENT_BOTTOM_FIXED	0x33	-52.7	-917.0	418.7	-0.49	-0.42	0.14	0.18066	-0.08331	0.53369	-0.82227
925	IMU2	CHILD_TOP_MOVING	0x34	35.1	-978.4	-233.8	1.19	0.14	0.07	-0.06689	0.11707	-0.77588	0.61572
925	IMU3	POSITION_3_EXTRA	0x35	136.2	-961.4	-244.5	-0.28	-0.21	0.70	-0.01985	0.14282	-0.77686	0.61328
925	IMU4	POSITION_4_EXTRA	0x36	149.3	-984.3	122.0	0.49	0.00	-0.28	0.19653	-0.06982	-0.65869	0.72266
934	IMU0	POSITION_0_EXTRA	0x32	-941.4	141.5	270.4	-0.70	-0.07	-0.14	0.78174	-0.02759	0.60400	0.15588
934	IMU1	PARENT_BOTTOM_FIXED	0x33	-53.2	-917.0	420.2	-0.35	-0.35	0.07	0.18066	-0.08331	0.53369	-0.82227
934	IMU2	CHILD_TOP_MOVING	0x34	35.1	-978.9	-232.3	1.12	0.14	-0.07	-0.06689	0.11700	-0.77588	0.61572
934	IMU3	POSITION_3_EXTRA	0x35	134.7	-961.8	-247.4	-0.91	-0.14	0.77	-0.01990	0.14270	-0.77686	0.61328
934	IMU4	POSITION_4_EXTRA	0x36	151.8	-984.3	122.5	0.49	-0.21	-0.28	0.19653	-0.06989	-0.65869	0.72266
942	IMU0	POSITION_0_EXTRA	0x32	-940.4	142.5	268.9	-0.70	0.21	0.00	0.78174	-0.02763	0.60400	0.15588
942	IMU1	PARENT_BOTTOM_FIXED	0x33	-54.7	-917.0	419.2	-0.35	-0.42	0.00	0.18066	-0.08331	0.53369	-0.82227
942	IMU2	CHILD_TOP_MOVING	0x34	35.6	-978.9	-231.3	0.84	-0.21	-0.14	-0.06696	0.11700	-0.77588	0.61572
942	IMU3	POSITION_3_EXTRA	0x35	135.7	-962.8	-248.4	-1.19	-0.14	0.70	-0.01993	0.14270	-0.77686	0.61328
942	IMU4	POSITION_4_EXTRA	0x36	153.7	-984.3	122.5	0.56	-0.35	-0.28	0.19653	-0.06989	-0.65869	0.72266
950	IMU0	POSITION_0_EXTRA	0x32	-940.4	141.5	267.4	-0.77	0.49	-0.07	0.78174	-0.02769	0.60400	0.15588
950	IMU1	PARENT_BOTTOM_FIXED	0x33	-54.2	-917.0	420.7	-0.35	-0.42	-0.07	0.18066	-0.08337	0.53369	-0.82227
950	IMU2	CHILD_TOP_MOVING	0x34	36.1	-979.4	-230.8	0.49	-0.70	-0.28	-0.06702	0.11700	-0.77588	0.61572
950	IMU3	POSITION_3_EXTRA	0x35	136.2	-962.3	-249.9	-0.98	-0.21	0.49	-0.01996	0.14258	-0.77686	0.61328
950	IMU4	POSITION_4_EXTRA	0x36	154.2	-984.8	120.5	0.56	-0.42	-0.21	0.19653	-0.06989	-0.65869	0.72266
959	IMU0	POSITION_0_EXTRA	0x32	-941.4	141.0	267.4	-0.70	0.35	0.00	0.78174	-0.02774	0.60400	0.15601
959	IMU1	PARENT_BOTTOM_FIXED	0x33	-54.2	-916.5	421.1	-0.21	-0.49	-0.14	0.18066	-0.08337	0.53369	-0.82227
959	IMU2	CHILD_TOP_MOVING	0x34	37.6	-978.0	-231.3	0.14	-1.12	-0.35	-0.06708	0.11707	-0.77588	0.61572
959	IMU3	POSITION_3_EXTRA	0x35	138.6	-961.8	-247.9	-0.35	-0.63	0.28	-0.01999	0.14258	-0.77686	0.61328
959	IMU4	POSITION_4_EXTRA	0x36	155.7	-984.8	118.6	0.49	-0.49	-0.21	0.19653	-0.06989	-0.65869	0.72266
967	IMU0	POSITION_0_EXTRA	0x32	-940.9	141.0	268.4	-0.98	0.42	-0.07	0.78174	-0.02782	0.60400	0.15601
967	IMU1	PARENT_BOTTOM_FIXED	0x33	-54.7	-916.5	420.2	-0.14	-0.42	-0.14	0.18066	-0.08337	0.53369	-0.82227
967	IMU2	CHILD_TOP_MOVING	0x34	39.0	-978.4	-232.8	-0.21	-1.33	-0.42	-0.06714	0.11713	-0.77588	0.61572
967	IMU3	POSITION_3_EXTRA	0x35	139.1	-962.3	-248.9	0.28	-0.98	0.00	-0.02003	0.14270	-0.77686	0.61328
967	IMU4	POSITION_4_EXTRA	0x36	155.2	-985.3	120.0	0.28	-0.42	-0.21	0.19653	-0.06989	-0.65869	0.72266
975	IMU0	POSITION_0_EXTRA	0x32	-941.8	139.6	267.9	-0.84	0.56	-0.28	0.78174	-0.02789	0.60400	0.15601
975	IMU1	PARENT_BOTTOM_FIXED	0x33	-53.7	-916.5	421.1	0.00	-0.56	-0.14	0.18066	-0.08344	0.53369	-0.82227
975	IMU2	CHILD_TOP_MOVING	0x34	39.0	-979.4	-233.3	-0.70	-1.33	-0.56	-0.06720	0.11719	-0.77588	0.61572
975	IMU3	POSITION_3_EXTRA	0x35	140.5	-963.3	-248.4	0.63	-1.33	-0.21	-0.02010	0.14270	-0.77686	0.61328
975	IMU4	POSITION_4_EXTRA	0x36	155.7	-986.2	121.0	0.14	-0.49	-0.21	0.19641	-0.06989	-0.65869	0.72266
984	IMU0	POSITION_0_EXTRA	0x32	-941.4	139.6	268.9	-1.12	0.42	-0.21	0.78174	-0.02800	0.60400	0.15601
984	IMU1	PARENT_BOTTOM_FIXED	0x33	-53.2	-916.5	421.6	0.07	-0.56	-0.21	0.18066	-0.08350	0.53369	-0.82227
984	IMU2	CHILD_TOP_MOVING	0x34	39.5	-980.4	-233.3	-0.84	-1.26	-0.63	-0.06726	0.11725	-0.77588	0.61572
984	IMU3	POSITION_3_EXTRA	0x35	140.5	-963.8	-247.4	0.70	-1.54	-0.35	-0.02016	0.14270	-0.77686	0.61328
984	IMU4	POSITION_4_EXTRA	0x36	155.7	-985.3	120.0	0.28	-0.56	-0.21	0.19641	-0.06989	-0.65869	0.72266
992	IMU0	POSITION_0_EXTRA	0x32	-940.9	139.1	270.8	-1.26	0.70	-0.28	0.78174	-0.02811	0.60400	0.15601
992	IMU1	PARENT_BOTTOM_FIXED	0x33	-52.2	-915.5	421.1	0.14	-0.49	-0.21	0.18066	-0.08350	0.53369	-0.82227
992	IMU2	CHILD_TOP_MOVING	0x34	40.0	-979.9	-234.2	-0.70	-1.26	-0.63	-0.06732	0.11737	-0.77588	0.61572
992	IMU3	POSITION_3_EXTRA	0x35	140.1	-963.8	-246.9	0.84	-1.82	-0.49	-0.02023	0.14282	-0.77686	0.61328
992	IMU4	POSITION_4_EXTRA	0x36	154.7	-984.8	121.0	0.35	-0.56	-0.21	0.19641	-0.06989	-0.65869	0.72266
1000	IMU0	POSITION_0_EXTRA	0x32	-941.4	138.1	270.8	-1.47	0.84	-0.35	0.78174	-0.02823	0.60400	0.15601
1000	IMU1	PARENT_BOTTOM_FIXED	0x33	-51.7	-915.5	420.7	0.07	-0.35	-0.21	0.18066	-0.08356	0.53369	-0.82227
1000	IMU2	CHILD_TOP_MOVING	0x34	39.5	-979.9	-234.2	-0.70	-1.12	-0.70	-0.06738	0.11743	-0.77588	0.61572
1000	IMU3	POSITION_3_EXTRA	0x35	140.1	-963.3	-248.4	0.91	-2.17	-0.63	-0.02031	0.14294	-0.77686	0.61328
1000	IMU4	POSITION_4_EXTRA	0x36	155.7	-985.3	120.5	0.42	-0.56	-0.14	0.19641	-0.06989	-0.65869	0.72266
1009	IMU0	POSITION_0_EXTRA	0x32	-941.8	137.6	269.9	-1.47	0.77	-0.28	0.78174	-0.02837	0.60400	0.15613
1009	IMU1	PARENT_BOTTOM_FIXED	0x33	-51.7	-914.0	420.7	0.07	-0.21	-0.28	0.18066	-0.08356	0.53369	-0.82227
1009	IMU2	CHILD_TOP_MOVING	0x34	38.6	-979.9	-233.8	-0.63	-0.84	-0.77	-0.06738	0.11749	-0.77588	0.61572
1009	IMU3	POSITION_3_EXTRA	0x35	139.6	-962.3	-248.9	0.77	-2.17	-0.63	-0.02040	0.14307	-0.77686	0.61328
1009	IMU4	POSITION_4_EXTRA	0x36	156.6	-985.3	121.5	0.49	-0.70	-0.14	0.19629	-0.06989	-0.65869	0.72266
1017	IMU0	POSITION_0_EXTRA	0x32	-941.4	138.6	270.8	-1.33	0.63	-0.28	0.78174	-0.02847	0.60400	0.15613
1017	IMU1	PARENT_BOTTOM_FIXED	0x33	-51.2	-914.0	421.6	0.07	-0.14	-0.35	0.18066	-0.08356	0.53369	-0.82227
1017	IMU2	CHILD_TOP_MOVING	0x34	40.0	-979.4	-232.3	-0.49	-0.42	-0.77	-0.06738	0.11755	-0.77588	0.61572
1017	IMU3	POSITION_3_EXTRA	0x35	140.1	-962.8	-247.9	0.49	-2.24	-0.63	-0.02049	0.14319	-0.77686	0.61328
1017	IMU4	POSITION_4_EXTRA	0x36	157.6	-984.8	121.0	0.56	-0.63	-0.07	0.19629	-0.06989	-0.65869	0.72266
1025	IMU0	POSITION_0_EXTRA	0x32	-941.8	139.6	270.4	-1.19	0.56	-0.28	0.78174	-0.02856	0.60400	0.15613
1025	IMU1	PARENT_BOTTOM_FIXED	0x33	-51.2	-913.0	421.1	0.00	0.00	-0.35	0.18066	-0.08356	0.53369	-0.82227
1025	IMU2	CHILD_TOP_MOVING	0x34	40.5	-979.9	-231.3	-0.21	-0.07	-0.77	-0.06738	0.11755	-0.77588	0.61572
1025	IMU3	POSITION_3_EXTRA	0x35	141.0	-961.8	-246.9	0.28	-2.17	-0.63	-0.02057	0.14331	-0.77686	0.61328
1025	IMU4	POSITION_4_EXTRA	0x36	157.6	-983.3	121.0	0.42	-0.63	0.00	0.19629	-0.06989	-0.65869	0.72266
1034	IMU0	POSITION_0_EXTRA	0x32	-941.8	140.1	271.8	-1.05	0.35	-0.21	0.78174	-0.02866	0.60400	0.15613
1034	IMU1	PARENT_BOTTOM_FIXED	0x33	-51.7	-913.5	421.1	-0.14	0.00	-0.35	0.18066	-0.08362	0.53369	-0.82227
1034	IMU2	CHILD_TOP_MOVING	0x34	40.0	-978.9	-229.4	-0.14	0.07	-0.77	-0.06732	0.11761	-0.77588	0.61572
1034	IMU3	POSITION_3_EXTRA	0x35	141.5	-960.9	-246.9	-0.07	-2.10	-0.42	-0.02065	0.14343	-0.77686	0.61328
1034	IMU4	POSITION_4_EXTRA	0x36	157.6	-983.3	121.0	0.35	-0.56	0.07	0.19629	-0.06989	-0.65869	0.72266
1042	IMU0	POSITION_0_EXTRA	0x32	-940.9	141.0	270.4	-0.91	0.28	-0.21	0.78174	-0.02872	0.60400	0.15625
1042	IMU1	PARENT_BOTTOM_FIXED	0x33	-53.2	-912.6	419.7	-0.14	0.07	-0.42	0.18054	-0.08362	0.53369	-0.82227
1042	IMU2	CHILD_TOP_MOVING	0x34	40.0	-978.9	-229.4	-0.21	0.07	-0.77	-0.06732	0.11761	-0.77588	0.61572
1042	IMU3	POSITION_3_EXTRA	0x35	142.0	-960.4	-247.4	-0.35	-1.89	-0.35	-0.02071	0.14343	-0.77686	0.61328
1042	IMU4	POSITION_4_EXTRA	0x36	157.6	-983.3	122.0	0.28	-0.70	0.14	0.19617	-0.06989	-0.65869	0.72266
1050	IMU0	POSITION_0_EXTRA	0x32	-941.8	140.5	269.9	-0.70	0.21	-0.21	0.78174	-0.02878	0.60400	0.15625
1050	IMU1	PARENT_BOTTOM_FIXED	0x33	-54.2	-912.6	419.7	-0.21	0.14	-0.42	0.18054	-0.08362	0.53369	-0.82227
1050	IMU2	CHILD_TOP_MOVING	0x34	39.0	-978.9	-229.4	-0.35	-0.14	-0.84	-0.06732	0.11768	-0.77588	0.61572
1050	IMU3	POSITION_3_EXTRA	0x35	142.5	-960.4	-247.9	-0.70	-1.75	-0.21	-0.02075	0.14355	-0.77686	0.61328
1050	IMU4	POSITION_4_EXTRA	0x36	157.6	-983.8	121.0	0.35	-0.84	0.21	0.19617	-0.06989	-0.65869	0.72266
1059	IMU0	POSITION_0_EXTRA	0x32	-941.4	140.1	267.4	-0.77	0.28	-0.21	0.78174	-0.02884	0.60400	0.15625
1059	IMU1	PARENT_BOTTOM_FIXED	0x33	-54.7	-912.6	420.7	-0.28	0.21	-0.49	0.18054	-0.08362	0.53369	-0.82227
1059	IMU2	CHILD_TOP_MOVING	0x34	39.5	-978.9	-228.9	-0.49	-0.28	-0.84	-0.06732	0.11768	-0.77588	0.61572
1059	IMU3	POSITION_3_EXTRA	0x35	140.5	-960.9	-248.4	-0.84	-1.68	-0.28	-0.02081	0.14368	-0.77686	0.61279
1059	IMU4	POSITION_4_EXTRA	0x36	158.6	-983.8	120.0	0.42	-0.77	0.21	0.19617	-0.06982	-0.65869	0.72266
1067	IMU0	POSITION_0_EXTRA	0x32	-941.8	139.6	266.4	-0.77	0.42	-0.28	0.78174	-0.02892	0.60400	0.15625
1067	IMU1	PARENT_BOTTOM_FIXED	0x33	-54.7	-912.1	420.2	-0.35	0.21	-0.49	0.18054	-0.08356	0.53369	-0.82227
1067	IMU2	CHILD_TOP_MOVING	0x34	39.5	-978.9	-229.4	-0.56	-0.42	-0.84	-0.06732	0.11774	-0.77588	0.61572
1067	IMU3	POSITION_3_EXTRA	0x35	141.5	-961.4	-247.4	-0.49	-1.89	-0.35	-0.02087	0.14368	-0.77686	0.61279
1067	IMU4	POSITION_4_EXTRA	0x36	158.6	-982.8	121.0	0.42	-0.84	0.21	0.19604	-0.06982	-0.65869	0.72266
1075	IMU0	POSITION_0_EXTRA	0x32	-941.4	138.6	266.0	-0.84	0.35	-0.35	0.78174	-0.02899	0.60400	0.15625
1075	IMU1	PARENT_BOTTOM_FIXED	0x33	-54.2	-912.1	418.7	-0.42	0.42	-0.49	0.18042	-0.08356	0.53369	-0.82227
1075	IMU2	CHILD_TOP_MOVING	0x34	41.0	-978.4	-229.8	-0.49	-0.35	-0.84	-0.06726	0.11780	-0.77588	0.61572
1075	IMU3	POSITION_3_EXTRA	0x35	142.5	-960.9	-245.5	-0.28	-1.96	-0.35	-0.02094	0.14380	-0.77686	0.61279
1075	IMU4	POSITION_4_EXTRA	0x36	158.6	-981.9	121.5	0.21	-0.77	0.21	0.19604	-0.06982	-0.65869	0.72266
1084	IMU0	POSITION_0_EXTRA	0x32	-941.4	139.6	268.4	-0.84	0.42	-0.42	0.78174	-0.02907	0.60400	0.15625
1084	IMU1	PARENT_BOTTOM_FIXED	0x33	-54.7	-911.1	418.2	-0.63	0.56	-0.49	0.18042	-0.08356	0.53369	-0.82227
1084	IMU2	CHILD_TOP_MOVING	0x34	42.5	-978.0	-228.9	-0.49	-0.35	-0.84	-0.06726	0.11786	-0.77588	0.61572
1084	IMU3	POSITION_3_EXTRA	0x35	144.0	-960.4	-245.5	0.07	-2.24	-0.49	-0.02100	0.14392	-0.77686	0.61279
1084	IMU4	POSITION_4_EXTRA	0x36	158.1	-980.9	122.0	0.21	-0.70	0.21	0.19604	-0.06982	-0.65869	0.72266
1092	IMU0	POSITION_0_EXTRA	0x32	-941.4	139.1	269.4	-0.77	0.42	-0.42	0.78174	-0.02914	0.60400	0.15625
1092	IMU1	PARENT_BOTTOM_FIXED	0x33	-54.7	-911.6	418.7	-0.77	0.56	-0.49	0.18030	-0.08350	0.53369	-0.82227
1092	IMU2	CHILD_TOP_MOVING	0x34	43.4	-975.5	-228.9	-0.28	-0.21	-0.70	-0.06726	0.11792	-0.77588	0.61572
1092	IMU3	POSITION_3_EXTRA	0x35	144.9	-958.4	-246.4	0.42	-2.31	-0.56	-0.02107	0.14404	-0.77686	0.61279
1092	IMU4	POSITION_4_EXTRA	0x36	158.6	-981.4	120.5	0.07	-0.56	0.21	0.19592	-0.06982	-0.65869	0.72266
1100	IMU0	POSITION_0_EXTRA	0x32	-942.3	139.6	269.4	-0.63	0.14	-0.28	0.78174	-0.02921	0.60400	0.15625
1100	IMU1	PARENT_BOTTOM_FIXED	0x33	-54.2	-911.6	417.7	-0.98	0.63	-0.49	0.18030	-0.08350	0.53369	-0.82227
1100	IMU2	CHILD_TOP_MOVING	0x34	42.5	-976.5	-229.8	-0.14	-0.14	-0.70	-0.06720	0.11792	-0.77588	0.61572
1100	IMU3	POSITION_3_EXTRA	0x35	144.9	-958.4	-246.9	0.35	-2.24	-0.56	-0.02113	0.14417	-0.77686	0.61279
1100	IMU4	POSITION_4_EXTRA	0x36	159.6	-982.3	121.0	0.00	-0.49	0.14	0.19592	-0.06982	-0.65869	0.72266
1109	IMU0	POSITION_0_EXTRA	0x32	-941.8	139.6	268.4	-0.56	-0.07	-0.28	0.78174	-0.02925	0.60400	0.15625
1109	IMU1	PARENT_BOTTOM_FIXED	0x33	-55.6	-912.6	417.2	-0.91	0.70	-0.56	0.18030	-0.08350	0.53369	-0.82227
1109	IMU2	CHILD_TOP_MOVING	0x34	42.0	-978.0	-230.8	-0.14	0.28	-0.63	-0.06720	0.11792	-0.77588	0.61572
1109	IMU3	POSITION_3_EXTRA	0x35	144.9	-958.9	-249.4	0.56	-2.10	-0.63	-0.02119	0.14429	-0.77686	0.61279
1109	IMU4	POSITION_4_EXTRA	0x36	160.1	-981.9	122.5	-0.07	-0.42	0.07	0.19592	-0.06982	-0.65869	0.72266
1117	IMU0	POSITION_0_EXTRA	0x32	-942.3	138.6	267.9	-0.42	-0.21	-0.21	0.78174	-0.02930	0.60400	0.15625
1117	IMU1	PARENT_BOTTOM_FIXED	0x33	-56.1	-911.6	418.2	-1.05	0.63	-0.56	0.18018	-0.08344	0.53369	-0.82227
1117	IMU2	CHILD_TOP_MOVING	0x34	42.5	-977.5	-232.3	-0.35	0.42	-0.56	-0.06714	0.11798	-0.77588	0.61572
1117	IMU3	POSITION_3_EXTRA	0x35	144.4	-959.4	-249.9	0.49	-1.75	-0.56	-0.02122	0.14441	-0.77637	0.61279
1117	IMU4	POSITION_4_EXTRA	0x36	159.6	-981.9	121.5	0.00	-0.49	0.00	0.19592	-0.06982	-0.65869	0.72266
1125	IMU0	POSITION_0_EXTRA	0x32	-941.8	140.1	267.9	-0.28	-0.28	-0.21	0.78174	-0.02933	0.60400	0.15625
1125	IMU1	PARENT_BOTTOM_FIXED	0x33	-56.6	-913.0	418.7	-1.05	0.56	-0.49	0.18018	-0.08344	0.53369	-0.82227
1125	IMU2	CHILD_TOP_MOVING	0x34	41.5	-977.0	-232.8	-0.49	0.42	-0.42	-0.06708	0.11798	-0.77588	0.61572
1125	IMU3	POSITION_3_EXTRA	0x35	144.0	-958.9	-249.9	0.42	-1.47	-0.42	-0.02126	0.14453	-0.77637	0.61279
1125	IMU4	POSITION_4_EXTRA	0x36	158.1	-982.3	120.5	0.00	-0.35	-0.07	0.19592	-0.06982	-0.65918	0.72266
1134	IMU0	POSITION_0_EXTRA	0x32	-941.4	140.5	266.9	-0.14	-0.35	-0.14	0.78174	-0.02934	0.60400	0.15625
1134	IMU1	PARENT_BOTTOM_FIXED	0x33	-57.1	-913.0	419.2	-1.05	0.49	-0.49	0.18005	-0.08337	0.53369	-0.82227
1134	IMU2	CHILD_TOP_MOVING	0x34	40.0	-977.5	-233.8	-0.70	0.28	-0.35	-0.06708	0.11792	-0.77588	0.61572
1134	IMU3	POSITION_3_EXTRA	0x35	142.0	-959.4	-249.9	0.28	-1.19	-0.28	-0.02129	0.14453	-0.77637	0.61279
1134	IMU4	POSITION_4_EXTRA	0x36	157.6	-983.3	121.0	-0.21	-0.14	0.00	0.19592	-0.06982	-0.65918	0.72266
1142	IMU0	POSITION_0_EXTRA	0x32	-941.4	140.5	266.4	-0.07	-0.35	-0.21	0.78174	-0.02934	0.60400	0.15625
1142	IMU1	PARENT_BOTTOM_FIXED	0x33	-58.1	-914.5	420.2	-1.19	0.56	-0.49	0.18005	-0.08337	0.53418	-0.82227
1142	IMU2	CHILD_TOP_MOVING	0x34	38.6	-977.0	-234.2	-0.84	0.21	-0.28	-0.06708	0.11792	-0.77588	0.61572
1142	IMU3	POSITION_3_EXTRA	0x35	141.0	-959.9	-250.8	0.07	-0.98	-0.21	-0.02132	0.14465	-0.77637	0.61279
1142	IMU4	POSITION_4_EXTRA	0x36	158.6	-983.3	121.0	-0.21	-0.07	0.00	0.19592	-0.06989	-0.65918	0.72266
1150	IMU0	POSITION_0_EXTRA	0x32	-941.8	140.1	266.9	-0.14	-0.49	-0.21	0.78174	-0.02936	0.60400	0.15625
1150	IMU1	PARENT_BOTTOM_FIXED	0x33	-57.1	-914.5	419.7	-1.33	0.49	-0.49	0.18005	-0.08331	0.53418	-0.82227
1150	IMU2	CHILD_TOP_MOVING	0x34	38.6	-978.0	-235.2	-0.91	0.28	-0.28	-0.06708	0.11792	-0.77588	0.61572
1150	IMU3	POSITION_3_EXTRA	0x35	140.5	-960.4	-249.4	0.07	-1.12	-0.14	-0.02136	0.14465	-0.77637	0.61279
1150	IMU4	POSITION_4_EXTRA	0x36	159.6	-983.8	118.6	-0.28	-0.14	0.00	0.19592	-0.06989	-0.65918	0.72217
1159	IMU0	POSITION_0_EXTRA	0x32	-941.8	140.1	266.4	-0.07	-0.70	-0.21	0.78174	-0.02937	0.60400	0.15625
1159	IMU1	PARENT_BOTTOM_FIXED	0x33	-57.6	-915.5	420.2	-1.33	0.42	-0.49	0.17993	-0.08331	0.53418	-0.82178
1159	IMU2	CHILD_TOP_MOVING	0x34	39.5	-977.5	-235.7	-1.05	0.28	-0.21	-0.06708	0.11792	-0.77588	0.61572
1159	IMU3	POSITION_3_EXTRA	0x35	142.0	-960.4	-250.3	0.00	-1.26	0.00	-0.02141	0.14465	-0.77637	0.61279
1159	IMU4	POSITION_4_EXTRA	0x36	160.6	-983.3	119.6	-0.35	0.00	0.14	0.19592	-0.06995	-0.65918	0.72217
1167	IMU0	POSITION_0_EXTRA	0x32	-942.8	140.5	266.9	-0.21	-0.98	-0.21	0.78174	-0.02939	0.60400	0.15625
1167	IMU1	PARENT_BOTTOM_FIXED	0x33	-56.6	-915.5	420.7	-1.33	0.42	-0.42	0.17993	-0.08331	0.53418	-0.82178
1167	IMU2	CHILD_TOP_MOVING	0x34	41.0	-978.4	-234.7	-1.05	0.07	-0.14	-0.06702	0.11792	-0.77588	0.61572
1167	IMU3	POSITION_3_EXTRA	0x35	143.5	-960.9	-248.4	-0.07	-1.19	0.07	-0.02144	0.14478	-0.77637	0.61279
1167	IMU4	POSITION_4_EXTRA	0x36	159.6	-983.8	119.1	-0.63	0.14	0.14	0.19592	-0.06995	-0.65918	0.72217
1175	IMU0	POSITION_0_EXTRA	0x32	-942.3	139.6	269.4	-0.21	-1.12	-0.21	0.78174	-0.02940	0.60400	0.15625
1175	IMU1	PARENT_BOTTOM_FIXED	0x33	-56.6	-916.0	420.2	-1.40	0.49	-0.49	0.17993	-0.08325	0.53418	-0.82178
1175	IMU2	CHILD_TOP_MOVING	0x34	42.0	-978.4	-234.7	-1.33	-0.14	-0.07	-0.06702	0.11792	-0.77588	0.61572
1175	IMU3	POSITION_3_EXTRA	0x35	143.5	-960.9	-250.3	-0.21	-1.19	0.28	-0.02148	0.14478	-0.77637	0.61279
1175	IMU4	POSITION_4_EXTRA	0x36	159.6	-983.3	119.6	-0.70	0.14	0.14	0.19592	-0.07001	-0.65918	0.72217
1184	IMU0	POSITION_0_EXTRA	0x32	-942.3	139.6	268.9	-0.14	-1.19	-0.28	0.78174	-0.02940	0.60400	0.15625
1184	IMU1	PARENT_BOTTOM_FIXED	0x33	-55.1	-916.0	420.7	-1.40	0.35	-0.49	0.17981	-0.08325	0.53418	-0.82178
1184	IMU2	CHILD_TOP_MOVING	0x34	42.0	-978.0	-235.7	-1.26	-0.70	-0.07	-0.06708	0.11792	-0.77588	0.61572
1184	IMU3	POSITION_3_EXTRA	0x35	144.4	-959.9	-250.3	-0.56	-1.12	0.42	-0.02153	0.14478	-0.77686	0.61279
1184	IMU4	POSITION_4_EXTRA	0x36	160.1	-983.8	119.1	-0.63	0.28	0.14	0.19592	-0.07007	-0.65918	0.72217
1192	IMU0	POSITION_0_EXTRA	0x32	-942.3	140.5	271.3	0.00	-1.33	-0.28	0.78174	-0.02940	0.60352	0.15625
1192	IMU1	PARENT_BOTTOM_FIXED	0x33	-54.2	-916.5	420.7	-1.33	0.42	-0.49	0.17981	-0.08325	0.53418	-0.82178
1192	IMU2	CHILD_TOP_MOVING	0x34	42.9	-978.4	-237.2	-1.26	-1.19	-0.07	-0.06714	0.11798	-0.77637	0.61523
1192	IMU3	POSITION_3_EXTRA	0x35	145.4	-960.9	-252.8	-0.77	-0.91	0.56	-0.02155	0.14478	-0.77686	0.61279
1192	IMU4	POSITION_4_EXTRA	0x36	159.6	-984.8	119.1	-0.77	0.42	0.07	0.19592	-0.07013	-0.65918	0.72217
1200	IMU0	POSITION_0_EXTRA	0x32	-940.9	142.0	272.8	0.35	-1.40	-0.35	0.78174	-0.02939	0.60352	0.15625
1200	IMU1	PARENT_BOTTOM_FIXED	0x33	-54.2	-915.5	418.7	-1.33	0.56	-0.49	0.17981	-0.08325	0.53418	-0.82178
1200	IMU2	CHILD_TOP_MOVING	0x34	42.9	-978.9	-238.6	-1.26	-1.47	-0.07	-0.06720	0.11804	-0.77637	0.61523
1200	IMU3	POSITION_3_EXTRA	0x35	144.9	-961.4	-251.8	-0.70	-0.56	0.63	-0.02156	0.14478	-0.77686	0.61279
1200	IMU4	POSITION_4_EXTRA	0x36	159.1	-984.3	117.6	-0.70	0.35	0.07	0.19592	-0.07019	-0.65918	0.72217
1209	IMU0	POSITION_0_EXTRA	0x32	-941.8	142.5	272.8	0.63	-1.26	-0.42	0.78223	-0.02934	0.60352	0.15613
1209	IMU1	PARENT_BOTTOM_FIXED	0x33	-53.7	-915.0	419.2	-1.33	0.63	-0.49	0.17969	-0.08325	0.53467	-0.82178
1209	IMU2	CHILD_TOP_MOVING	0x34	43.4	-977.0	-238.1	-1.26	-1.61	-0.07	-0.06726	0.11816	-0.77637	0.61523
1209	IMU3	POSITION_3_EXTRA	0x35	144.4	-960.4	-251.3	-0.63	-0.49	0.63	-0.02158	0.14478	-0.77686	0.61279
1209	IMU4	POSITION_4_EXTRA	0x36	159.1	-984.3	115.7	-0.42	0.42	-0.07	0.19592	-0.07019	-0.65918	0.72217
1217	IMU0	POSITION_0_EXTRA	0x32	-941.4	140.5	268.9	0.70	-1.40	-0.42	0.78223	-0.02930	0.60352	0.15613
1217	IMU1	PARENT_BOTTOM_FIXED	0x33	-53.7	-914.5	418.7	-1.26	0.77	-0.56	0.17969	-0.08325	0.53467	-0.82178
1217	IMU2	CHILD_TOP_MOVING	0x34	44.4	-978.0	-237.7	-1.26	-1.12	0.00	-0.06732	0.11823	-0.77637	0.61523
1217	IMU3	POSITION_3_EXTRA	0x35	143.5	-960.4	-252.8	-0.35	-0.35	0.63	-0.02159	0.14478	-0.77686	0.61279
1217	IMU4	POSITION_4_EXTRA	0x36	158.6	-985.3	116.6	-0.42	0.56	-0.14	0.19604	-0.07025	-0.65967	0.72217
1225	IMU0	POSITION_0_EXTRA	0x32	-940.9	141.0	265.0	0.21	-0.56	-0.63	0.78223	-0.02931	0.60352	0.15601
1225	IMU1	PARENT_BOTTOM_FIXED	0x33	-52.7	-914.0	419.7	-1.33	0.98	-0.56	0.17957	-0.08319	0.53467	-0.82178
1225	IMU2	CHILD_TOP_MOVING	0x34	44.4	-978.0	-236.2	-1.40	-0.42	0.00	-0.06732	0.11823	-0.77637	0.61523
1225	IMU3	POSITION_3_EXTRA	0x35	144.0	-960.4	-252.8	-0.21	-0.14	0.56	-0.02158	0.14478	-0.77686	0.61279
1225	IMU4	POSITION_4_EXTRA	0x36	159.6	-985.8	114.7	-0.28	0.56	-0.07	0.19604	-0.07031	-0.65967	0.72168
1234	IMU0	POSITION_0_EXTRA	0x32	-939.9	140.1	267.4	-0.42	-0.14	-0.77	0.78223	-0.02937	0.60352	0.15601
1234	IMU1	PARENT_BOTTOM_FIXED	0x33	-52.2	-914.0	418.7	-1.40	1.05	-0.56	0.17944	-0.08319	0.53467	-0.82178
1234	IMU2	CHILD_TOP_MOVING	0x34	44.4	-979.4	-232.8	-1.61	0.56	0.21	-0.06726	0.11823	-0.77637	0.61523
1234	IMU3	POSITION_3_EXTRA	0x35	144.9	-960.9	-252.8	-0.28	0.07	0.63	-0.02156	0.14465	-0.77686	0.61279
1234	IMU4	POSITION_4_EXTRA	0x36	161.5	-986.7	116.1	-0.35	0.56	-0.07	0.19604	-0.07031	-0.65967	0.72168
1242	IMU0	POSITION_0_EXTRA	0x32	-939.4	137.6	259.6	-0.42	0.00	-1.12	0.78223	-0.02945	0.60352	0.15601
1242	IMU1	PARENT_BOTTOM_FIXED	0x33	-52.7	-913.5	418.7	-1.54	1.12	-0.56	0.17944	-0.08313	0.53467	-0.82178
1242	IMU2	CHILD_TOP_MOVING	0x34	44.4	-980.9	-231.3	-1.75	1.33	0.21	-0.06720	0.11816	-0.77637	0.61475
1242	IMU3	POSITION_3_EXTRA	0x35	145.4	-961.8	-251.8	-0.49	0.35	0.70	-0.02153	0.14465	-0.77686	0.61279
1242	IMU4	POSITION_4_EXTRA	0x36	162.0	-985.8	120.0	-0.49	0.77	-0.07	0.19617	-0.07043	-0.65967	0.72168
1250	IMU0	POSITION_0_EXTRA	0x32	-943.8	139.6	268.9	-0.14	-1.68	-0.98	0.78223	-0.02950	0.60352	0.15588
1250	IMU1	PARENT_BOTTOM_FIXED	0x33	-51.7	-913.0	418.7	-1.68	1.26	-0.63	0.17932	-0.08313	0.53467	-0.82178
1250	IMU2	CHILD_TOP_MOVING	0x34	44.4	-980.4	-231.3	-1.75	1.75	0.35	-0.06708	0.11804	-0.77637	0.61475
1250	IMU3	POSITION_3_EXTRA	0x35	144.4	-960.9	-252.8	-0.56	0.56	0.77	-0.02148	0.14453	-0.77686	0.61230
1250	IMU4	POSITION_4_EXTRA	0x36	158.6	-983.8	120.0	-0.42	0.84	-0.07	0.19617	-0.07050	-0.65967	0.72168
1259	IMU0	POSITION_0_EXTRA	0x32	-937.9	144.4	283.0	-0.28	-1.40	-0.77	0.78223	-0.02950	0.60303	0.15588
1259	IMU1	PARENT_BOTTOM_FIXED	0x33	-51.7	-914.0	418.7	-1.68	1.33	-0.70	0.17920	-0.08307	0.53467	-0.82178
1259	IMU2	CHILD_TOP_MOVING	0x34	42.0	-978.0	-231.3	-1.54	1.82	0.35	-0.06702	0.11792	-0.77637	0.61475
1259	IMU3	POSITION_3_EXTRA	0x35	142.0	-959.4	-252.8	-0.77	0.77	0.91	-0.02144	0.14441	-0.77686	0.61230
1259	IMU4	POSITION_4_EXTRA	0x36	156.2	-981.9	119.6	-0.42	0.91	-0.07	0.19617	-0.07056	-0.65967	0.72168
1267	IMU0	POSITION_0_EXTRA	0x32	-939.9	144.4	289.9	1.26	0.42	-1.40	0.78223	-0.02946	0.60303	0.15576
1267	IMU1	PARENT_BOTTOM_FIXED	0x33	-52.2	-914.5	418.2	-1.61	1.40	-0.70	0.17908	-0.08301	0.53516	-0.82178
1267	IMU2	CHILD_TOP_MOVING	0x34	39.0	-977.5	-232.8	-1.19	1.89	0.28	-0.06696	0.11780	-0.77686	0.61475
1267	IMU3	POSITION_3_EXTRA	0x35	139.1	-959.9	-249.9	-0.98	1.05	0.91	-0.02139	0.14429	-0.77686	0.61230
1267	IMU4	POSITION_4_EXTRA	0x36	154.2	-982.8	119.6	-0.56	1.12	0.00	0.19617	-0.07056	-0.65967	0.72168
1275	IMU0	POSITION_0_EXTRA	0x32	-946.7	141.5	271.3	1.75	-0.21	-1.05	0.78223	-0.02940	0.60303	0.15564
1275	IMU1	PARENT_BOTTOM_FIXED	0x33	-52.2	-914.5	418.2	-1.61	1.47	-0.70	0.17896	-0.08301	0.53516	-0.82178
1275	IMU2	CHILD_TOP_MOVING	0x34	37.6	-977.5	-234.2	-1.12	2.10	0.21	-0.06683	0.11768	-0.77686	0.61475
1275	IMU3	POSITION_3_EXTRA	0x35	137.1	-959.4	-251.8	-1.12	1.12	0.91	-0.02136	0.14417	-0.77734	0.61230
1275	IMU4	POSITION_4_EXTRA	0x36	156.2	-984.3	118.1	-0.70	1.19	0.21	0.19629	-0.07068	-0.65967	0.72168
1284	IMU0	POSITION_0_EXTRA	0x32	-945.3	140.1	276.7	1.19	-2.52	0.07	0.78271	-0.02930	0.60303	0.15564
1284	IMU1	PARENT_BOTTOM_FIXED	0x33	-53.2	-915.0	418.2	-1.54	1.61	-0.77	0.17883	-0.08295	0.53516	-0.82178
1284	IMU2	CHILD_TOP_MOVING	0x34	37.1	-979.4	-234.7	-0.77	2.38	0.21	-0.06671	0.11755	-0.77686	0.61475
1284	IMU3	POSITION_3_EXTRA	0x35	137.6	-961.8	-251.8	-1.19	1.05	0.91	-0.02132	0.14404	-0.77734	0.61230
1284	IMU4	POSITION_4_EXTRA	0x36	158.1	-985.3	117.1	-0.63	0.98	0.28	0.19629	-0.07080	-0.65967	0.72168
1292	IMU0	POSITION_0_EXTRA	0x32	-937.0	140.5	274.7	1.61	-1.82	-0.07	0.78271	-0.02919	0.60303	0.15564
1292	IMU1	PARENT_BOTTOM_FIXED	0x33	-54.7	-915.0	419.7	-1.54	1.68	-0.84	0.17871	-0.08289	0.53516	-0.82178
1292	IMU2	CHILD_TOP_MOVING	0x34	39.0	-979.4	-236.2	-0.49	2.31	0.35	-0.06665	0.11743	-0.77686	0.61475
1292	IMU3	POSITION_3_EXTRA	0x35	141.5	-961.8	-248.4	-1.19	0.70	0.98	-0.02129	0.14404	-0.77734	0.61230
1292	IMU4	POSITION_4_EXTRA	0x36	157.6	-986.2	112.7	-0.70	0.91	0.28	0.19629	-0.07092	-0.65967	0.72168
1300	IMU0	POSITION_0_EXTRA	0x32	-945.3	137.6	258.2	1.89	-1.40	-0.35	0.78271	-0.02910	0.60303	0.15552
1300	IMU1	PARENT_BOTTOM_FIXED	0x33	-54.7	-916.0	418.7	-1.54	1.68	-0.91	0.17859	-0.08276	0.53516	-0.82178
1300	IMU2	CHILD_TOP_MOVING	0x34	41.0	-979.4	-236.2	-0.07	1.96	0.42	-0.06653	0.11731	-0.77686	0.61475
1300	IMU3	POSITION_3_EXTRA	0x35	141.5	-961.4	-251.3	-1.19	-0.07	0.98	-0.02129	0.14392	-0.77734	0.61230
1300	IMU4	POSITION_4_EXTRA	0x36	157.1	-986.2	114.2	-0.91	0.91	0.28	0.19641	-0.07098	-0.65967	0.72119
1309	IMU0	POSITION_0_EXTRA	0x32	-944.3	138.1	252.8	1.40	-2.87	0.07	0.78271	-0.02899	0.60303	0.15540
1309	IMU1	PARENT_BOTTOM_FIXED	0x33	-55.6	-915.5	416.8	-1.47	1.75	-0.91	0.17847	-0.08270	0.53516	-0.82178
1309	IMU2	CHILD_TOP_MOVING	0x34	41.5	-978.9	-235.7	0.00	1.33	0.35	-0.06653	0.11719	-0.77686	0.61475
1309	IMU3	POSITION_3_EXTRA	0x35	142.5	-961.4	-255.2	-1.33	-0.35	0.91	-0.02130	0.14392	-0.77734	0.61230
1309	IMU4	POSITION_4_EXTRA	0x36	158.1	-986.7	116.6	-1.19	0.91	0.21	0.19641	-0.07123	-0.66016	0.72119
1317	IMU0	POSITION_0_EXTRA	0x32	-939.4	142.0	260.1	1.19	-1.68	-0.56	0.78271	-0.02893	0.60303	0.15527
1317	IMU1	PARENT_BOTTOM_FIXED	0x33	-55.6	-917.0	418.2	-1.54	1.82	-0.84	0.17834	-0.08264	0.53564	-0.82178
1317	IMU2	CHILD_TOP_MOVING	0x34	41.0	-978.4	-236.7	-0.21	0.63	0.28	-0.06647	0.11713	-0.77686	0.61475
1317	IMU3	POSITION_3_EXTRA	0x35	142.0	-961.4	-256.7	-1.12	-0.21	0.84	-0.02132	0.14380	-0.77734	0.61182
1317	IMU4	POSITION_4_EXTRA	0x36	155.2	-987.2	118.1	-1.19	0.91	0.07	0.19641	-0.07123	-0.66016	0.72119
1325	IMU0	POSITION_0_EXTRA	0x32	-943.3	143.5	271.3	0.84	-0.84	-0.84	0.78271	-0.02888	0.60303	0.15527
1325	IMU1	PARENT_BOTTOM_FIXED	0x33	-56.6	-916.5	418.7	-1.68	1.75	-0.91	0.17822	-0.08258	0.53564	-0.82129
1325	IMU2	CHILD_TOP_MOVING	0x34	41.5	-978.0	-238.1	-0.63	0.28	0.28	-0.06647	0.11713	-0.77686	0.61475
1325	IMU3	POSITION_3_EXTRA	0x35	141.5	-961.8	-254.2	-0.63	0.35	0.77	-0.02130	0.14380	-0.77734	0.61182
1325	IMU4	POSITION_4_EXTRA	0x36	156.2	-985.3	115.7	-0.77	0.63	0.00	0.19641	-0.07129	-0.66016	0.72119
1334	IMU0	POSITION_0_EXTRA	0x32	-937.0	145.9	284.5	0.35	-1.12	-0.63	0.78271	-0.02885	0.60254	0.15527
1334	IMU1	PARENT_BOTTOM_FIXED	0x33	-56.6	-916.5	420.2	-1.82	1.89	-0.91	0.17810	-0.08246	0.53564	-0.82129
1334	IMU2	CHILD_TOP_MOVING	0x34	41.5	-977.0	-239.6	-1.19	0.49	0.21	-0.06647	0.11707	-0.77686	0.61475
1334	IMU3	POSITION_3_EXTRA	0x35	141.0	-959.9	-252.3	0.00	0.91	0.63	-0.02124	0.14368	-0.77734	0.61182
1334	IMU4	POSITION_4_EXTRA	0x36	158.1	-984.3	114.7	-0.56	0.70	-0.07	0.19641	-0.07141	-0.66016	0.72119
1342	IMU0	POSITION_0_EXTRA	0x32	-936.0	144.4	281.6	0.00	-0.07	-0.91	0.78271	-0.02885	0.60254	0.15515
1342	IMU1	PARENT_BOTTOM_FIXED	0x33	-56.6	-917.0	419.7	-1.82	1.89	-0.91	0.17798	-0.08240	0.53564	-0.82129
1342	IMU2	CHILD_TOP_MOVING	0x34	40.5	-976.5	-237.7	-1.68	1.05	0.21	-0.06641	0.11700	-0.77686	0.61475
1342	IMU3	POSITION_3_EXTRA	0x35	140.5	-960.9	-253.8	0.35	1.33	0.63	-0.02118	0.14355	-0.77734	0.61182
1342	IMU4	POSITION_4_EXTRA	0x36	158.1	-985.3	113.2	-0.21	0.77	-0.07	0.19653	-0.07147	-0.66016	0.72119
1350	IMU0	POSITION_0_EXTRA	0x32	-939.9	138.1	267.4	-0.70	-0.07	-0.84	0.78271	-0.02895	0.60254	0.15515
1350	IMU1	PARENT_BOTTOM_FIXED	0x33	-57.1	-917.4	418.7	-1.68	1.75	-0.84	0.17786	-0.08234	0.53564	-0.82129
1350	IMU2	CHILD_TOP_MOVING	0x34	41.0	-977.5	-236.7	-2.52	1.68	0.42	-0.06635	0.11694	-0.77686	0.61475
1350	IMU3	POSITION_3_EXTRA	0x35	142.0	-960.9	-250.3	0.42	1.19	0.56	-0.02110	0.14343	-0.77734	0.61182
1350	IMU4	POSITION_4_EXTRA	0x36	158.1	-986.7	113.2	-0.07	0.77	-0.07	0.19653	-0.07153	-0.66016	0.72119
1359	IMU0	POSITION_0_EXTRA	0x32	-940.4	135.2	263.5	-1.26	-0.84	-0.84	0.78320	-0.02907	0.60254	0.15515
1359	IMU1	PARENT_BOTTOM_FIXED	0x33	-56.1	-916.5	417.7	-1.54	1.61	-0.77	0.17786	-0.08228	0.53613	-0.82129
1359	IMU2	CHILD_TOP_MOVING	0x34	40.5	-978.4	-236.7	-3.15	1.82	0.49	-0.06622	0.11682	-0.77734	0.61426
1359	IMU3	POSITION_3_EXTRA	0x35	143.5	-961.8	-249.4	0.21	0.70	0.63	-0.02106	0.14343	-0.77734	0.61182
1359	IMU4	POSITION_4_EXTRA	0x36	157.6	-986.7	113.7	-0.21	0.91	0.00	0.19653	-0.07159	-0.66016	0.72119
1367	IMU0	POSITION_0_EXTRA	0x32	-939.4	136.6	272.3	-1.26	-0.98	-0.98	0.78320	-0.02917	0.60254	0.15515
1367	IMU1	PARENT_BOTTOM_FIXED	0x33	-55.1	-917.0	416.8	-1.47	1.61	-0.70	0.17773	-0.08221	0.53613	-0.82129
1367	IMU2	CHILD_TOP_MOVING	0x34	41.5	-979.4	-238.1	-3.15	1.61	0.49	-0.06616	0.11670	-0.77734	0.61426
1367	IMU3	POSITION_3_EXTRA	0x35	142.0	-962.3	-250.3	-0.14	0.28	0.70	-0.02104	0.14331	-0.77734	0.61182
1367	IMU4	POSITION_4_EXTRA	0x36	157.1	-985.8	114.2	-0.49	1.26	0.00	0.19666	-0.07166	-0.66016	0.72119
1375	IMU0	POSITION_0_EXTRA	0x32	-939.9	138.1	281.1	-0.77	-0.70	-1.12	0.78320	-0.02927	0.60254	0.15515
1375	IMU1	PARENT_BOTTOM_FIXED	0x33	-53.7	-917.9	417.7	-1.26	1.54	-0.70	0.17761	-0.08215	0.53613	-0.82129
1375	IMU2	CHILD_TOP_MOVING	0x34	41.5	-979.4	-237.7	-2.31	1.61	0.49	-0.06604	0.11664	-0.77734	0.61426
1375	IMU3	POSITION_3_EXTRA	0x35	141.5	-961.4	-251.8	-0.42	-0.14	0.77	-0.02106	0.14331	-0.77734	0.61182
1375	IMU4	POSITION_4_EXTRA	0x36	155.7	-985.3	115.7	-0.63	1.26	0.00	0.19666	-0.07178	-0.66016	0.72119
1384	IMU0	POSITION_0_EXTRA	0x32	-940.4	140.5	286.0	-0.14	-0.56	-1.12	0.78320	-0.02931	0.60205	0.15515
1384	IMU1	PARENT_BOTTOM_FIXED	0x33	-53.2	-917.0	416.8	-1.12	1.54	-0.70	0.17749	-0.08209	0.53613	-0.82129
1384	IMU2	CHILD_TOP_MOVING	0x34	41.0	-978.4	-237.2	-1.05	1.75	0.56	-0.06598	0.11652	-0.77734	0.61426
1384	IMU3	POSITION_3_EXTRA	0x35	140.5	-959.4	-255.7	-0.63	-0.35	0.84	-0.02109	0.14331	-0.77783	0.61182
1384	IMU4	POSITION_4_EXTRA	0x36	155.7	-983.8	114.2	-0.63	1.33	-0.07	0.19678	-0.07190	-0.66016	0.72070
1392	IMU0	POSITION_0_EXTRA	0x32	-940.4	142.0	284.5	0.63	-0.56	-0.91	0.78320	-0.02928	0.60205	0.15503
1392	IMU1	PARENT_BOTTOM_FIXED	0x33	-52.7	-916.5	415.3	-1.05	1.54	-0.77	0.17737	-0.08203	0.53613	-0.82129
1392	IMU2	CHILD_TOP_MOVING	0x34	40.5	-978.0	-237.2	0.00	1.96	0.56	-0.06592	0.11633	-0.77734	0.61426
1392	IMU3	POSITION_3_EXTRA	0x35	138.1	-957.5	-259.1	-0.84	-0.28	0.91	-0.02112	0.14319	-0.77783	0.61182
1392	IMU4	POSITION_4_EXTRA	0x36	155.2	-984.8	113.7	-0.63	1.40	-0.14	0.19678	-0.07196	-0.66016	0.72070
1400	IMU0	POSITION_0_EXTRA	0x32	-940.9	141.5	280.6	1.19	-0.84	-0.63	0.78320	-0.02922	0.60205	0.15503
1400	IMU1	PARENT_BOTTOM_FIXED	0x33	-53.7	-916.5	415.8	-0.91	1.54	-0.84	0.17725	-0.08197	0.53613	-0.82129
1400	IMU2	CHILD_TOP_MOVING	0x34	41.5	-977.5	-237.7	0.28	2.03	0.63	-0.06586	0.11621	-0.77734	0.61426
1400	IMU3	POSITION_3_EXTRA	0x35	138.1	-957.9	-263.5	-1.12	0.56	1.12	-0.02110	0.14307	-0.77783	0.61182
1400	IMU4	POSITION_4_EXTRA	0x36	156.2	-986.2	111.8	-0.70	1.54	-0.14	0.19690	-0.07208	-0.66016	0.72070
1409	IMU0	POSITION_0_EXTRA	0x32	-939.9	141.5	273.3	1.68	-0.84	-0.35	0.78320	-0.02911	0.60205	0.15491
1409	IMU1	PARENT_BOTTOM_FIXED	0x33	-53.2	-916.0	415.3	-0.91	1.61	-0.84	0.17712	-0.08191	0.53613	-0.82129
1409	IMU2	CHILD_TOP_MOVING	0x34	42.0	-977.5	-238.1	0.28	1.96	0.63	-0.06573	0.11609	-0.77734	0.61426
1409	IMU3	POSITION_3_EXTRA	0x35	137.6	-959.9	-262.5	-1.26	1.61	1.19	-0.02103	0.14294	-0.77783	0.61182
1409	IMU4	POSITION_4_EXTRA	0x36	155.2	-986.7	113.2	-0.91	1.54	-0.14	0.19690	-0.07220	-0.66016	0.72070
1417	IMU0	POSITION_0_EXTRA	0x32	-939.9	140.5	271.3	1.75	-0.35	-0.42	0.78320	-0.02902	0.60205	0.15479
1417	IMU1	PARENT_BOTTOM_FIXED	0x33	-54.2	-915.0	416.3	-1.05	1.75	-0.84	0.17700	-0.08185	0.53613	-0.82129
1417	IMU2	CHILD_TOP_MOVING	0x34	41.5	-978.0	-239.1	0.07	1.96	0.49	-0.06567	0.11597	-0.77734	0.61426
1417	IMU3	POSITION_3_EXTRA	0x35	138.6	-960.4	-259.6	-1.12	2.38	1.19	-0.02092	0.14282	-0.77783	0.61133
1417	IMU4	POSITION_4_EXTRA	0x36	153.7	-985.8	112.7	-0.91	1.61	-0.21	0.19702	-0.07233	-0.66064	0.72070
1425	IMU0	POSITION_0_EXTRA	0x32	-941.8	139.1	270.8	1.61	-0.77	-0.28	0.78369	-0.02893	0.60205	0.15466
1425	IMU1	PARENT_BOTTOM_FIXED	0x33	-54.7	-915.0	415.8	-1.26	1.89	-0.77	0.17688	-0.08173	0.53613	-0.82129
1425	IMU2	CHILD_TOP_MOVING	0x34	39.5	-977.5	-240.6	-0.21	2.03	0.42	-0.06561	0.11584	-0.77734	0.61426
1425	IMU3	POSITION_3_EXTRA	0x35	138.1	-960.9	-255.7	-1.05	2.80	1.26	-0.02080	0.14258	-0.77832	0.61133
1425	IMU4	POSITION_4_EXTRA	0x36	154.7	-985.3	113.2	-0.98	1.54	-0.21	0.19702	-0.07245	-0.66064	0.72070
1434	IMU0	POSITION_0_EXTRA	0x32	-939.4	138.1	272.3	1.33	-1.05	-0.21	0.78369	-0.02885	0.60205	0.15466
1434	IMU1	PARENT_BOTTOM_FIXED	0x33	-54.2	-916.5	418.2	-1.33	1.96	-0.77	0.17676	-0.08167	0.53662	-0.82129
1434	IMU2	CHILD_TOP_MOVING	0x34	36.6	-977.0	-241.6	-0.84	2.10	0.42	-0.06549	0.11572	-0.77734	0.61426
1434	IMU3	POSITION_3_EXTRA	0x35	137.1	-961.8	-250.3	-1.12	3.01	1.19	-0.02065	0.14233	-0.77832	0.61133
1434	IMU4	POSITION_4_EXTRA	0x36	155.7	-984.3	115.2	-1.12	1.54	-0.14	0.19714	-0.07257	-0.66064	0.72021
1442	IMU0	POSITION_0_EXTRA	0x32	-938.9	138.6	273.3	1.33	-1.26	-0.35	0.78369	-0.02878	0.60205	0.15454
1442	IMU1	PARENT_BOTTOM_FIXED	0x33	-54.7	-917.0	417.2	-1.26	1.82	-0.77	0.17664	-0.08154	0.53662	-0.82129
1442	IMU2	CHILD_TOP_MOVING	0x34	37.6	-976.5	-240.6	-1.75	2.03	0.28	-0.06543	0.11560	-0.77783	0.61426
1442	IMU3	POSITION_3_EXTRA	0x35	138.1	-962.3	-248.4	-1.33	2.66	1.12	-0.02052	0.14209	-0.77832	0.61133
1442	IMU4	POSITION_4_EXTRA	0x36	155.7	-986.2	113.7	-1.19	1.61	-0.07	0.19714	-0.07269	-0.66064	0.72021
1450	IMU0	POSITION_0_EXTRA	0x32	-939.9	137.6	271.8	1.26	-1.47	-0.42	0.78369	-0.02872	0.60205	0.15454
1450	IMU1	PARENT_BOTTOM_FIXED	0x33	-54.7	-916.5	417.7	-1.26	1.89	-0.70	0.17651	-0.08148	0.53662	-0.82129
1450	IMU2	CHILD_TOP_MOVING	0x34	38.6	-977.5	-238.1	-2.66	1.75	0.21	-0.06531	0.11548	-0.77783	0.61377
1450	IMU3	POSITION_3_EXTRA	0x35	140.1	-962.8	-247.4	-1.33	1.82	1.19	-0.02043	0.14197	-0.77832	0.61133
1450	IMU4	POSITION_4_EXTRA	0x36	155.7	-985.8	113.7	-1.19	1.33	0.00	0.19727	-0.07281	-0.66064	0.72021
1459	IMU0	POSITION_0_EXTRA	0x32	-939.9	138.6	272.3	0.91	-1.40	-0.42	0.78369	-0.02867	0.60205	0.15442
1459	IMU1	PARENT_BOTTOM_FIXED	0x33	-54.7	-917.0	417.2	-1.26	1.82	-0.70	0.17651	-0.08142	0.53662	-0.82129
1459	IMU2	CHILD_TOP_MOVING	0x34	39.0	-978.0	-237.7	-3.08	1.47	0.21	-0.06525	0.11542	-0.77783	0.61377
1459	IMU3	POSITION_3_EXTRA	0x35	141.0	-963.3	-247.9	-1.05	0.84	1.05	-0.02039	0.14185	-0.77832	0.61133
1459	IMU4	POSITION_4_EXTRA	0x36	155.7	-985.8	113.7	-0.84	1.33	0.00	0.19727	-0.07294	-0.66064	0.72021
1467	IMU0	POSITION_0_EXTRA	0x32	-938.9	138.1	275.2	0.77	-1.40	-0.42	0.78369	-0.02863	0.60156	0.15442
1467	IMU1	PARENT_BOTTOM_FIXED	0x33	-54.7	-917.0	417.7	-1.19	1.75	-0.77	0.17639	-0.08130	0.53662	-0.82129
1467	IMU2	CHILD_TOP_MOVING	0x34	39.0	-978.0	-237.7	-2.87	1.33	0.28	-0.06519	0.11536	-0.77783	0.61377
1467	IMU3	POSITION_3_EXTRA	0x35	139.1	-960.9	-251.3	-0.42	0.00	0.70	-0.02040	0.14185	-0.77832	0.61133
1467	IMU4	POSITION_4_EXTRA	0x36	155.2	-985.3	112.7	-0.35	1.26	-0.07	0.19739	-0.07306	-0.66064	0.72021
1475	IMU0	POSITION_0_EXTRA	0x32	-939.4	138.1	276.2	0.77	-1.26	-0.49	0.78369	-0.02859	0.60156	0.15430
1475	IMU1	PARENT_BOTTOM_FIXED	0x33	-55.1	-916.5	418.2	-1.19	1.68	-0.77	0.17627	-0.08124	0.53662	-0.82129
1475	IMU2	CHILD_TOP_MOVING	0x34	37.6	-978.4	-235.7	-2.31	1.54	0.35	-0.06512	0.11523	-0.77832	0.61377
1475	IMU3	POSITION_3_EXTRA	0x35	137.1	-960.9	-253.3	-0.21	-0.49	0.63	-0.02043	0.14172	-0.77832	0.61133
1475	IMU4	POSITION_4_EXTRA	0x36	153.2	-985.8	112.7	-0.42	1.26	-0.07	0.19739	-0.07318	-0.66064	0.72021
1484	IMU0	POSITION_0_EXTRA	0x32	-939.4	138.1	276.7	0.63	-1.12	-0.42	0.78369	-0.02856	0.60156	0.15430
1484	IMU1	PARENT_BOTTOM_FIXED	0x33	-54.7	-917.0	416.8	-1.19	1.68	-0.70	0.17615	-0.08118	0.53662	-0.82129
1484	IMU2	CHILD_TOP_MOVING	0x34	37.1	-978.9	-235.2	-1.96	1.89	0.42	-0.06506	0.11511	-0.77832	0.61328
1484	IMU3	POSITION_3_EXTRA	0x35	135.7	-960.9	-254.7	-0.07	-0.63	0.56	-0.02049	0.14172	-0.77832	0.61133
1484	IMU4	POSITION_4_EXTRA	0x36	153.2	-986.2	114.7	-0.49	1.40	0.00	0.19751	-0.07330	-0.66064	0.72021
1492	IMU0	POSITION_0_EXTRA	0x32	-939.9	139.1	277.7	0.70	-0.70	-0.42	0.78418	-0.02853	0.60156	0.15417
1492	IMU1	PARENT_BOTTOM_FIXED	0x33	-54.7	-916.0	416.8	-0.98	1.47	-0.77	0.17603	-0.08112	0.53662	-0.82129
1492	IMU2	CHILD_TOP_MOVING	0x34	38.1	-980.4	-235.7	-1.40	1.89	0.35	-0.06494	0.11499	-0.77832	0.61328
1492	IMU3	POSITION_3_EXTRA	0x35	135.2	-960.9	-257.7	-0.56	-0.35	0.63	-0.02052	0.14172	-0.77832	0.61133
1492	IMU4	POSITION_4_EXTRA	0x36	152.3	-987.2	115.2	-1.19	1.47	0.07	0.19751	-0.07343	-0.66064	0.72021
1500	IMU0	POSITION_0_EXTRA	0x32	-941.8	139.6	275.2	1.33	-0.63	-0.63	0.78418	-0.02847	0.60156	0.15417
1500	IMU1	PARENT_BOTTOM_FIXED	0x33	-55.1	-916.5	416.8	-1.12	1.40	-0.77	0.17590	-0.08105	0.53662	-0.82129
1500	IMU2	CHILD_TOP_MOVING	0x34	37.1	-980.9	-234.7	-0.70	1.68	0.28	-0.06488	0.11487	-0.77832	0.61328
1500	IMU3	POSITION_3_EXTRA	0x35	134.2	-960.9	-257.2	-0.98	0.35	0.84	-0.02054	0.14160	-0.77832	0.61133
1500	IMU4	POSITION_4_EXTRA	0x36	151.8	-985.3	115.7	-1.26	1.47	0.07	0.19763	-0.07355	-0.66064	0.71973
1509	IMU0	POSITION_0_EXTRA	0x32	-945.3	143.0	283.5	1.47	-2.03	0.00	0.78418	-0.02835	0.60156	0.15405
1509	IMU1	PARENT_BOTTOM_FIXED	0x33	-55.6	-917.0	417.7	-1.05	1.40	-0.84	0.17578	-0.08099	0.53711	-0.82129
1509	IMU2	CHILD_TOP_MOVING	0x34	35.6	-978.9	-235.2	0.00	1.26	0.14	-0.06488	0.11475	-0.77832	0.61377
1509	IMU3	POSITION_3_EXTRA	0x35	133.7	-961.4	-255.2	-1.33	1.12	1.05	-0.02051	0.14148	-0.77881	0.61133
1509	IMU4	POSITION_4_EXTRA	0x36	151.8	-985.3	114.2	-1.26	1.47	0.07	0.19763	-0.07367	-0.66113	0.71973
1517	IMU0	POSITION_0_EXTRA	0x32	-934.5	143.5	282.6	1.33	-0.91	0.07	0.78418	-0.02823	0.60107	0.15405
1517	IMU1	PARENT_BOTTOM_FIXED	0x33	-55.1	-918.4	416.8	-1.05	1.40	-0.84	0.17578	-0.08093	0.53711	-0.82129
1517	IMU2	CHILD_TOP_MOVING	0x34	35.6	-978.0	-236.2	0.28	0.98	0.07	-0.06482	0.11469	-0.77832	0.61377
1517	IMU3	POSITION_3_EXTRA	0x35	133.2	-959.9	-254.2	-1.54	1.40	1.05	-0.02046	0.14124	-0.77881	0.61084
1517	IMU4	POSITION_4_EXTRA	0x36	150.3	-985.3	114.2	-1.12	1.40	0.14	0.19763	-0.07385	-0.66113	0.71973
1525	IMU0	POSITION_0_EXTRA	0x32	-945.3	137.1	266.0	1.54	-0.21	-0.28	0.78418	-0.02817	0.60107	0.15393
1525	IMU1	PARENT_BOTTOM_FIXED	0x33	-55.1	-918.9	416.8	-1.05	1.40	-0.84	0.17566	-0.08087	0.53711	-0.82129
1525	IMU2	CHILD_TOP_MOVING	0x34	36.6	-978.0	-238.6	0.14	0.91	-0.07	-0.06482	0.11462	-0.77832	0.61377
1525	IMU3	POSITION_3_EXTRA	0x35	134.7	-962.3	-254.7	-1.61	1.33	0.98	-0.02040	0.14111	-0.77881	0.61084
1525	IMU4	POSITION_4_EXTRA	0x36	149.3	-987.2	113.2	-0.98	1.12	0.07	0.19763	-0.07397	-0.66113	0.71973
1534	IMU0	POSITION_0_EXTRA	0x32	-944.3	137.1	264.5	0.91	-2.52	0.56	0.78418	-0.02808	0.60107	0.15393
1534	IMU1	PARENT_BOTTOM_FIXED	0x33	-56.1	-919.4	416.8	-0.98	1.33	-0.91	0.17554	-0.08081	0.53711	-0.82129
1534	IMU2	CHILD_TOP_MOVING	0x34	38.1	-979.4	-240.6	-0.42	0.77	0.00	-0.06482	0.11456	-0.77832	0.61377
1534	IMU3	POSITION_3_EXTRA	0x35	136.6	-963.8	-253.3	-1.47	1.12	0.84	-0.02036	0.14099	-0.77881	0.61084
1534	IMU4	POSITION_4_EXTRA	0x36	150.8	-988.7	112.2	-0.98	0.98	0.07	0.19763	-0.07410	-0.66113	0.71973
1542	IMU0	POSITION_0_EXTRA	0x32	-936.5	139.6	279.1	1.40	-1.19	0.07	0.78418	-0.02798	0.60107	0.15393
1542	IMU1	PARENT_BOTTOM_FIXED	0x33	-56.6	-919.4	417.2	-0.91	1.40	-0.84	0.17542	-0.08075	0.53711	-0.82129
1542	IMU2	CHILD_TOP_MOVING	0x34	37.6	-978.4	-240.1	-0.84	0.63	-0.07	-0.06476	0.11450	-0.77832	0.61377
1542	IMU3	POSITION_3_EXTRA	0x35	137.6	-964.3	-250.3	-1.19	0.42	0.63	-0.02032	0.14099	-0.77881	0.61084
1542	IMU4	POSITION_4_EXTRA	0x36	150.3	-988.7	110.8	-0.77	0.98	-0.07	0.19775	-0.07422	-0.66113	0.71973
1550	IMU0	POSITION_0_EXTRA	0x32	-939.9	139.1	282.1	1.54	-0.42	-0.21	0.78418	-0.02789	0.60107	0.15381
1550	IMU1	PARENT_BOTTOM_FIXED	0x33	-56.1	-918.9	417.2	-0.77	1.33	-0.91	0.17529	-0.08069	0.53711	-0.82129
1550	IMU2	CHILD_TOP_MOVING	0x34	39.5	-978.4	-241.6	-1.26	0.28	-0.21	-0.06476	0.11450	-0.77832	0.61328
1550	IMU3	POSITION_3_EXTRA	0x35	140.1	-963.3	-251.3	-0.56	-0.21	0.35	-0.02032	0.14087	-0.77881	0.61084
1550	IMU4	POSITION_4_EXTRA	0x36	152.7	-987.7	108.8	-0.77	0.84	-0.14	0.19775	-0.07428	-0.66113	0.71973
1559	IMU0	POSITION_0_EXTRA	0x32	-938.9	139.6	281.6	0.77	-1.54	0.35	0.78467	-0.02782	0.60107	0.15381
1559	IMU1	PARENT_BOTTOM_FIXED	0x33	-56.1	-918.4	417.2	-0.70	1.26	-0.91	0.17517	-0.08063	0.53711	-0.82129
1559	IMU2	CHILD_TOP_MOVING	0x34	40.5	-977.0	-242.5	-1.89	0.21	-0.14	-0.06470	0.11450	-0.77832	0.61328
1559	IMU3	POSITION_3_EXTRA	0x35	140.5	-961.8	-253.3	0.00	-0.91	0.07	-0.02034	0.14099	-0.77881	0.61084
1559	IMU4	POSITION_4_EXTRA	0x36	156.2	-985.8	110.8	-1.05	0.84	-0.07	0.19775	-0.07440	-0.66113	0.71924
1567	IMU0	POSITION_0_EXTRA	0x32	-936.5	137.6	279.1	0.56	-1.05	0.28	0.78467	-0.02776	0.60107	0.15381
1567	IMU1	PARENT_BOTTOM_FIXED	0x33	-56.6	-916.5	417.2	-0.63	1.19	-0.84	0.17517	-0.08063	0.53711	-0.82129
1567	IMU2	CHILD_TOP_MOVING	0x34	40.5	-977.5	-242.5	-2.52	0.21	-0.14	-0.06470	0.11450	-0.77832	0.61328
1567	IMU3	POSITION_3_EXTRA	0x35	139.1	-961.4	-254.7	0.42	-1.33	-0.07	-0.02039	0.14099	-0.77881	0.61084
1567	IMU4	POSITION_4_EXTRA	0x36	155.2	-986.7	111.8	-1.12	1.19	-0.21	0.19788	-0.07446	-0.66113	0.71924
1575	IMU0	POSITION_0_EXTRA	0x32	-940.4	137.1	272.3	0.84	-0.49	0.07	0.78467	-0.02771	0.60107	0.15381
1575	IMU1	PARENT_BOTTOM_FIXED	0x33	-55.1	-917.0	416.3	-0.63	1.19	-0.84	0.17505	-0.08057	0.53711	-0.82129
1575	IMU2	CHILD_TOP_MOVING	0x34	41.0	-977.5	-243.0	-3.01	0.56	-0.14	-0.06464	0.11450	-0.77881	0.61328
1575	IMU3	POSITION_3_EXTRA	0x35	138.1	-961.8	-257.2	0.49	-1.05	-0.14	-0.02042	0.14099	-0.77881	0.61084
1575	IMU4	POSITION_4_EXTRA	0x36	152.3	-986.7	111.8	-0.70	1.19	-0.35	0.19788	-0.07458	-0.66113	0.71924
1584	IMU0	POSITION_0_EXTRA	0x32	-940.9	138.6	273.3	0.84	-1.12	0.21	0.78467	-0.02765	0.60107	0.15381
1584	IMU1	PARENT_BOTTOM_FIXED	0x33	-56.1	-915.5	417.2	-0.56	1.12	-0.70	0.17493	-0.08051	0.53711	-0.82129
1584	IMU2	CHILD_TOP_MOVING	0x34	39.5	-979.4	-243.0	-3.15	1.05	-0.14	-0.06458	0.11450	-0.77881	0.61279
1584	IMU3	POSITION_3_EXTRA	0x35	136.2	-961.8	-259.6	0.35	-0.28	-0.07	-0.02043	0.14099	-0.77881	0.61084
1584	IMU4	POSITION_4_EXTRA	0x36	152.7	-988.2	111.8	-0.63	1.05	-0.42	0.19800	-0.07465	-0.66162	0.71924
1592	IMU0	POSITION_0_EXTRA	0x32	-937.9	140.5	279.6	1.12	-0.91	0.14	0.78467	-0.02756	0.60059	0.15369
1592	IMU1	PARENT_BOTTOM_FIXED	0x33	-55.1	-916.0	417.7	-0.56	1.05	-0.77	0.17493	-0.08044	0.53711	-0.82129
1592	IMU2	CHILD_TOP_MOVING	0x34	37.1	-980.4	-241.1	-2.94	1.61	-0.14	-0.06445	0.11438	-0.77881	0.61279
1592	IMU3	POSITION_3_EXTRA	0x35	134.7	-961.8	-259.6	0.00	0.49	0.07	-0.02040	0.14099	-0.77881	0.61084
1592	IMU4	POSITION_4_EXTRA	0x36	152.3	-989.2	110.3	-0.77	1.26	-0.42	0.19800	-0.07477	-0.66162	0.71924
1600	IMU0	POSITION_0_EXTRA	0x32	-938.4	141.5	278.2	1.33	-0.35	-0.07	0.78467	-0.02748	0.60059	0.15369
1600	IMU1	PARENT_BOTTOM_FIXED	0x33	-56.6	-915.0	416.8	-0.63	1.12	-0.63	0.17480	-0.08038	0.53711	-0.82129
1600	IMU2	CHILD_TOP_MOVING	0x34	36.6	-981.4	-240.6	-2.24	1.89	-0.07	-0.06433	0.11432	-0.77881	0.61279
1600	IMU3	POSITION_3_EXTRA	0x35	134.7	-962.3	-257.2	-0.56	1.19	0.35	-0.02032	0.14087	-0.77881	0.61084
1600	IMU4	POSITION_4_EXTRA	0x36	152.7	-988.7	109.8	-0.56	1.05	-0.42	0.19812	-0.07483	-0.66162	0.71924
1609	IMU0	POSITION_0_EXTRA	0x32	-938.4	142.0	276.7	1.26	-0.56	0.14	0.78467	-0.02737	0.60059	0.15369
1609	IMU1	PARENT_BOTTOM_FIXED	0x33	-55.6	-914.5	415.8	-0.70	1.05	-0.70	0.17468	-0.08032	0.53711	-0.82129
1609	IMU2	CHILD_TOP_MOVING	0x34	37.6	-981.4	-240.6	-1.26	1.96	-0.07	-0.06427	0.11420	-0.77930	0.61279
1609	IMU3	POSITION_3_EXTRA	0x35	135.7	-961.8	-257.2	-1.33	1.68	0.70	-0.02025	0.14075	-0.77930	0.61084
1609	IMU4	POSITION_4_EXTRA	0x36	152.7	-988.7	108.8	-0.28	1.12	-0.42	0.19812	-0.07495	-0.66162	0.71924
1617	IMU0	POSITION_0_EXTRA	0x32	-937.0	142.5	277.7	1.40	-0.77	0.21	0.78467	-0.02725	0.60059	0.15356
1617	IMU1	PARENT_BOTTOM_FIXED	0x33	-55.6	-915.0	415.8	-0.70	0.98	-0.70	0.17468	-0.08026	0.53711	-0.82129
1617	IMU2	CHILD_TOP_MOVING	0x34	37.6	-980.9	-240.1	-0.56	1.89	-0.14	-0.06415	0.11414	-0.77930	0.61279
1617	IMU3	POSITION_3_EXTRA	0x35	135.7	-962.3	-256.7	-2.17	2.24	1.05	-0.02013	0.14063	-0.77930	0.61084
1617	IMU4	POSITION_4_EXTRA	0x36	151.3	-989.2	109.3	-0.35	0.98	-0.49	0.19824	-0.07501	-0.66162	0.71875
1625	IMU0	POSITION_0_EXTRA	0x32	-937.9	143.0	274.7	1.54	-0.56	0.21	0.78467	-0.02713	0.60059	0.15356
1625	IMU1	PARENT_BOTTOM_FIXED	0x33	-56.6	-914.5	415.8	-0.84	0.91	-0.70	0.17456	-0.08020	0.53711	-0.82129
1625	IMU2	CHILD_TOP_MOVING	0x34	38.1	-979.9	-238.1	0.07	1.47	-0.14	-0.06409	0.11401	-0.77930	0.61279
1625	IMU3	POSITION_3_EXTRA	0x35	135.7	-963.3	-255.7	-2.52	2.52	1.19	-0.02000	0.14038	-0.77930	0.61035
1625	IMU4	POSITION_4_EXTRA	0x36	151.8	-988.2	109.3	-0.21	0.77	-0.49	0.19824	-0.07507	-0.66162	0.71875
1634	IMU0	POSITION_0_EXTRA	0x32	-939.4	142.0	273.8	1.47	-0.70	0.35	0.78467	-0.02702	0.60059	0.15356
1634	IMU1	PARENT_BOTTOM_FIXED	0x33	-56.1	-915.0	415.3	-0.91	0.91	-0.70	0.17456	-0.08020	0.53711	-0.82129
1634	IMU2	CHILD_TOP_MOVING	0x34	38.1	-977.5	-237.7	0.21	1.19	-0.14	-0.06403	0.11395	-0.77930	0.61279
1634	IMU3	POSITION_3_EXTRA	0x35	137.1	-961.4	-254.7	-2.45	2.45	1.12	-0.01987	0.14014	-0.77930	0.61035
1634	IMU4	POSITION_4_EXTRA	0x36	152.7	-986.7	110.8	-0.28	0.63	-0.49	0.19824	-0.07513	-0.66162	0.71875
1642	IMU0	POSITION_0_EXTRA	0x32	-937.9	142.5	275.2	1.19	-0.84	0.42	0.78467	-0.02692	0.60059	0.15356
1642	IMU1	PARENT_BOTTOM_FIXED	0x33	-56.6	-916.0	415.3	-0.98	0.84	-0.70	0.17444	-0.08014	0.53711	-0.82129
1642	IMU2	CHILD_TOP_MOVING	0x34	39.5	-975.5	-238.1	0.07	0.98	-0.07	-0.06403	0.11389	-0.77930	0.61279
1642	IMU3	POSITION_3_EXTRA	0x35	137.6	-960.4	-254.2	-2.17	2.31	1.05	-0.01974	0.14001	-0.77979	0.61035
1642	IMU4	POSITION_4_EXTRA	0x36	153.7	-985.3	111.8	-0.14	0.56	-0.42	0.19836	-0.07520	-0.66162	0.71875
1650	IMU0	POSITION_0_EXTRA	0x32	-939.4	142.5	273.8	0.91	-0.63	0.42	0.78467	-0.02682	0.60059	0.15356
1650	IMU1	PARENT_BOTTOM_FIXED	0x33	-57.1	-916.0	415.3	-0.91	0.77	-0.63	0.17432	-0.08008	0.53711	-0.82129
1650	IMU2	CHILD_TOP_MOVING	0x34	40.0	-975.0	-241.1	-0.28	0.84	-0.07	-0.06396	0.11383	-0.77930	0.61279
1650	IMU3	POSITION_3_EXTRA	0x35	139.6	-960.4	-251.8	-1.75	2.03	0.98	-0.01962	0.13989	-0.77979	0.61035
1650	IMU4	POSITION_4_EXTRA	0x36	154.2	-984.8	110.3	-0.07	0.42	-0.49	0.19836	-0.07520	-0.66162	0.71875
1659	IMU0	POSITION_0_EXTRA	0x32	-939.9	142.5	272.8	0.70	-0.56	0.42	0.78467	-0.02675	0.60059	0.15356
1659	IMU1	PARENT_BOTTOM_FIXED	0x33	-56.6	-916.5	414.8	-0.84	0.63	-0.63	0.17432	-0.08002	0.53711	-0.82129
1659	IMU2	CHILD_TOP_MOVING	0x34	40.5	-976.0	-240.6	-0.84	0.63	-0.07	-0.06390	0.11383	-0.77930	0.61279
1659	IMU3	POSITION_3_EXTRA	0x35	139.6	-961.4	-253.3	-1.33	1.68	0.70	-0.01950	0.13977	-0.77979	0.61035
1659	IMU4	POSITION_4_EXTRA	0x36	155.7	-984.8	110.3	-0.14	0.35	-0.49	0.19836	-0.07526	-0.66162	0.71875
1667	IMU0	POSITION_0_EXTRA	0x32	-939.4	143.5	275.2	0.42	-0.70	0.42	0.78467	-0.02669	0.60059	0.15356
1667	IMU1	PARENT_BOTTOM_FIXED	0x33	-56.6	-917.9	415.3	-0.77	0.63	-0.63	0.17419	-0.08002	0.53711	-0.82129
1667	IMU2	CHILD_TOP_MOVING	0x34	40.0	-977.0	-241.6	-1.33	0.49	-0.14	-0.06390	0.11383	-0.77930	0.61279
1667	IMU3	POSITION_3_EXTRA	0x35	139.1	-961.8	-254.2	-0.63	0.98	0.42	-0.01944	0.13965	-0.77979	0.61035
1667	IMU4	POSITION_4_EXTRA	0x36	156.2	-986.2	110.3	-0.07	0.28	-0.49	0.19849	-0.07526	-0.66162	0.71875
1675	IMU0	POSITION_0_EXTRA	0x32	-939.9	143.5	276.2	0.42	-0.56	0.42	0.78467	-0.02661	0.60059	0.15356
1675	IMU1	PARENT_BOTTOM_FIXED	0x33	-56.6	-918.4	415.8	-0.77	0.49	-0.56	0.17419	-0.08002	0.53760	-0.82129
1675	IMU2	CHILD_TOP_MOVING	0x34	41.0	-978.4	-241.1	-1.68	0.49	-0.14	-0.06384	0.11377	-0.77930	0.61279
1675	IMU3	POSITION_3_EXTRA	0x35	140.1	-962.3	-256.2	0.00	0.56	0.14	-0.01938	0.13965	-0.77979	0.61035
1675	IMU4	POSITION_4_EXTRA	0x36	156.2	-987.7	109.3	0.00	0.42	-0.49	0.19849	-0.07526	-0.66162	0.71875
1684	IMU0	POSITION_0_EXTRA	0x32	-938.9	143.0	275.7	0.21	-0.63	0.49	0.78467	-0.02657	0.60059	0.15356
1684	IMU1	PARENT_BOTTOM_FIXED	0x33	-56.6	-917.4	414.8	-0.70	0.42	-0.49	0.17407	-0.07996	0.53760	-0.82129
1684	IMU2	CHILD_TOP_MOVING	0x34	39.5	-978.4	-241.6	-1.96	0.63	-0.07	-0.06378	0.11377	-0.77930	0.61279
1684	IMU3	POSITION_3_EXTRA	0x35	139.1	-961.8	-258.6	0.56	0.49	0.07	-0.01933	0.13953	-0.77979	0.61035
1684	IMU4	POSITION_4_EXTRA	0x36	156.6	-986.7	108.3	-0.07	0.42	-0.49	0.19861	-0.07532	-0.66162	0.71875
1692	IMU0	POSITION_0_EXTRA	0x32	-938.4	143.0	276.7	0.07	-0.91	0.56	0.78516	-0.02652	0.60059	0.15356
1692	IMU1	PARENT_BOTTOM_FIXED	0x33	-57.1	-917.0	415.8	-0.84	0.28	-0.42	0.17407	-0.07996	0.53760	-0.82129
1692	IMU2	CHILD_TOP_MOVING	0x34	39.5	-978.9	-241.1	-2.17	1.05	-0.07	-0.06372	0.11371	-0.77930	0.61230
1692	IMU3	POSITION_3_EXTRA	0x35	137.6	-961.4	-258.2	0.56	0.84	0.07	-0.01927	0.13953	-0.77979	0.61035
1692	IMU4	POSITION_4_EXTRA	0x36	156.2	-986.7	109.8	0.00	0.49	-0.49	0.19861	-0.07532	-0.66162	0.71875
1700	IMU0	POSITION_0_EXTRA	0x32	-938.4	143.5	277.2	0.00	-0.91	0.49	0.78516	-0.02647	0.60059	0.15369
1700	IMU1	PARENT_BOTTOM_FIXED	0x33	-57.1	-916.5	416.8	-0.91	0.28	-0.42	0.17407	-0.07996	0.53760	-0.82129
1700	IMU2	CHILD_TOP_MOVING	0x34	39.5	-978.9	-240.1	-2.17	1.47	0.07	-0.06366	0.11365	-0.77930	0.61230
1700	IMU3	POSITION_3_EXTRA	0x35	138.6	-960.9	-259.6	0.21	1.40	0.35	-0.01918	0.13940	-0.77979	0.61035
1700	IMU4	POSITION_4_EXTRA	0x36	155.7	-987.2	108.8	0.14	0.56	-0.49	0.19861	-0.07538	-0.66162	0.71875
1709	IMU0	POSITION_0_EXTRA	0x32	-938.9	143.0	277.7	0.07	-1.05	0.56	0.78516	-0.02641	0.60059	0.15369
1709	IMU1	PARENT_BOTTOM_FIXED	0x33	-56.1	-916.0	415.8	-0.98	0.14	-0.35	0.17407	-0.07990	0.53760	-0.82129
1709	IMU2	CHILD_TOP_MOVING	0x34	40.0	-979.4	-239.6	-2.03	1.75	0.14	-0.06354	0.11353	-0.77930	0.61230
1709	IMU3	POSITION_3_EXTRA	0x35	137.6	-960.4	-258.6	-0.35	2.10	0.56	-0.01906	0.13928	-0.77979	0.61035
1709	IMU4	POSITION_4_EXTRA	0x36	154.7	-987.2	109.8	0.21	0.49	-0.56	0.19873	-0.07538	-0.66162	0.71875
1717	IMU0	POSITION_0_EXTRA	0x32	-938.4	143.5	278.2	0.21	-1.12	0.56	0.78516	-0.02635	0.60010	0.15369
1717	IMU1	PARENT_BOTTOM_FIXED	0x33	-56.6	-915.5	416.3	-1.05	0.14	-0.28	0.17407	-0.07990	0.53760	-0.82129
1717	IMU2	CHILD_TOP_MOVING	0x34	38.6	-979.4	-241.1	-1.68	1.82	0.14	-0.06348	0.11346	-0.77979	0.61230
1717	IMU3	POSITION_3_EXTRA	0x35	137.6	-960.9	-258.6	-1.05	2.73	0.84	-0.01891	0.13916	-0.77979	0.61035
1717	IMU4	POSITION_4_EXTRA	0x36	154.2	-987.7	109.3	0.42	0.35	-0.63	0.19873	-0.07538	-0.66162	0.71875
1725	IMU0	POSITION_0_EXTRA	0x32	-938.9	143.5	279.1	0.42	-1.19	0.70	0.78516	-0.02628	0.60010	0.15381
1725	IMU1	PARENT_BOTTOM_FIXED	0x33	-56.1	-915.0	415.8	-1.19	0.07	-0.21	0.17407	-0.07990	0.53760	-0.82129
1725	IMU2	CHILD_TOP_MOVING	0x34	38.6	-978.9	-242.5	-1.12	1.75	0.21	-0.06342	0.11334	-0.77979	0.61230
1725	IMU3	POSITION_3_EXTRA	0x35	137.1	-961.4	-257.2	-1.47	3.01	1.05	-0.01874	0.13892	-0.77979	0.61035
1725	IMU4	POSITION_4_EXTRA	0x36	154.2	-988.2	109.3	0.49	0.21	-0.63	0.19873	-0.07538	-0.66162	0.71875
1734	IMU0	POSITION_0_EXTRA	0x32	-939.4	144.0	278.6	0.63	-1.40	0.77	0.78516	-0.02617	0.60010	0.15381
1734	IMU1	PARENT_BOTTOM_FIXED	0x33	-56.1	-915.0	416.3	-1.26	-0.07	-0.14	0.17407	-0.07990	0.53760	-0.82129
1734	IMU2	CHILD_TOP_MOVING	0x34	37.6	-979.4	-243.5	-0.56	1.26	0.14	-0.06342	0.11328	-0.77979	0.61230
1734	IMU3	POSITION_3_EXTRA	0x35	135.7	-961.8	-257.7	-1.96	3.01	1.19	-0.01860	0.13867	-0.78027	0.60986
1734	IMU4	POSITION_4_EXTRA	0x36	153.7	-987.7	109.3	0.56	0.14	-0.63	0.19885	-0.07544	-0.66162	0.71875
1742	IMU0	POSITION_0_EXTRA	0x32	-938.4	144.0	278.6	0.70	-1.54	0.98	0.78516	-0.02606	0.60010	0.15381
1742	IMU1	PARENT_BOTTOM_FIXED	0x33	-56.6	-915.0	416.3	-1.26	-0.14	-0.14	0.17407	-0.07990	0.53760	-0.82129
1742	IMU2	CHILD_TOP_MOVING	0x34	36.1	-978.4	-245.5	-0.21	0.91	0.07	-0.06329	0.11316	-0.77979	0.61230
1742	IMU3	POSITION_3_EXTRA	0x35	135.7	-961.8	-258.2	-2.17	2.59	1.26	-0.01848	0.13843	-0.78027	0.60986
1742	IMU4	POSITION_4_EXTRA	0x36	153.7	-987.7	110.3	0.49	0.14	-0.70	0.19885	-0.07544	-0.66162	0.71826
1750	IMU0	POSITION_0_EXTRA	0x32	-938.4	144.4	277.7	0.84	-1.75	1.12	0.78516	-0.02592	0.60010	0.15393
1750	IMU1	PARENT_BOTTOM_FIXED	0x33	-56.1	-915.5	415.3	-1.47	-0.14	-0.07	0.17407	-0.07990	0.53760	-0.82129
1750	IMU2	CHILD_TOP_MOVING	0x34	36.1	-977.5	-245.0	-0.07	0.35	0.07	-0.06335	0.11316	-0.77979	0.61230
1750	IMU3	POSITION_3_EXTRA	0x35	135.2	-962.3	-256.7	-2.10	2.10	1.19	-0.01837	0.13831	-0.78027	0.60986
1750	IMU4	POSITION_4_EXTRA	0x36	153.2	-988.2	108.8	0.56	0.28	-0.70	0.19885	-0.07544	-0.66162	0.71826
1759	IMU0	POSITION_0_EXTRA	0x32	-937.9	143.5	278.2	0.63	-1.96	1.26	0.78516	-0.02580	0.60010	0.15393
1759	IMU1	PARENT_BOTTOM_FIXED	0x33	-56.1	-916.0	415.8	-1.61	-0.28	0.00	0.17407	-0.07990	0.53760	-0.82129
1759	IMU2	CHILD_TOP_MOVING	0x34	36.6	-977.5	-244.5	0.00	-0.21	0.07	-0.06335	0.11316	-0.77979	0.61230
1759	IMU3	POSITION_3_EXTRA	0x35	134.2	-961.8	-257.7	-1.61	1.54	0.91	-0.01831	0.13818	-0.78027	0.60986
1759	IMU4	POSITION_4_EXTRA	0x36	152.3	-987.2	108.8	0.56	0.00	-0.70	0.19897	-0.07544	-0.66162	0.71826
1767	IMU0	POSITION_0_EXTRA	0x32	-937.4	144.4	278.2	0.49	-2.03	1.33	0.78564	-0.02568	0.59961	0.15405
1767	IMU1	PARENT_BOTTOM_FIXED	0x33	-55.1	-916.0	415.8	-1.61	-0.35	0.07	0.17407	-0.07996	0.53760	-0.82129
1767	IMU2	CHILD_TOP_MOVING	0x34	37.6	-977.0	-243.5	-0.21	-0.77	-0.07	-0.06342	0.11316	-0.77979	0.61230
1767	IMU3	POSITION_3_EXTRA	0x35	136.2	-959.9	-258.6	-0.98	1.05	0.70	-0.01825	0.13806	-0.78027	0.60986
1767	IMU4	POSITION_4_EXTRA	0x36	154.2	-986.7	107.8	0.56	0.07	-0.63	0.19897	-0.07544	-0.66162	0.71826
1775	IMU0	POSITION_0_EXTRA	0x32	-937.0	144.4	279.6	0.28	-1.96	1.40	0.78564	-0.02557	0.59961	0.15405
1775	IMU1	PARENT_BOTTOM_FIXED	0x33	-55.6	-916.5	416.8	-1.61	-0.42	0.07	0.17407	-0.07996	0.53760	-0.82129
1775	IMU2	CHILD_TOP_MOVING	0x34	39.0	-976.0	-242.0	-0.49	-1.12	-0.14	-0.06342	0.11316	-0.77979	0.61230
1775	IMU3	POSITION_3_EXTRA	0x35	136.6	-960.4	-257.7	-0.42	0.91	0.56	-0.01820	0.13794	-0.78027	0.60986
1775	IMU4	POSITION_4_EXTRA	0x36	153.7	-985.8	109.3	0.56	0.00	-0.70	0.19897	-0.07544	-0.66162	0.71826
1784	IMU0	POSITION_0_EXTRA	0x32	-937.0	144.0	280.6	0.14	-2.10	1.47	0.78564	-0.02547	0.59961	0.15417
1784	IMU1	PARENT_BOTTOM_FIXED	0x33	-55.1	-917.0	415.8	-1.61	-0.56	0.14	0.17407	-0.07996	0.53760	-0.82129
1784	IMU2	CHILD_TOP_MOVING	0x34	39.0	-976.0	-240.6	-0.77	-0.98	-0.21	-0.06348	0.11316	-0.77979	0.61230
1784	IMU3	POSITION_3_EXTRA	0x35	136.2	-959.9	-258.2	0.14	0.84	0.28	-0.01814	0.13782	-0.78027	0.60986
1784	IMU4	POSITION_4_EXTRA	0x36	153.2	-985.3	111.3	0.42	0.00	-0.70	0.19897	-0.07544	-0.66162	0.71826
1792	IMU0	POSITION_0_EXTRA	0x32	-936.5	144.4	282.1	0.07	-1.96	1.61	0.78564	-0.02536	0.59961	0.15430
1792	IMU1	PARENT_BOTTOM_FIXED	0x33	-56.6	-917.9	416.3	-1.61	-0.49	0.21	0.17419	-0.08002	0.53809	-0.82129
1792	IMU2	CHILD_TOP_MOVING	0x34	39.0	-977.0	-241.1	-1.05	-0.42	-0.21	-0.06354	0.11322	-0.77979	0.61230
1792	IMU3	POSITION_3_EXTRA	0x35	135.7	-959.9	-258.6	0.35	0.98	0.14	-0.01808	0.13782	-0.78027	0.60986
1792	IMU4	POSITION_4_EXTRA	0x36	152.7	-985.8	111.3	0.49	0.00	-0.70	0.19910	-0.07544	-0.66162	0.71826
1800	IMU0	POSITION_0_EXTRA	0x32	-937.4	144.4	281.6	0.00	-2.03	1.68	0.78564	-0.02527	0.59912	0.15442
1800	IMU1	PARENT_BOTTOM_FIXED	0x33	-56.6	-917.9	415.3	-1.68	-0.49	0.21	0.17419	-0.08002	0.53809	-0.82129
1800	IMU2	CHILD_TOP_MOVING	0x34	37.6	-977.5	-241.1	-1.19	0.28	-0.21	-0.06360	0.11322	-0.77979	0.61230
1800	IMU3	POSITION_3_EXTRA	0x35	134.2	-959.4	-258.6	0.21	1.19	0.14	-0.01802	0.13770	-0.78027	0.60986
1800	IMU4	POSITION_4_EXTRA	0x36	151.3	-987.2	109.8	0.77	-0.07	-0.77	0.19910	-0.07544	-0.66162	0.71826
1809	IMU0	POSITION_0_EXTRA	0x32	-937.4	144.9	282.6	0.00	-1.96	1.82	0.78564	-0.02515	0.59912	0.15454
1809	IMU1	PARENT_BOTTOM_FIXED	0x33	-57.6	-917.9	415.3	-1.68	-0.49	0.28	0.17419	-0.08002	0.53809	-0.82129
1809	IMU2	CHILD_TOP_MOVING	0x34	36.1	-978.0	-241.6	-1.26	0.98	-0.21	-0.06354	0.11322	-0.77979	0.61182
1809	IMU3	POSITION_3_EXTRA	0x35	134.2	-960.4	-256.7	0.00	1.33	0.07	-0.01794	0.13757	-0.78027	0.60986
1809	IMU4	POSITION_4_EXTRA	0x36	151.8	-987.2	110.8	0.77	-0.28	-0.77	0.19910	-0.07544	-0.66162	0.71826
1817	IMU0	POSITION_0_EXTRA	0x32	-937.0	145.9	282.6	0.07	-1.96	1.89	0.78613	-0.02502	0.59912	0.15466
1817	IMU1	PARENT_BOTTOM_FIXED	0x33	-56.6	-918.9	413.8	-1.75	-0.49	0.35	0.17432	-0.08002	0.53809	-0.82080
1817	IMU2	CHILD_TOP_MOVING	0x34	36.1	-978.4	-243.0	-1.12	1.12	-0.28	-0.06354	0.11316	-0.77979	0.61182
1817	IMU3	POSITION_3_EXTRA	0x35	133.7	-961.4	-257.7	-0.28	1.19	0.14	-0.01787	0.13757	-0.78027	0.60986
1817	IMU4	POSITION_4_EXTRA	0x36	151.8	-986.7	110.8	0.70	-0.21	-0.84	0.19910	-0.07538	-0.66162	0.71826
1825	IMU0	POSITION_0_EXTRA	0x32	-939.4	146.4	280.1	0.07	-1.89	1.96	0.78613	-0.02490	0.59912	0.15479
1825	IMU1	PARENT_BOTTOM_FIXED	0x33	-58.1	-920.4	414.3	-1.61	-0.63	0.35	0.17432	-0.08008	0.53809	-0.82080
1825	IMU2	CHILD_TOP_MOVING	0x34	36.1	-978.4	-243.5	-0.91	0.70	-0.42	-0.06348	0.11310	-0.77979	0.61182
1825	IMU3	POSITION_3_EXTRA	0x35	133.2	-961.8	-257.2	-0.56	0.91	0.14	-0.01782	0.13745	-0.78076	0.60986
1825	IMU4	POSITION_4_EXTRA	0x36	151.8	-987.7	111.8	0.49	-0.21	-0.77	0.19910	-0.07538	-0.66162	0.71826
1834	IMU0	POSITION_0_EXTRA	0x32	-938.9	146.4	278.6	0.07	-2.17	2.03	0.78613	-0.02478	0.59863	0.15491
1834	IMU1	PARENT_BOTTOM_FIXED	0x33	-56.6	-920.4	413.8	-1.47	-0.77	0.35	0.17432	-0.08008	0.53809	-0.82080
1834	IMU2	CHILD_TOP_MOVING	0x34	35.6	-978.9	-244.5	-0.56	0.14	-0.49	-0.06342	0.11310	-0.77979	0.61182
1834	IMU3	POSITION_3_EXTRA	0x35	132.7	-960.9	-257.7	-0.91	0.56	0.14	-0.01778	0.13733	-0.78076	0.60986
1834	IMU4	POSITION_4_EXTRA	0x36	151.8	-988.2	110.8	0.42	-0.35	-0.77	0.19910	-0.07538	-0.66162	0.71826
1842	IMU0	POSITION_0_EXTRA	0x32	-938.4	146.9	279.1	0.07	-2.24	2.10	0.78613	-0.02464	0.59863	0.15503
1842	IMU1	PARENT_BOTTOM_FIXED	0x33	-55.6	-921.8	414.3	-1.33	-0.91	0.42	0.17444	-0.08014	0.53809	-0.82080
1842	IMU2	CHILD_TOP_MOVING	0x34	34.6	-978.0	-243.5	-0.14	-0.77	-0.63	-0.06342	0.11310	-0.77979	0.61182
1842	IMU3	POSITION_3_EXTRA	0x35	133.7	-961.8	-258.2	-0.98	0.21	0.07	-0.01776	0.13733	-0.78076	0.60938
1842	IMU4	POSITION_4_EXTRA	0x36	151.3	-987.2	111.3	0.42	-0.49	-0.70	0.19910	-0.07538	-0.66162	0.71826
1850	IMU0	POSITION_0_EXTRA	0x32	-937.9	146.9	280.1	-0.14	-2.17	2.10	0.78613	-0.02454	0.59863	0.15515
1850	IMU1	PARENT_BOTTOM_FIXED	0x33	-55.6	-921.3	414.8	-1.26	-1.05	0.42	0.17444	-0.08014	0.53809	-0.82080
1850	IMU2	CHILD_TOP_MOVING	0x34	34.2	-978.0	-245.5	-0.14	-1.61	-0.70	-0.06348	0.11310	-0.77979	0.61182
1850	IMU3	POSITION_3_EXTRA	0x35	132.7	-961.8	-257.7	-0.91	-0.28	-0.07	-0.01776	0.13733	-0.78076	0.60938
1850	IMU4	POSITION_4_EXTRA	0x36	151.8	-987.7	111.8	0.28	-0.56	-0.70	0.19910	-0.07538	-0.66162	0.71826
1859	IMU0	POSITION_0_EXTRA	0x32	-937.0	147.9	281.1	-0.35	-1.75	2.03	0.78613	-0.02443	0.59863	0.15527
1859	IMU1	PARENT_BOTTOM_FIXED	0x33	-55.1	-922.3	414.3	-1.12	-1.05	0.42	0.17456	-0.08020	0.53809	-0.82080
1859	IMU2	CHILD_TOP_MOVING	0x34	36.6	-978.0	-245.5	-0.07	-2.24	-0.77	-0.06354	0.11322	-0.77979	0.61182
1859	IMU3	POSITION_3_EXTRA	0x35	134.2	-962.3	-257.7	-0.84	-0.56	-0.07	-0.01778	0.13733	-0.78076	0.60938
1859	IMU4	POSITION_4_EXTRA	0x36	152.7	-986.7	112.2	0.28	-0.70	-0.70	0.19910	-0.07532	-0.66162	0.71826
1867	IMU0	POSITION_0_EXTRA	0x32	-937.9	146.9	280.6	-0.35	-1.47	1.96	0.78613	-0.02434	0.59863	0.15540
1867	IMU1	PARENT_BOTTOM_FIXED	0x33	-55.6	-922.3	415.8	-1.05	-1.05	0.35	0.17456	-0.08026	0.53809	-0.82080
1867	IMU2	CHILD_TOP_MOVING	0x34	38.1	-977.5	-245.0	-0.35	-2.52	-0.98	-0.06366	0.11334	-0.77979	0.61182
1867	IMU3	POSITION_3_EXTRA	0x35	135.2	-963.3	-257.2	-0.49	-0.70	-0.28	-0.01779	0.13733	-0.78076	0.60938
1867	IMU4	POSITION_4_EXTRA	0x36	152.3	-987.2	111.3	0.28	-0.98	-0.70	0.19910	-0.07526	-0.66162	0.71826
1875	IMU0	POSITION_0_EXTRA	0x32	-937.4	146.9	282.6	-0.63	-1.33	1.89	0.78613	-0.02428	0.59814	0.15552
1875	IMU1	PARENT_BOTTOM_FIXED	0x33	-55.1	-922.3	415.8	-0.98	-1.05	0.35	0.17468	-0.08032	0.53857	-0.82080
1875	IMU2	CHILD_TOP_MOVING	0x34	38.1	-978.0	-245.0	-0.63	-2.10	-0.98	-0.06378	0.11346	-0.77979	0.61182
1875	IMU3	POSITION_3_EXTRA	0x35	135.7	-962.3	-256.2	-0.07	-1.12	-0.49	-0.01782	0.13745	-0.78076	0.60938
1875	IMU4	POSITION_4_EXTRA	0x36	152.7	-988.2	109.8	0.42	-1.05	-0.63	0.19910	-0.07526	-0.66162	0.71826
1884	IMU0	POSITION_0_EXTRA	0x32	-937.9	145.9	282.6	-0.84	-0.84	1.75	0.78613	-0.02423	0.59814	0.15564
1884	IMU1	PARENT_BOTTOM_FIXED	0x33	-55.6	-921.3	415.8	-0.91	-1.19	0.35	0.17480	-0.08032	0.53857	-0.82080
1884	IMU2	CHILD_TOP_MOVING	0x34	37.6	-978.0	-244.5	-0.63	-2.10	-0.98	-0.06390	0.11359	-0.77979	0.61182
1884	IMU3	POSITION_3_EXTRA	0x35	135.2	-962.8	-257.2	0.00	-1.26	-0.63	-0.01785	0.13745	-0.78076	0.60938
1884	IMU4	POSITION_4_EXTRA	0x36	152.3	-988.2	110.8	0.35	-1.12	-0.63	0.19897	-0.07520	-0.66162	0.71826
1892	IMU0	POSITION_0_EXTRA	0x32	-937.9	146.9	283.0	-1.05	-0.63	1.68	0.78613	-0.02422	0.59814	0.15588
1892	IMU1	PARENT_BOTTOM_FIXED	0x33	-54.7	-920.4	416.8	-0.84	-1.33	0.35	0.17480	-0.08038	0.53857	-0.82080
1892	IMU2	CHILD_TOP_MOVING	0x34	37.6	-978.0	-243.5	-0.77	-1.19	-0.91	-0.06390	0.11371	-0.77979	0.61182
1892	IMU3	POSITION_3_EXTRA	0x35	134.7	-962.8	-258.2	-0.07	-1.26	-0.63	-0.01788	0.13757	-0.78076	0.60938
1892	IMU4	POSITION_4_EXTRA	0x36	152.7	-988.2	110.3	0.56	-1.26	-0.63	0.19897	-0.07513	-0.66162	0.71826
1900	IMU0	POSITION_0_EXTRA	0x32	-937.0	148.8	283.0	-1.05	-0.63	1.61	0.78613	-0.02419	0.59814	0.15601
1900	IMU1	PARENT_BOTTOM_FIXED	0x33	-55.1	-919.4	415.8	-0.84	-1.47	0.35	0.17493	-0.08051	0.53857	-0.82080
1900	IMU2	CHILD_TOP_MOVING	0x34	37.1	-978.4	-243.5	-1.19	-0.35	-0.98	-0.06390	0.11377	-0.77979	0.61182
1900	IMU3	POSITION_3_EXTRA	0x35	136.2	-962.8	-258.6	-0.35	-0.84	-0.63	-0.01788	0.13757	-0.78076	0.60938
1900	IMU4	POSITION_4_EXTRA	0x36	152.7	-989.2	109.8	0.56	-1.40	-0.56	0.19897	-0.07507	-0.66162	0.71826
1909	IMU0	POSITION_0_EXTRA	0x32	-936.5	148.8	282.1	-0.91	-0.84	1.61	0.78613	-0.02414	0.59814	0.15613
1909	IMU1	PARENT_BOTTOM_FIXED	0x33	-55.1	-919.4	415.3	-0.77	-1.47	0.35	0.17493	-0.08057	0.53857	-0.82080
1909	IMU2	CHILD_TOP_MOVING	0x34	36.6	-979.4	-243.5	-1.47	-0.14	-0.98	-0.06390	0.11377	-0.77979	0.61182
1909	IMU3	POSITION_3_EXTRA	0x35	134.7	-963.3	-257.7	-0.77	-0.63	-0.56	-0.01788	0.13757	-0.78076	0.60938
1909	IMU4	POSITION_4_EXTRA	0x36	152.3	-990.2	110.3	0.49	-1.47	-0.56	0.19885	-0.07501	-0.66162	0.71826
1917	IMU0	POSITION_0_EXTRA	0x32	-937.0	146.9	280.1	-1.12	-1.05	1.68	0.78613	-0.02412	0.59814	0.15625
1917	IMU1	PARENT_BOTTOM_FIXED	0x33	-54.2	-918.4	413.3	-0.63	-1.54	0.28	0.17505	-0.08063	0.53857	-0.82080
1917	IMU2	CHILD_TOP_MOVING	0x34	35.1	-978.9	-244.5	-1.89	-0.42	-1.05	-0.06390	0.11383	-0.77979	0.61182
1917	IMU3	POSITION_3_EXTRA	0x35	134.2	-962.3	-256.7	-0.84	-0.70	-0.56	-0.01788	0.13770	-0.78076	0.60938
1917	IMU4	POSITION_4_EXTRA	0x36	151.8	-989.2	108.8	0.49	-1.61	-0.56	0.19885	-0.07495	-0.66211	0.71826
1925	IMU0	POSITION_0_EXTRA	0x32	-935.5	146.4	278.2	-1.68	-0.21	1.47	0.78613	-0.02415	0.59814	0.15637
1925	IMU1	PARENT_BOTTOM_FIXED	0x33	-54.7	-917.4	414.3	-0.70	-1.40	0.28	0.17517	-0.08069	0.53809	-0.82080
1925	IMU2	CHILD_TOP_MOVING	0x34	35.1	-978.9	-244.5	-1.82	-1.12	-1.26	-0.06390	0.11395	-0.78027	0.61133
1925	IMU3	POSITION_3_EXTRA	0x35	133.7	-962.3	-258.2	-0.77	-1.12	-0.70	-0.01790	0.13770	-0.78076	0.60938
1925	IMU4	POSITION_4_EXTRA	0x36	151.8	-988.7	109.8	0.63	-1.89	-0.49	0.19873	-0.07489	-0.66211	0.71875
1934	IMU0	POSITION_0_EXTRA	0x32	-935.0	145.4	277.2	-2.24	0.70	1.26	0.78613	-0.02425	0.59814	0.15662
1934	IMU1	PARENT_BOTTOM_FIXED	0x33	-53.7	-917.0	413.8	-0.77	-1.26	0.35	0.17517	-0.08075	0.53809	-0.82080
1934	IMU2	CHILD_TOP_MOVING	0x34	35.6	-978.9	-244.5	-1.47	-1.75	-1.40	-0.06396	0.11407	-0.78027	0.61133
1934	IMU3	POSITION_3_EXTRA	0x35	135.7	-962.3	-258.6	-0.56	-1.61	-0.91	-0.01794	0.13782	-0.78076	0.60938
1934	IMU4	POSITION_4_EXTRA	0x36	153.2	-987.7	110.8	0.84	-2.24	-0.49	0.19861	-0.07477	-0.66211	0.71875
1942	IMU0	POSITION_0_EXTRA	0x32	-937.4	145.4	270.8	-2.73	0.42	1.19	0.78613	-0.02437	0.59814	0.15674
1942	IMU1	PARENT_BOTTOM_FIXED	0x33	-55.1	-916.0	414.3	-0.84	-1.12	0.35	0.17529	-0.08081	0.53809	-0.82031
1942	IMU2	CHILD_TOP_MOVING	0x34	37.6	-978.4	-245.5	-0.98	-1.89	-1.47	-0.06403	0.11426	-0.78027	0.61133
1942	IMU3	POSITION_3_EXTRA	0x35	137.6	-963.8	-258.2	-0.28	-2.03	-1.05	-0.01799	0.13794	-0.78076	0.60938
1942	IMU4	POSITION_4_EXTRA	0x36	154.7	-989.2	108.8	0.84	-2.24	-0.49	0.19861	-0.07465	-0.66211	0.71875
1950	IMU0	POSITION_0_EXTRA	0x32	-938.4	147.4	284.5	-2.52	-1.47	1.54	0.78613	-0.02441	0.59814	0.15698
1950	IMU1	PARENT_BOTTOM_FIXED	0x33	-55.1	-917.0	414.8	-0.91	-1.12	0.42	0.17529	-0.08081	0.53809	-0.82031
1950	IMU2	CHILD_TOP_MOVING	0x34	40.0	-979.4	-245.0	-0.42	-1.61	-1.40	-0.06409	0.11438	-0.78027	0.61133
1950	IMU3	POSITION_3_EXTRA	0x35	137.1	-961.8	-258.2	-0.35	-2.24	-1.05	-0.01804	0.13806	-0.78076	0.60938
1950	IMU4	POSITION_4_EXTRA	0x36	153.7	-989.7	110.3	0.84	-2.45	-0.49	0.19849	-0.07452	-0.66211	0.71875
1959	IMU0	POSITION_0_EXTRA	0x32	-931.6	152.7	296.2	-2.03	-0.35	1.26	0.78613	-0.02444	0.59814	0.15710
1959	IMU1	PARENT_BOTTOM_FIXED	0x33	-54.7	-917.9	415.8	-0.77	-1.19	0.49	0.17542	-0.08087	0.53809	-0.82031
1959	IMU2	CHILD_TOP_MOVING	0x34	40.5	-978.9	-243.5	-0.14	-0.63	-1.40	-0.06403	0.11444	-0.78027	0.61133
1959	IMU3	POSITION_3_EXTRA	0x35	134.7	-959.9	-259.6	-0.84	-2.24	-0.98	-0.01811	0.13818	-0.78076	0.60889
1959	IMU4	POSITION_4_EXTRA	0x36	153.7	-988.2	111.8	1.19	-2.66	-0.56	0.19836	-0.07440	-0.66211	0.71875
1967	IMU0	POSITION_0_EXTRA	0x32	-935.0	152.7	298.2	-1.05	1.68	0.77	0.78613	-0.02446	0.59814	0.15723
1967	IMU1	PARENT_BOTTOM_FIXED	0x33	-55.1	-917.0	414.3	-0.70	-1.33	0.49	0.17554	-0.08093	0.53809	-0.82031
1967	IMU2	CHILD_TOP_MOVING	0x34	39.0	-977.5	-241.1	0.07	0.35	-1.33	-0.06396	0.11450	-0.78027	0.61133
1967	IMU3	POSITION_3_EXTRA	0x35	132.7	-959.9	-259.6	-1.40	-1.68	-0.91	-0.01816	0.13831	-0.78076	0.60889
1967	IMU4	POSITION_4_EXTRA	0x36	150.8	-985.3	112.2	1.33	-2.80	-0.56	0.19824	-0.07422	-0.66211	0.71875
1975	IMU0	POSITION_0_EXTRA	0x32	-939.4	149.3	285.0	-1.33	0.77	1.40	0.78613	-0.02448	0.59814	0.15747
1975	IMU1	PARENT_BOTTOM_FIXED	0x33	-55.1	-917.4	415.3	-0.63	-1.47	0.49	0.17554	-0.08099	0.53809	-0.82031
1975	IMU2	CHILD_TOP_MOVING	0x34	36.6	-976.5	-241.1	-0.07	0.70	-1.40	-0.06390	0.11450	-0.78027	0.61133
1975	IMU3	POSITION_3_EXTRA	0x35	134.2	-959.4	-259.6	-1.82	-1.19	-0.84	-0.01816	0.13843	-0.78076	0.60889
1975	IMU4	POSITION_4_EXTRA	0x36	150.3	-984.8	111.8	1.26	-2.66	-0.49	0.19812	-0.07410	-0.66211	0.71875
1984	IMU0	POSITION_0_EXTRA	0x32	-936.0	146.4	285.5	-1.19	-0.70	1.96	0.78613	-0.02446	0.59814	0.15759
1984	IMU1	PARENT_BOTTOM_FIXED	0x33	-55.6	-917.4	414.3	-0.63	-1.61	0.49	0.17566	-0.08105	0.53809	-0.82031
1984	IMU2	CHILD_TOP_MOVING	0x34	36.1	-976.5	-242.0	-0.63	0.49	-1.61	-0.06384	0.11456	-0.78027	0.61133
1984	IMU3	POSITION_3_EXTRA	0x35	137.6	-961.4	-259.1	-1.68	-0.98	-0.91	-0.01816	0.13843	-0.78125	0.60889
1984	IMU4	POSITION_4_EXTRA	0x36	152.7	-987.2	109.3	1.05	-2.59	-0.49	0.19800	-0.07397	-0.66211	0.71875
1992	IMU0	POSITION_0_EXTRA	0x32	-934.5	146.4	278.2	-0.70	-0.70	1.82	0.78613	-0.02441	0.59766	0.15771
1992	IMU1	PARENT_BOTTOM_FIXED	0x33	-57.1	-917.9	414.3	-0.56	-1.82	0.49	0.17578	-0.08112	0.53809	-0.82031
1992	IMU2	CHILD_TOP_MOVING	0x34	36.6	-977.5	-243.5	-1.05	-0.49	-1.61	-0.06384	0.11469	-0.78027	0.61133
1992	IMU3	POSITION_3_EXTRA	0x35	140.5	-961.8	-260.6	-0.98	-1.54	-1.05	-0.01814	0.13843	-0.78125	0.60889
1992	IMU4	POSITION_4_EXTRA	0x36	155.7	-988.7	107.8	1.19	-2.73	-0.49	0.19788	-0.07385	-0.66211	0.71875
2000	IMU0	POSITION_0_EXTRA	0x32	-938.9	144.9	267.9	-1.05	-1.26	1.96	0.78613	-0.02440	0.59766	0.15784
2000	IMU1	PARENT_BOTTOM_FIXED	0x33	-56.1	-918.9	413.8	-0.49	-1.96	0.49	0.17590	-0.08118	0.53809	-0.82031
2000	IMU2	CHILD_TOP_MOVING	0x34	39.0	-978.4	-244.0	-0.84	-1.47	-1.68	-0.06384	0.11481	-0.78027	0.61133
2000	IMU3	POSITION_3_EXTRA	0x35	141.5	-960.9	-263.0	-0.07	-2.45	-1.33	-0.01813	0.13855	-0.78125	0.60889
2000	IMU4	POSITION_4_EXTRA	0x36	159.6	-988.2	106.4	1.33	-2.94	-0.56	0.19775	-0.07367	-0.66211	0.71875
2009	IMU0	POSITION_0_EXTRA	0x32	-935.0	146.9	268.4	-1.89	-1.96	2.17	0.78613	-0.02440	0.59766	0.15808
2009	IMU1	PARENT_BOTTOM_FIXED	0x33	-56.6	-919.4	412.8	-0.49	-2.10	0.56	0.17603	-0.08130	0.53809	-0.82031
2009	IMU2	CHILD_TOP_MOVING	0x34	42.9	-978.9	-244.0	-0.07	-2.38	-1.68	-0.06390	0.11499	-0.77979	0.61133
2009	IMU3	POSITION_3_EXTRA	0x35	142.0	-959.9	-266.0	0.70	-3.15	-1.61	-0.01817	0.13879	-0.78125	0.60889
2009	IMU4	POSITION_4_EXTRA	0x36	161.0	-986.7	106.4	1.12	-2.87	-0.56	0.19775	-0.07349	-0.66211	0.71875
2017	IMU0	POSITION_0_EXTRA	0x32	-934.0	147.9	272.3	-2.45	-0.56	1.54	0.78613	-0.02446	0.59766	0.15820
2017	IMU1	PARENT_BOTTOM_FIXED	0x33	-56.6	-918.9	413.3	-0.49	-2.17	0.63	0.17615	-0.08136	0.53809	-0.82031
2017	IMU2	CHILD_TOP_MOVING	0x34	44.4	-978.0	-243.5	0.49	-2.80	-1.61	-0.06396	0.11523	-0.77979	0.61133
2017	IMU3	POSITION_3_EXTRA	0x35	141.0	-957.5	-266.9	1.26	-3.36	-1.75	-0.01825	0.13904	-0.78125	0.60889
2017	IMU4	POSITION_4_EXTRA	0x36	160.6	-987.2	107.8	0.77	-2.80	-0.56	0.19763	-0.07330	-0.66211	0.71875
2025	IMU0	POSITION_0_EXTRA	0x32	-937.0	148.4	279.6	-2.87	-0.07	1.26	0.78613	-0.02458	0.59766	0.15845
2025	IMU1	PARENT_BOTTOM_FIXED	0x33	-57.1	-919.4	414.3	-0.63	-2.17	0.70	0.17627	-0.08148	0.53809	-0.82031
2025	IMU2	CHILD_TOP_MOVING	0x34	45.4	-977.0	-244.5	0.42	-2.73	-1.54	-0.06409	0.11542	-0.77979	0.61133
2025	IMU3	POSITION_3_EXTRA	0x35	141.5	-959.9	-266.0	1.47	-2.66	-1.82	-0.01833	0.13928	-0.78125	0.60889
2025	IMU4	POSITION_4_EXTRA	0x36	160.1	-987.2	109.8	0.84	-2.59	-0.70	0.19751	-0.07312	-0.66211	0.71875
2034	IMU0	POSITION_0_EXTRA	0x32	-932.1	152.3	290.8	-2.94	-0.42	1.26	0.78613	-0.02466	0.59766	0.15869
2034	IMU1	PARENT_BOTTOM_FIXED	0x33	-56.6	-918.9	415.3	-0.70	-2.10	0.70	0.17639	-0.08154	0.53809	-0.82031
2034	IMU2	CHILD_TOP_MOVING	0x34	44.9	-975.5	-245.5	0.00	-2.17	-1.54	-0.06415	0.11560	-0.77979	0.61133
2034	IMU3	POSITION_3_EXTRA	0x35	140.1	-959.9	-264.5	1.54	-1.68	-1.68	-0.01839	0.13940	-0.78076	0.60889
2034	IMU4	POSITION_4_EXTRA	0x36	160.1	-987.7	107.4	0.98	-2.66	-0.77	0.19751	-0.07300	-0.66211	0.71875
2042	IMU0	POSITION_0_EXTRA	0x32	-930.6	152.3	292.3	-3.01	0.63	0.84	0.78613	-0.02478	0.59766	0.15881
2042	IMU1	PARENT_BOTTOM_FIXED	0x33	-57.6	-918.9	414.8	-0.84	-2.10	0.77	0.17651	-0.08160	0.53809	-0.82031
2042	IMU2	CHILD_TOP_MOVING	0x34	42.5	-977.0	-247.4	-0.77	-1.61	-1.54	-0.06415	0.11578	-0.77979	0.61133
2042	IMU3	POSITION_3_EXTRA	0x35	139.1	-960.9	-262.5	1.05	-0.84	-1.40	-0.01839	0.13965	-0.78076	0.60889
2042	IMU4	POSITION_4_EXTRA	0x36	160.1	-987.2	109.3	1.12	-2.73	-0.70	0.19739	-0.07281	-0.66211	0.71875
2050	IMU0	POSITION_0_EXTRA	0x32	-934.5	148.8	281.1	-3.50	1.40	0.70	0.78613	-0.02496	0.59766	0.15906
2050	IMU1	PARENT_BOTTOM_FIXED	0x33	-57.6	-918.9	414.3	-0.91	-2.24	0.91	0.17676	-0.08167	0.53809	-0.82031
2050	IMU2	CHILD_TOP_MOVING	0x34	39.5	-978.4	-246.9	-1.19	-1.12	-1.47	-0.06415	0.11584	-0.77979	0.61133
2050	IMU3	POSITION_3_EXTRA	0x35	139.6	-960.9	-259.6	1.05	-0.63	-0.98	-0.01836	0.13977	-0.78076	0.60889
2050	IMU4	POSITION_4_EXTRA	0x36	159.6	-987.7	111.8	1.40	-2.66	-0.63	0.19727	-0.07263	-0.66211	0.71924
2059	IMU0	POSITION_0_EXTRA	0x32	-936.5	146.4	275.2	-4.06	1.19	0.84	0.78613	-0.02519	0.59766	0.15930
2059	IMU1	PARENT_BOTTOM_FIXED	0x33	-56.6	-919.4	413.3	-0.84	-2.38	0.91	0.17688	-0.08179	0.53809	-0.82031
2059	IMU2	CHILD_TOP_MOVING	0x34	38.6	-980.4	-245.5	-1.12	-0.91	-1.33	-0.06415	0.11597	-0.77979	0.61133
2059	IMU3	POSITION_3_EXTRA	0x35	139.6	-960.9	-259.6	0.28	-0.63	-0.98	-0.01834	0.13977	-0.78076	0.60889
2059	IMU4	POSITION_4_EXTRA	0x36	158.1	-988.7	111.3	1.82	-2.87	-0.49	0.19727	-0.07245	-0.66211	0.71924
2067	IMU0	POSITION_0_EXTRA	0x32	-934.5	146.4	279.6	-4.13	1.12	0.84	0.78564	-0.02541	0.59766	0.15942
2067	IMU1	PARENT_BOTTOM_FIXED	0x33	-56.1	-918.4	413.8	-0.70	-2.66	0.98	0.17700	-0.08191	0.53809	-0.82031
2067	IMU2	CHILD_TOP_MOVING	0x34	38.1	-979.9	-245.5	-0.63	-1.19	-1.26	-0.06421	0.11609	-0.77979	0.61133
2067	IMU3	POSITION_3_EXTRA	0x35	139.1	-961.4	-257.2	-0.77	-0.91	-0.63	-0.01833	0.13989	-0.78076	0.60889
2067	IMU4	POSITION_4_EXTRA	0x36	156.6	-987.2	109.3	1.96	-2.94	-0.49	0.19714	-0.07227	-0.66211	0.71924
2075	IMU0	POSITION_0_EXTRA	0x32	-936.0	148.8	286.9	-3.50	1.33	0.77	0.78564	-0.02559	0.59766	0.15967
2075	IMU1	PARENT_BOTTOM_FIXED	0x33	-55.1	-918.4	413.8	-0.63	-2.59	0.98	0.17712	-0.08203	0.53809	-0.82031
2075	IMU2	CHILD_TOP_MOVING	0x34	38.6	-978.4	-244.0	0.00	-1.89	-1.33	-0.06427	0.11621	-0.77979	0.61133
2075	IMU3	POSITION_3_EXTRA	0x35	138.1	-960.9	-256.2	-1.33	-1.40	-0.49	-0.01836	0.13989	-0.78076	0.60889
2075	IMU4	POSITION_4_EXTRA	0x36	155.7	-986.2	109.8	1.82	-2.87	-0.35	0.19702	-0.07214	-0.66211	0.71924
2084	IMU0	POSITION_0_EXTRA	0x32	-937.0	151.8	291.3	-2.94	1.26	0.84	0.78564	-0.02573	0.59766	0.15991
2084	IMU1	PARENT_BOTTOM_FIXED	0x33	-55.6	-917.4	414.8	-0.63	-2.73	0.98	0.17737	-0.08209	0.53809	-0.82031
2084	IMU2	CHILD_TOP_MOVING	0x34	38.1	-977.5	-243.5	0.70	-2.31	-1.26	-0.06439	0.11633	-0.77979	0.61133
2084	IMU3	POSITION_3_EXTRA	0x35	136.6	-960.9	-256.2	-1.19	-2.10	-0.49	-0.01843	0.14001	-0.78076	0.60840
2084	IMU4	POSITION_4_EXTRA	0x36	156.6	-984.3	112.7	1.61	-2.94	-0.21	0.19690	-0.07196	-0.66211	0.71924
2092	IMU0	POSITION_0_EXTRA	0x32	-936.5	151.8	292.3	-2.59	0.70	1.12	0.78564	-0.02580	0.59766	0.16003
2092	IMU1	PARENT_BOTTOM_FIXED	0x33	-56.1	-917.4	412.4	-0.63	-2.80	1.05	0.17749	-0.08221	0.53809	-0.82031
2092	IMU2	CHILD_TOP_MOVING	0x34	39.0	-976.0	-242.0	1.12	-2.59	-1.26	-0.06451	0.11652	-0.77979	0.61133
2092	IMU3	POSITION_3_EXTRA	0x35	137.1	-959.9	-258.2	-0.63	-2.87	-0.70	-0.01854	0.14014	-0.78076	0.60840
2092	IMU4	POSITION_4_EXTRA	0x36	157.1	-984.8	112.7	1.75	-2.94	-0.21	0.19678	-0.07184	-0.66211	0.71924
2100	IMU0	POSITION_0_EXTRA	0x32	-936.0	151.3	288.9	-2.38	0.14	1.54	0.78564	-0.02586	0.59766	0.16028
2100	IMU1	PARENT_BOTTOM_FIXED	0x33	-56.1	-917.0	412.8	-0.63	-2.94	1.05	0.17773	-0.08234	0.53809	-0.81982
2100	IMU2	CHILD_TOP_MOVING	0x34	40.5	-976.0	-241.1	1.33	-2.80	-1.19	-0.06464	0.11664	-0.77979	0.61133
2100	IMU3	POSITION_3_EXTRA	0x35	139.1	-959.4	-260.1	-0.07	-3.22	-0.98	-0.01866	0.14038	-0.78076	0.60840
2100	IMU4	POSITION_4_EXTRA	0x36	157.1	-984.3	110.8	1.68	-3.15	-0.21	0.19666	-0.07166	-0.66162	0.71924
2109	IMU0	POSITION_0_EXTRA	0x32	-936.5	150.8	285.0	-2.17	0.07	1.75	0.78564	-0.02589	0.59766	0.16040
2109	IMU1	PARENT_BOTTOM_FIXED	0x33	-56.6	-917.0	412.4	-0.77	-3.01	1.05	0.17786	-0.08246	0.53809	-0.81982
2109	IMU2	CHILD_TOP_MOVING	0x34	42.5	-974.5	-240.1	1.12	-3.01	-1.19	-0.06476	0.11682	-0.77979	0.61133
2109	IMU3	POSITION_3_EXTRA	0x35	140.5	-957.5	-262.1	0.56	-3.15	-1.12	-0.01877	0.14050	-0.78076	0.60840
2109	IMU4	POSITION_4_EXTRA	0x36	156.6	-983.8	110.8	1.68	-3.08	-0.28	0.19653	-0.07147	-0.66162	0.71973
2117	IMU0	POSITION_0_EXTRA	0x32	-937.0	149.3	281.6	-1.89	0.28	1.82	0.78564	-0.02592	0.59766	0.16064
2117	IMU1	PARENT_BOTTOM_FIXED	0x33	-56.6	-915.5	412.4	-0.77	-3.01	1.12	0.17810	-0.08258	0.53809	-0.81982
2117	IMU2	CHILD_TOP_MOVING	0x34	44.4	-975.0	-240.1	0.70	-3.22	-1.26	-0.06494	0.11707	-0.77930	0.61182
2117	IMU3	POSITION_3_EXTRA	0x35	142.5	-957.0	-262.5	0.98	-2.94	-1.26	-0.01884	0.14075	-0.78076	0.60840
2117	IMU4	POSITION_4_EXTRA	0x36	156.6	-984.8	111.8	1.47	-2.94	-0.42	0.19641	-0.07135	-0.66162	0.71973
2125	IMU0	POSITION_0_EXTRA	0x32	-936.5	149.3	278.6	-2.10	0.00	1.96	0.78564	-0.02597	0.59766	0.16089
2125	IMU1	PARENT_BOTTOM_FIXED	0x33	-58.1	-916.0	411.9	-0.84	-3.08	1.19	0.17834	-0.08270	0.53809	-0.81982
2125	IMU2	CHILD_TOP_MOVING	0x34	44.9	-975.5	-241.1	0.14	-3.50	-1.33	-0.06506	0.11731	-0.77930	0.61182
2125	IMU3	POSITION_3_EXTRA	0x35	142.0	-957.5	-263.5	1.19	-2.45	-1.40	-0.01891	0.14087	-0.78076	0.60840
2125	IMU4	POSITION_4_EXTRA	0x36	157.1	-986.2	111.8	1.40	-3.08	-0.56	0.19629	-0.07117	-0.66162	0.71973
2134	IMU0	POSITION_0_EXTRA	0x32	-936.5	148.4	281.1	-2.45	0.00	1.96	0.78564	-0.02603	0.59766	0.16101
2134	IMU1	PARENT_BOTTOM_FIXED	0x33	-58.6	-916.0	412.8	-1.05	-3.22	1.19	0.17847	-0.08282	0.53809	-0.81982
2134	IMU2	CHILD_TOP_MOVING	0x34	44.4	-976.0	-243.5	-0.21	-3.64	-1.47	-0.06519	0.11749	-0.77930	0.61182
2134	IMU3	POSITION_3_EXTRA	0x35	141.5	-958.4	-263.0	1.26	-1.82	-1.40	-0.01892	0.14111	-0.78076	0.60840
2134	IMU4	POSITION_4_EXTRA	0x36	157.6	-984.8	112.2	1.33	-3.15	-0.56	0.19617	-0.07098	-0.66162	0.71973
2142	IMU0	POSITION_0_EXTRA	0x32	-936.0	149.3	283.0	-2.66	0.21	1.96	0.78564	-0.02609	0.59766	0.16125
2142	IMU1	PARENT_BOTTOM_FIXED	0x33	-57.6	-917.9	413.3	-1.19	-3.15	1.33	0.17871	-0.08295	0.53809	-0.81982
2142	IMU2	CHILD_TOP_MOVING	0x34	42.5	-977.0	-246.0	-0.56	-3.57	-1.47	-0.06537	0.11774	-0.77930	0.61133
2142	IMU3	POSITION_3_EXTRA	0x35	141.5	-959.4	-262.1	1.05	-1.40	-1.33	-0.01892	0.14124	-0.78076	0.60889
2142	IMU4	POSITION_4_EXTRA	0x36	158.6	-986.2	111.3	1.47	-3.15	-0.63	0.19604	-0.07080	-0.66162	0.71973
2150	IMU0	POSITION_0_EXTRA	0x32	-936.5	149.8	284.5	-2.87	0.28	1.96	0.78564	-0.02618	0.59766	0.16150
2150	IMU1	PARENT_BOTTOM_FIXED	0x33	-57.6	-918.9	413.3	-1.26	-3.22	1.40	0.17896	-0.08307	0.53809	-0.81982
2150	IMU2	CHILD_TOP_MOVING	0x34	42.0	-977.0	-246.4	-0.98	-3.36	-1.47	-0.06549	0.11798	-0.77930	0.61133
2150	IMU3	POSITION_3_EXTRA	0x35	141.0	-960.9	-260.6	0.98	-1.47	-1.33	-0.01892	0.14136	-0.78076	0.60889
2150	IMU4	POSITION_4_EXTRA	0x36	159.1	-987.2	111.8	1.54	-3.22	-0.63	0.19592	-0.07062	-0.66162	0.71973
2159	IMU0	POSITION_0_EXTRA	0x32	-936.0	149.3	286.0	-2.59	0.49	2.10	0.78564	-0.02625	0.59766	0.16174
2159	IMU1	PARENT_BOTTOM_FIXED	0x33	-57.6	-918.9	412.8	-1.26	-3.22	1.47	0.17908	-0.08319	0.53809	-0.81982
2159	IMU2	CHILD_TOP_MOVING	0x34	41.5	-978.0	-247.9	-1.19	-3.08	-1.40	-0.06561	0.11816	-0.77930	0.61133
2159	IMU3	POSITION_3_EXTRA	0x35	140.5	-961.4	-258.6	0.91	-1.75	-1.26	-0.01895	0.14148	-0.78076	0.60889
2159	IMU4	POSITION_4_EXTRA	0x36	159.6	-987.2	111.3	1.75	-3.15	-0.63	0.19580	-0.07037	-0.66162	0.71973
2167	IMU0	POSITION_0_EXTRA	0x32	-935.5	149.8	287.4	-1.89	1.12	2.38	0.78564	-0.02626	0.59766	0.16199
2167	IMU1	PARENT_BOTTOM_FIXED	0x33	-57.6	-919.9	413.3	-1.19	-3.29	1.47	0.17932	-0.08331	0.53809	-0.81982
2167	IMU2	CHILD_TOP_MOVING	0x34	41.0	-978.0	-246.9	-1.05	-2.66	-1.33	-0.06567	0.11835	-0.77930	0.61133
2167	IMU3	POSITION_3_EXTRA	0x35	139.6	-961.4	-258.6	0.91	-2.10	-1.26	-0.01901	0.14160	-0.78027	0.60889
2167	IMU4	POSITION_4_EXTRA	0x36	158.1	-987.7	110.8	1.96	-3.15	-0.63	0.19568	-0.07019	-0.66162	0.71973
2175	IMU0	POSITION_0_EXTRA	0x32	-935.5	153.7	285.5	-2.52	1.26	2.10	0.78516	-0.02631	0.59766	0.16223
2175	IMU1	PARENT_BOTTOM_FIXED	0x33	-56.1	-918.9	413.8	-1.12	-3.43	1.47	0.17957	-0.08344	0.53809	-0.81934
2175	IMU2	CHILD_TOP_MOVING	0x34	41.0	-978.9	-244.5	-0.70	-2.10	-1.26	-0.06573	0.11853	-0.77930	0.61133
2175	IMU3	POSITION_3_EXTRA	0x35	139.1	-961.8	-258.2	0.84	-2.38	-1.26	-0.01909	0.14172	-0.78027	0.60889
2175	IMU4	POSITION_4_EXTRA	0x36	157.1	-987.7	111.3	2.03	-3.22	-0.56	0.19556	-0.07001	-0.66162	0.72021
2184	IMU0	POSITION_0_EXTRA	0x32	-938.4	152.7	285.5	-3.08	0.77	1.89	0.78516	-0.02640	0.59766	0.16248
2184	IMU1	PARENT_BOTTOM_FIXED	0x33	-56.6	-918.9	413.3	-1.05	-3.50	1.47	0.17981	-0.08362	0.53809	-0.81934
2184	IMU2	CHILD_TOP_MOVING	0x34	40.0	-979.4	-242.5	-0.14	-1.68	-1.19	-0.06580	0.11865	-0.77930	0.61133
2184	IMU3	POSITION_3_EXTRA	0x35	137.6	-960.9	-261.6	0.56	-2.52	-1.19	-0.01918	0.14185	-0.78027	0.60889
2184	IMU4	POSITION_4_EXTRA	0x36	157.1	-987.2	112.2	2.03	-3.43	-0.49	0.19543	-0.06982	-0.66162	0.72021
2192	IMU0	POSITION_0_EXTRA	0x32	-936.5	154.2	290.8	-3.57	1.33	2.03	0.78516	-0.02652	0.59766	0.16272
2192	IMU1	PARENT_BOTTOM_FIXED	0x33	-57.1	-918.4	412.4	-1.19	-3.57	1.47	0.18005	-0.08374	0.53809	-0.81934
2192	IMU2	CHILD_TOP_MOVING	0x34	39.0	-978.9	-240.6	0.28	-1.75	-1.19	-0.06592	0.11877	-0.77930	0.61133
2192	IMU3	POSITION_3_EXTRA	0x35	138.1	-959.9	-262.1	0.07	-2.38	-0.98	-0.01926	0.14209	-0.78027	0.60889
2192	IMU4	POSITION_4_EXTRA	0x36	157.1	-986.7	113.2	1.96	-3.50	-0.42	0.19531	-0.06964	-0.66162	0.72021
2200	IMU0	POSITION_0_EXTRA	0x32	-937.9	155.7	286.5	-2.87	1.47	1.82	0.78516	-0.02660	0.59766	0.16296
2200	IMU1	PARENT_BOTTOM_FIXED	0x33	-57.1	-918.4	413.3	-1.19	-3.85	1.54	0.18030	-0.08392	0.53809	-0.81934
2200	IMU2	CHILD_TOP_MOVING	0x34	37.6	-978.4	-240.6	0.84	-2.31	-1.12	-0.06604	0.11890	-0.77930	0.61133
2200	IMU3	POSITION_3_EXTRA	0x35	137.1	-958.9	-261.6	-0.28	-2.17	-0.77	-0.01933	0.14221	-0.78027	0.60889
2200	IMU4	POSITION_4_EXTRA	0x36	155.7	-985.8	115.2	1.75	-3.71	-0.35	0.19519	-0.06946	-0.66162	0.72021
2209	IMU0	POSITION_0_EXTRA	0x32	-939.9	156.6	295.2	-2.87	-0.07	2.59	0.78516	-0.02661	0.59766	0.16333
2209	IMU1	PARENT_BOTTOM_FIXED	0x33	-57.1	-917.9	413.8	-1.26	-3.92	1.68	0.18054	-0.08405	0.53809	-0.81934
2209	IMU2	CHILD_TOP_MOVING	0x34	39.0	-976.5	-241.1	1.26	-3.29	-1.33	-0.06622	0.11908	-0.77930	0.61133
2209	IMU3	POSITION_3_EXTRA	0x35	136.2	-958.4	-261.6	-0.49	-2.03	-0.70	-0.01941	0.14221	-0.78027	0.60889
2209	IMU4	POSITION_4_EXTRA	0x36	154.7	-984.3	115.2	1.89	-3.85	-0.35	0.19495	-0.06921	-0.66162	0.72021
2217	IMU0	POSITION_0_EXTRA	0x32	-930.1	155.2	289.4	-3.15	0.91	2.59	0.78516	-0.02667	0.59766	0.16357
2217	IMU1	PARENT_BOTTOM_FIXED	0x33	-58.6	-917.9	411.9	-1.47	-3.92	1.68	0.18079	-0.08423	0.53809	-0.81934
2217	IMU2	CHILD_TOP_MOVING	0x34	39.0	-975.0	-241.6	1.61	-3.99	-1.47	-0.06641	0.11926	-0.77930	0.61133
2217	IMU3	POSITION_3_EXTRA	0x35	135.7	-958.4	-259.6	-0.28	-2.03	-0.84	-0.01949	0.14233	-0.78027	0.60840
2217	IMU4	POSITION_4_EXTRA	0x36	152.7	-983.3	112.2	2.10	-4.13	-0.35	0.19482	-0.06903	-0.66162	0.72070
2225	IMU0	POSITION_0_EXTRA	0x32	-938.9	150.3	274.7	-3.43	1.75	2.31	0.78516	-0.02679	0.59766	0.16382
2225	IMU1	PARENT_BOTTOM_FIXED	0x33	-59.5	-918.4	412.4	-1.47	-3.92	1.75	0.18103	-0.08435	0.53809	-0.81885
2225	IMU2	CHILD_TOP_MOVING	0x34	39.0	-975.0	-243.0	1.61	-4.41	-1.61	-0.06665	0.11951	-0.77881	0.61182
2225	IMU3	POSITION_3_EXTRA	0x35	136.2	-958.9	-260.1	0.07	-2.31	-1.12	-0.01958	0.14246	-0.78027	0.60840
2225	IMU4	POSITION_4_EXTRA	0x36	154.2	-985.8	113.2	2.03	-4.20	-0.35	0.19458	-0.06879	-0.66162	0.72070
2234	IMU0	POSITION_0_EXTRA	0x32	-939.4	149.3	270.4	-3.50	0.21	2.80	0.78467	-0.02689	0.59766	0.16418
2234	IMU1	PARENT_BOTTOM_FIXED	0x33	-60.5	-917.4	411.9	-1.47	-4.13	1.82	0.18127	-0.08453	0.53809	-0.81885
2234	IMU2	CHILD_TOP_MOVING	0x34	38.1	-977.0	-243.5	1.12	-4.41	-1.68	-0.06683	0.11981	-0.77881	0.61182
2234	IMU3	POSITION_3_EXTRA	0x35	136.6	-961.4	-261.6	0.56	-2.80	-1.33	-0.01967	0.14270	-0.78027	0.60840
2234	IMU4	POSITION_4_EXTRA	0x36	154.7	-988.2	113.2	1.82	-4.27	-0.35	0.19434	-0.06860	-0.66162	0.72070
2242	IMU0	POSITION_0_EXTRA	0x32	-935.0	155.2	278.2	-3.08	0.63	2.59	0.78467	-0.02695	0.59766	0.16443
2242	IMU1	PARENT_BOTTOM_FIXED	0x33	-61.0	-918.4	411.9	-1.61	-4.20	1.89	0.18164	-0.08466	0.53809	-0.81885
2242	IMU2	CHILD_TOP_MOVING	0x34	38.6	-977.5	-246.0	0.35	-3.85	-1.68	-0.06702	0.12006	-0.77881	0.61182
2242	IMU3	POSITION_3_EXTRA	0x35	137.6	-961.8	-260.1	0.98	-3.15	-1.54	-0.01979	0.14282	-0.78027	0.60840
2242	IMU4	POSITION_4_EXTRA	0x36	153.7	-987.7	113.7	1.82	-4.27	-0.35	0.19421	-0.06836	-0.66162	0.72070
2250	IMU0	POSITION_0_EXTRA	0x32	-934.0	158.1	287.4	-3.36	1.05	2.45	0.78467	-0.02701	0.59766	0.16479
2250	IMU1	PARENT_BOTTOM_FIXED	0x33	-60.5	-918.4	412.4	-1.61	-4.41	1.96	0.18188	-0.08484	0.53809	-0.81885
2250	IMU2	CHILD_TOP_MOVING	0x34	39.0	-978.0	-244.5	0.00	-3.36	-1.68	-0.06714	0.12024	-0.77881	0.61182
2250	IMU3	POSITION_3_EXTRA	0x35	137.1	-962.3	-258.6	1.54	-3.36	-1.75	-0.01991	0.14307	-0.78027	0.60889
2250	IMU4	POSITION_4_EXTRA	0x36	153.7	-987.7	112.2	1.68	-4.55	-0.42	0.19397	-0.06818	-0.66162	0.72070
2259	IMU0	POSITION_0_EXTRA	0x32	-934.5	159.1	291.8	-4.13	1.05	2.52	0.78467	-0.02711	0.59766	0.16516
2259	IMU1	PARENT_BOTTOM_FIXED	0x33	-61.5	-919.4	413.3	-1.61	-4.69	2.03	0.18225	-0.08502	0.53809	-0.81885
2259	IMU2	CHILD_TOP_MOVING	0x34	37.6	-978.4	-244.0	-0.21	-3.01	-1.61	-0.06732	0.12042	-0.77881	0.61182
2259	IMU3	POSITION_3_EXTRA	0x35	137.6	-961.8	-256.2	1.89	-3.29	-1.89	-0.02003	0.14331	-0.78027	0.60889
2259	IMU4	POSITION_4_EXTRA	0x36	153.7	-986.7	115.7	1.61	-4.76	-0.35	0.19373	-0.06793	-0.66162	0.72119
2267	IMU0	POSITION_0_EXTRA	0x32	-934.5	155.7	285.5	-4.48	1.33	2.45	0.78467	-0.02727	0.59766	0.16541
2267	IMU1	PARENT_BOTTOM_FIXED	0x33	-61.5	-919.4	411.9	-1.54	-4.90	2.17	0.18262	-0.08514	0.53809	-0.81836
2267	IMU2	CHILD_TOP_MOVING	0x34	36.6	-977.5	-244.0	-0.56	-3.15	-1.61	-0.06744	0.12067	-0.77881	0.61133
2267	IMU3	POSITION_3_EXTRA	0x35	136.2	-960.9	-258.6	1.47	-3.57	-1.75	-0.02017	0.14355	-0.78027	0.60889
2267	IMU4	POSITION_4_EXTRA	0x36	151.8	-987.7	115.2	2.03	-4.90	-0.42	0.19348	-0.06769	-0.66162	0.72119
2275	IMU0	POSITION_0_EXTRA	0x32	-936.5	154.2	276.7	-4.83	1.19	2.38	0.78418	-0.02745	0.59766	0.16577
2275	IMU1	PARENT_BOTTOM_FIXED	0x33	-60.5	-920.4	412.4	-1.54	-5.04	2.31	0.18286	-0.08539	0.53809	-0.81836
2275	IMU2	CHILD_TOP_MOVING	0x34	35.6	-977.5	-243.0	-0.84	-3.57	-1.75	-0.06763	0.12085	-0.77881	0.61133
2275	IMU3	POSITION_3_EXTRA	0x35	134.2	-960.4	-260.1	0.91	-3.50	-1.61	-0.02032	0.14368	-0.77979	0.60889
2275	IMU4	POSITION_4_EXTRA	0x36	150.3	-986.7	113.7	2.45	-5.39	-0.49	0.19324	-0.06738	-0.66162	0.72119
2284	IMU0	POSITION_0_EXTRA	0x32	-936.5	154.2	277.7	-4.90	0.70	2.45	0.78418	-0.02762	0.59814	0.16614
2284	IMU1	PARENT_BOTTOM_FIXED	0x33	-61.5	-919.9	410.9	-1.47	-5.04	2.31	0.18323	-0.08557	0.53809	-0.81836
2284	IMU2	CHILD_TOP_MOVING	0x34	36.1	-977.5	-245.0	-0.42	-4.13	-1.75	-0.06781	0.12109	-0.77881	0.61133
2284	IMU3	POSITION_3_EXTRA	0x35	134.2	-959.9	-259.1	0.35	-3.43	-1.54	-0.02046	0.14392	-0.77979	0.60889
2284	IMU4	POSITION_4_EXTRA	0x36	150.8	-986.2	114.2	2.52	-5.74	-0.42	0.19299	-0.06714	-0.66113	0.72119
2292	IMU0	POSITION_0_EXTRA	0x32	-935.0	155.2	282.6	-4.97	1.05	2.38	0.78418	-0.02780	0.59814	0.16650
2292	IMU1	PARENT_BOTTOM_FIXED	0x33	-61.5	-920.9	411.9	-1.40	-4.97	2.38	0.18359	-0.08575	0.53809	-0.81836
2292	IMU2	CHILD_TOP_MOVING	0x34	36.1	-977.5	-245.5	0.07	-4.34	-1.82	-0.06799	0.12140	-0.77881	0.61133
2292	IMU3	POSITION_3_EXTRA	0x35	134.2	-959.9	-260.6	0.07	-3.57	-1.54	-0.02061	0.14417	-0.77979	0.60889
2292	IMU4	POSITION_4_EXTRA	0x36	151.8	-985.8	115.2	2.24	-5.95	-0.42	0.19275	-0.06683	-0.66113	0.72168
2300	IMU0	POSITION_0_EXTRA	0x32	-934.5	156.6	285.5	-4.97	1.75	2.24	0.78418	-0.02798	0.59814	0.16687
2300	IMU1	PARENT_BOTTOM_FIXED	0x33	-62.5	-921.8	412.8	-1.40	-5.18	2.52	0.18396	-0.08588	0.53809	-0.81836
2300	IMU2	CHILD_TOP_MOVING	0x34	36.1	-976.5	-246.0	0.84	-4.48	-1.89	-0.06824	0.12164	-0.77881	0.61133
2300	IMU3	POSITION_3_EXTRA	0x35	134.2	-959.9	-257.7	-0.28	-3.92	-1.40	-0.02078	0.14429	-0.77979	0.60889
2300	IMU4	POSITION_4_EXTRA	0x36	152.7	-985.8	114.2	2.31	-5.95	-0.42	0.19238	-0.06653	-0.66113	0.72168
2309	IMU0	POSITION_0_EXTRA	0x32	-933.5	157.1	288.4	-5.25	2.10	2.24	0.78418	-0.02820	0.59814	0.16724
2309	IMU1	PARENT_BOTTOM_FIXED	0x33	-62.5	-922.8	411.9	-1.12	-5.53	2.59	0.18433	-0.08612	0.53809	-0.81787
2309	IMU2	CHILD_TOP_MOVING	0x34	36.1	-977.0	-244.0	1.26	-4.90	-1.96	-0.06848	0.12195	-0.77832	0.61133
2309	IMU3	POSITION_3_EXTRA	0x35	136.2	-958.9	-258.2	-0.49	-4.41	-1.47	-0.02095	0.14453	-0.77979	0.60889
2309	IMU4	POSITION_4_EXTRA	0x36	155.2	-984.3	114.2	2.38	-6.16	-0.42	0.19214	-0.06616	-0.66113	0.72168
2317	IMU0	POSITION_0_EXTRA	0x32	-934.5	155.7	285.5	-5.25	2.24	2.24	0.78369	-0.02841	0.59814	0.16760
2317	IMU1	PARENT_BOTTOM_FIXED	0x33	-62.5	-923.3	410.9	-0.77	-5.74	2.66	0.18469	-0.08630	0.53809	-0.81787
2317	IMU2	CHILD_TOP_MOVING	0x34	36.6	-976.5	-243.0	1.26	-5.81	-2.03	-0.06879	0.12225	-0.77832	0.61133
2317	IMU3	POSITION_3_EXTRA	0x35	136.2	-958.9	-261.6	-0.63	-4.69	-1.47	-0.02115	0.14490	-0.77979	0.60840
2317	IMU4	POSITION_4_EXTRA	0x36	155.2	-986.2	114.2	2.24	-6.09	-0.42	0.19189	-0.06586	-0.66113	0.72168
2325	IMU0	POSITION_0_EXTRA	0x32	-933.1	155.2	281.6	-5.46	2.38	2.38	0.78369	-0.02864	0.59814	0.16797
2325	IMU1	PARENT_BOTTOM_FIXED	0x33	-63.0	-920.9	409.9	-0.70	-5.67	2.73	0.18518	-0.08649	0.53809	-0.81787
2325	IMU2	CHILD_TOP_MOVING	0x34	40.0	-976.5	-244.0	0.70	-6.65	-2.10	-0.06909	0.12262	-0.77832	0.61133
2325	IMU3	POSITION_3_EXTRA	0x35	138.1	-960.9	-262.5	-0.42	-4.69	-1.47	-0.02133	0.14514	-0.77979	0.60840
2325	IMU4	POSITION_4_EXTRA	0x36	154.7	-986.7	113.7	2.10	-6.23	-0.35	0.19153	-0.06555	-0.66113	0.72168
2334	IMU0	POSITION_0_EXTRA	0x32	-933.5	154.2	279.6	-5.67	2.73	2.31	0.78369	-0.02888	0.59814	0.16833
2334	IMU1	PARENT_BOTTOM_FIXED	0x33	-62.5	-921.3	410.9	-0.56	-5.88	2.80	0.18555	-0.08667	0.53809	-0.81787
2334	IMU2	CHILD_TOP_MOVING	0x34	40.0	-976.5	-246.0	0.28	-6.37	-2.17	-0.06934	0.12305	-0.77832	0.61133
2334	IMU3	POSITION_3_EXTRA	0x35	138.1	-960.4	-263.5	0.28	-4.27	-1.75	-0.02150	0.14539	-0.77979	0.60840
2334	IMU4	POSITION_4_EXTRA	0x36	155.2	-986.2	114.7	2.31	-6.58	-0.42	0.19128	-0.06519	-0.66113	0.72217
2342	IMU0	POSITION_0_EXTRA	0x32	-935.5	154.2	279.1	-6.09	2.94	2.24	0.78320	-0.02917	0.59814	0.16870
2342	IMU1	PARENT_BOTTOM_FIXED	0x33	-63.9	-921.8	411.4	-0.42	-6.23	2.80	0.18604	-0.08691	0.53809	-0.81787
2342	IMU2	CHILD_TOP_MOVING	0x34	37.1	-975.5	-245.0	0.07	-6.02	-2.03	-0.06964	0.12335	-0.77832	0.61133
2342	IMU3	POSITION_3_EXTRA	0x35	136.6	-959.9	-260.6	0.84	-4.27	-1.89	-0.02167	0.14563	-0.77979	0.60840
2342	IMU4	POSITION_4_EXTRA	0x36	155.7	-986.2	113.7	2.31	-6.65	-0.35	0.19104	-0.06488	-0.66113	0.72217
2350	IMU0	POSITION_0_EXTRA	0x32	-935.0	153.7	279.6	-6.72	2.87	2.31	0.78320	-0.02950	0.59814	0.16919
2350	IMU1	PARENT_BOTTOM_FIXED	0x33	-62.5	-919.9	409.9	-0.35	-6.44	2.94	0.18640	-0.08716	0.53809	-0.81738
2350	IMU2	CHILD_TOP_MOVING	0x34	35.6	-977.0	-243.5	-0.63	-5.11	-1.96	-0.06989	0.12366	-0.77832	0.61133
2350	IMU3	POSITION_3_EXTRA	0x35	136.2	-960.4	-261.1	1.19	-4.41	-1.96	-0.02185	0.14587	-0.77979	0.60840
2350	IMU4	POSITION_4_EXTRA	0x36	157.1	-985.8	113.2	2.52	-6.86	-0.35	0.19067	-0.06445	-0.66113	0.72217
2359	IMU0	POSITION_0_EXTRA	0x32	-934.5	154.2	281.1	-6.93	3.01	2.17	0.78320	-0.02983	0.59863	0.16956
2359	IMU1	PARENT_BOTTOM_FIXED	0x33	-62.5	-919.9	411.4	-0.28	-6.51	3.01	0.18689	-0.08734	0.53809	-0.81738
2359	IMU2	CHILD_TOP_MOVING	0x34	36.6	-976.5	-245.5	-1.05	-4.97	-1.89	-0.07013	0.12396	-0.77832	0.61133
2359	IMU3	POSITION_3_EXTRA	0x35	136.2	-959.4	-264.0	1.40	-4.27	-1.89	-0.02202	0.14624	-0.77979	0.60840
2359	IMU4	POSITION_4_EXTRA	0x36	157.6	-986.2	111.3	2.59	-7.07	-0.21	0.19031	-0.06409	-0.66113	0.72217
2367	IMU0	POSITION_0_EXTRA	0x32	-933.5	154.7	282.6	-7.07	3.01	2.17	0.78271	-0.03017	0.59863	0.17004
2367	IMU1	PARENT_BOTTOM_FIXED	0x33	-62.5	-919.9	410.4	-0.21	-6.86	3.01	0.18738	-0.08759	0.53809	-0.81738
2367	IMU2	CHILD_TOP_MOVING	0x34	37.6	-977.5	-246.0	-0.84	-5.60	-1.89	-0.07037	0.12433	-0.77832	0.61133
2367	IMU3	POSITION_3_EXTRA	0x35	136.6	-961.4	-261.1	1.47	-4.90	-1.89	-0.02223	0.14648	-0.77979	0.60840
2367	IMU4	POSITION_4_EXTRA	0x36	157.1	-986.7	111.8	2.38	-7.14	-0.07	0.18994	-0.06372	-0.66113	0.72266
2375	IMU0	POSITION_0_EXTRA	0x32	-934.0	154.7	283.5	-7.28	3.15	2.03	0.78271	-0.03053	0.59863	0.17041
2375	IMU1	PARENT_BOTTOM_FIXED	0x33	-63.0	-920.4	413.3	0.07	-7.21	3.08	0.18787	-0.08789	0.53760	-0.81738
2375	IMU2	CHILD_TOP_MOVING	0x34	34.6	-978.0	-244.5	-0.84	-5.95	-1.89	-0.07068	0.12463	-0.77832	0.61133
2375	IMU3	POSITION_3_EXTRA	0x35	134.7	-960.9	-260.1	1.47	-5.18	-1.82	-0.02248	0.14673	-0.77979	0.60840
2375	IMU4	POSITION_4_EXTRA	0x36	156.6	-988.2	112.7	2.31	-7.28	0.07	0.18970	-0.06335	-0.66113	0.72266
2384	IMU0	POSITION_0_EXTRA	0x32	-934.5	153.7	283.5	-7.49	3.15	2.10	0.78271	-0.03090	0.59863	0.17090
2384	IMU1	PARENT_BOTTOM_FIXED	0x33	-63.0	-919.4	412.8	0.28	-7.49	3.22	0.18835	-0.08813	0.53760	-0.81738
2384	IMU2	CHILD_TOP_MOVING	0x34	33.2	-979.4	-244.5	0.00	-7.07	-1.82	-0.07104	0.12500	-0.77832	0.61133
2384	IMU3	POSITION_3_EXTRA	0x35	136.2	-961.8	-259.1	0.98	-5.81	-1.68	-0.02274	0.14709	-0.77979	0.60840
2384	IMU4	POSITION_4_EXTRA	0x36	155.7	-987.7	114.2	2.38	-7.49	0.14	0.18921	-0.06299	-0.66113	0.72266
2392	IMU0	POSITION_0_EXTRA	0x32	-935.0	152.7	283.5	-7.77	3.01	2.03	0.78223	-0.03131	0.59863	0.17126
2392	IMU1	PARENT_BOTTOM_FIXED	0x33	-63.0	-918.4	412.8	0.28	-7.63	3.22	0.18884	-0.08844	0.53760	-0.81738
2392	IMU2	CHILD_TOP_MOVING	0x34	32.7	-979.9	-245.5	0.35	-8.40	-1.89	-0.07147	0.12549	-0.77783	0.61084
2392	IMU3	POSITION_3_EXTRA	0x35	135.7	-960.9	-261.6	0.49	-5.95	-1.47	-0.02303	0.14734	-0.77930	0.60840
2392	IMU4	POSITION_4_EXTRA	0x36	156.2	-987.2	113.7	2.31	-7.70	0.28	0.18884	-0.06262	-0.66113	0.72266
2400	IMU0	POSITION_0_EXTRA	0x32	-936.0	153.2	285.5	-7.91	2.94	2.10	0.78223	-0.03171	0.59863	0.17175
2400	IMU1	PARENT_BOTTOM_FIXED	0x33	-62.5	-918.4	412.4	0.14	-7.63	3.29	0.18933	-0.08868	0.53760	-0.81738
2400	IMU2	CHILD_TOP_MOVING	0x34	34.6	-978.0	-246.4	0.70	-9.94	-1.96	-0.07202	0.12598	-0.77783	0.61084
2400	IMU3	POSITION_3_EXTRA	0x35	136.2	-959.9	-261.1	0.14	-6.23	-1.33	-0.02332	0.14771	-0.77930	0.60840
2400	IMU4	POSITION_4_EXTRA	0x36	157.1	-986.2	113.7	2.24	-7.84	0.42	0.18848	-0.06226	-0.66113	0.72314
2409	IMU0	POSITION_0_EXTRA	0x32	-935.5	153.2	287.4	-7.84	3.08	2.10	0.78223	-0.03210	0.59863	0.17224
2409	IMU1	PARENT_BOTTOM_FIXED	0x33	-61.0	-917.4	412.8	-0.14	-7.56	3.36	0.18982	-0.08899	0.53711	-0.81689
2409	IMU2	CHILD_TOP_MOVING	0x34	37.6	-976.0	-246.4	0.77	-10.64	-2.03	-0.07257	0.12646	-0.77783	0.61084
2409	IMU3	POSITION_3_EXTRA	0x35	137.1	-960.9	-260.6	0.49	-6.58	-1.40	-0.02364	0.14807	-0.77930	0.60840
2409	IMU4	POSITION_4_EXTRA	0x36	157.1	-985.8	114.2	2.31	-7.98	0.56	0.18811	-0.06186	-0.66113	0.72314
2417	IMU0	POSITION_0_EXTRA	0x32	-935.5	152.7	287.4	-7.84	3.01	2.10	0.78174	-0.03247	0.59912	0.17273
2417	IMU1	PARENT_BOTTOM_FIXED	0x33	-61.5	-917.4	412.4	-0.21	-7.49	3.36	0.19043	-0.08923	0.53711	-0.81689
2417	IMU2	CHILD_TOP_MOVING	0x34	40.0	-976.0	-246.4	0.98	-9.94	-2.03	-0.07306	0.12708	-0.77783	0.61084
2417	IMU3	POSITION_3_EXTRA	0x35	138.1	-959.9	-260.6	1.40	-6.72	-1.68	-0.02396	0.14844	-0.77930	0.60840
2417	IMU4	POSITION_4_EXTRA	0x36	156.2	-984.8	113.7	2.45	-8.19	0.49	0.18762	-0.06149	-0.66113	0.72314
2425	IMU0	POSITION_0_EXTRA	0x32	-935.0	152.7	286.0	-7.77	3.01	2.17	0.78174	-0.03287	0.59912	0.17310
2425	IMU1	PARENT_BOTTOM_FIXED	0x33	-61.0	-917.4	410.9	-0.28	-7.49	3.36	0.19092	-0.08954	0.53711	-0.81689
2425	IMU2	CHILD_TOP_MOVING	0x34	41.0	-976.0	-243.0	1.33	-8.40	-1.89	-0.07349	0.12744	-0.77734	0.61084
2425	IMU3	POSITION_3_EXTRA	0x35	137.1	-958.9	-261.6	1.96	-7.14	-1.82	-0.02429	0.14880	-0.77930	0.60840
2425	IMU4	POSITION_4_EXTRA	0x36	156.2	-984.8	114.2	2.66	-8.26	0.56	0.18726	-0.06110	-0.66113	0.72363
2434	IMU0	POSITION_0_EXTRA	0x32	-935.0	153.2	283.5	-7.77	3.08	2.17	0.78174	-0.03326	0.59912	0.17358
2434	IMU1	PARENT_BOTTOM_FIXED	0x33	-59.5	-916.5	410.9	-0.35	-7.49	3.29	0.19141	-0.08984	0.53711	-0.81689
2434	IMU2	CHILD_TOP_MOVING	0x34	40.5	-976.0	-240.1	1.47	-7.07	-1.82	-0.07385	0.12793	-0.77734	0.61084
2434	IMU3	POSITION_3_EXTRA	0x35	136.6	-957.5	-263.5	1.82	-6.93	-1.82	-0.02463	0.14917	-0.77930	0.60840
2434	IMU4	POSITION_4_EXTRA	0x36	154.7	-984.3	114.2	2.87	-8.26	0.49	0.18677	-0.06070	-0.66113	0.72363
2442	IMU0	POSITION_0_EXTRA	0x32	-936.5	151.3	282.1	-7.91	3.15	2.17	0.78125	-0.03366	0.59912	0.17407
2442	IMU1	PARENT_BOTTOM_FIXED	0x33	-59.5	-917.0	410.4	-0.49	-7.42	3.36	0.19189	-0.09015	0.53711	-0.81689
2442	IMU2	CHILD_TOP_MOVING	0x34	40.0	-976.0	-238.1	1.19	-6.65	-1.89	-0.07416	0.12830	-0.77734	0.61084
2442	IMU3	POSITION_3_EXTRA	0x35	136.2	-957.0	-263.0	0.98	-6.37	-1.61	-0.02492	0.14954	-0.77930	0.60840
2442	IMU4	POSITION_4_EXTRA	0x36	154.7	-985.3	112.7	2.94	-8.19	0.49	0.18640	-0.06030	-0.66113	0.72363
2450	IMU0	POSITION_0_EXTRA	0x32	-935.5	150.3	281.6	-7.98	2.87	2.17	0.78125	-0.03409	0.59912	0.17456
2450	IMU1	PARENT_BOTTOM_FIXED	0x33	-58.6	-917.4	409.4	-0.63	-7.35	3.29	0.19238	-0.09039	0.53711	-0.81641
2450	IMU2	CHILD_TOP_MOVING	0x34	39.0	-976.5	-239.6	0.77	-7.07	-2.03	-0.07452	0.12866	-0.77734	0.61084
2450	IMU3	POSITION_3_EXTRA	0x35	136.6	-958.4	-263.5	0.63	-6.02	-1.54	-0.02519	0.14990	-0.77930	0.60840
2450	IMU4	POSITION_4_EXTRA	0x36	155.2	-985.3	114.2	2.94	-8.12	0.56	0.18591	-0.05991	-0.66113	0.72412
2459	IMU0	POSITION_0_EXTRA	0x32	-936.0	149.8	282.6	-8.12	2.80	2.24	0.78125	-0.03448	0.59912	0.17493
2459	IMU1	PARENT_BOTTOM_FIXED	0x33	-57.1	-917.9	409.9	-0.63	-7.14	3.22	0.19275	-0.09070	0.53662	-0.81641
2459	IMU2	CHILD_TOP_MOVING	0x34	39.5	-977.5	-240.1	0.49	-7.35	-2.10	-0.07483	0.12903	-0.77686	0.61084
2459	IMU3	POSITION_3_EXTRA	0x35	138.1	-959.4	-263.0	1.05	-5.81	-1.68	-0.02545	0.15015	-0.77881	0.60840
2459	IMU4	POSITION_4_EXTRA	0x36	156.2	-985.3	115.7	2.87	-8.12	0.49	0.18555	-0.05951	-0.66113	0.72412
2467	IMU0	POSITION_0_EXTRA	0x32	-935.5	149.3	283.0	-8.26	2.73	2.31	0.78125	-0.03491	0.59912	0.17542
2467	IMU1	PARENT_BOTTOM_FIXED	0x33	-56.1	-918.9	408.9	-0.49	-7.07	3.15	0.19324	-0.09100	0.53662	-0.81641
2467	IMU2	CHILD_TOP_MOVING	0x34	39.5	-977.0	-239.6	0.91	-7.07	-2.10	-0.07520	0.12952	-0.77686	0.61133
2467	IMU3	POSITION_3_EXTRA	0x35	138.1	-960.4	-258.6	1.75	-5.81	-1.89	-0.02571	0.15051	-0.77881	0.60840
2467	IMU4	POSITION_4_EXTRA	0x36	155.7	-984.3	117.1	2.87	-8.05	0.49	0.18506	-0.05911	-0.66113	0.72412
2475	IMU0	POSITION_0_EXTRA	0x32	-935.0	148.8	286.0	-8.05	2.66	2.31	0.78076	-0.03531	0.59912	0.17590
2475	IMU1	PARENT_BOTTOM_FIXED	0x33	-56.1	-919.4	408.9	-0.42	-6.79	3.08	0.19373	-0.09131	0.53662	-0.81641
2475	IMU2	CHILD_TOP_MOVING	0x34	39.5	-976.5	-237.7	1.82	-6.30	-2.03	-0.07550	0.12988	-0.77686	0.61133
2475	IMU3	POSITION_3_EXTRA	0x35	138.1	-958.4	-257.7	2.10	-6.02	-2.10	-0.02597	0.15088	-0.77881	0.60840
2475	IMU4	POSITION_4_EXTRA	0x36	155.7	-984.3	117.6	3.01	-8.12	0.56	0.18469	-0.05872	-0.66113	0.72461
2484	IMU0	POSITION_0_EXTRA	0x32	-933.1	146.9	287.4	-7.63	2.94	2.17	0.78076	-0.03574	0.59912	0.17639
2484	IMU1	PARENT_BOTTOM_FIXED	0x33	-56.6	-919.4	409.4	-0.35	-6.72	3.08	0.19409	-0.09155	0.53662	-0.81641
2484	IMU2	CHILD_TOP_MOVING	0x34	39.5	-975.0	-237.2	2.31	-5.60	-2.03	-0.07574	0.13013	-0.77686	0.61133
2484	IMU3	POSITION_3_EXTRA	0x35	137.6	-957.0	-257.2	1.96	-6.09	-2.10	-0.02623	0.15125	-0.77881	0.60840
2484	IMU4	POSITION_4_EXTRA	0x36	155.2	-983.8	117.1	2.94	-8.12	0.56	0.18420	-0.05835	-0.66113	0.72461
2492	IMU0	POSITION_0_EXTRA	0x32	-937.0	146.9	282.1	-7.77	3.43	2.24	0.78076	-0.03613	0.59912	0.17676
2492	IMU1	PARENT_BOTTOM_FIXED	0x33	-56.1	-920.9	410.4	-0.21	-6.58	3.08	0.19458	-0.09186	0.53662	-0.81592
2492	IMU2	CHILD_TOP_MOVING	0x34	40.0	-976.0	-237.2	2.24	-5.88	-1.96	-0.07605	0.13049	-0.77637	0.61133
2492	IMU3	POSITION_3_EXTRA	0x35	138.1	-957.9	-257.7	1.61	-6.44	-2.10	-0.02652	0.15161	-0.77832	0.60840
2492	IMU4	POSITION_4_EXTRA	0x36	156.2	-983.3	117.1	3.01	-8.19	0.56	0.18384	-0.05792	-0.66113	0.72461
2500	IMU0	POSITION_0_EXTRA	0x32	-935.5	144.9	281.6	-8.05	2.94	2.59	0.78027	-0.03656	0.59912	0.17725
2500	IMU1	PARENT_BOTTOM_FIXED	0x33	-57.1	-920.9	409.4	-0.21	-6.51	3.01	0.19495	-0.09210	0.53662	-0.81592
2500	IMU2	CHILD_TOP_MOVING	0x34	39.0	-975.0	-238.6	1.96	-6.44	-2.10	-0.07635	0.13086	-0.77637	0.61133
2500	IMU3	POSITION_3_EXTRA	0x35	139.1	-958.9	-257.7	1.75	-7.00	-2.17	-0.02682	0.15198	-0.77832	0.60840
2500	IMU4	POSITION_4_EXTRA	0x36	156.6	-982.8	116.6	2.94	-8.05	0.56	0.18335	-0.05753	-0.66113	0.72510
2509	IMU0	POSITION_0_EXTRA	0x32	-935.0	144.9	281.1	-7.70	3.08	2.38	0.78027	-0.03699	0.59961	0.17773
2509	IMU1	PARENT_BOTTOM_FIXED	0x33	-57.1	-920.4	411.4	-0.07	-6.51	2.94	0.19543	-0.09235	0.53662	-0.81592
2509	IMU2	CHILD_TOP_MOVING	0x34	39.0	-976.5	-240.6	1.82	-7.14	-2.17	-0.07672	0.13123	-0.77637	0.61133
2509	IMU3	POSITION_3_EXTRA	0x35	139.1	-959.9	-256.7	2.17	-7.56	-2.45	-0.02716	0.15247	-0.77832	0.60889
2509	IMU4	POSITION_4_EXTRA	0x36	156.6	-983.3	117.1	3.08	-7.98	0.56	0.18298	-0.05716	-0.66113	0.72510
2517	IMU0	POSITION_0_EXTRA	0x32	-936.0	144.9	281.6	-7.56	3.36	2.17	0.78027	-0.03738	0.59961	0.17810
2517	IMU1	PARENT_BOTTOM_FIXED	0x33	-58.1	-919.9	409.9	0.00	-6.37	2.80	0.19580	-0.09259	0.53613	-0.81592
2517	IMU2	CHILD_TOP_MOVING	0x34	39.0	-976.5	-242.5	1.68	-7.49	-2.24	-0.07709	0.13171	-0.77588	0.61182
2517	IMU3	POSITION_3_EXTRA	0x35	139.1	-959.9	-257.7	2.66	-8.05	-2.66	-0.02751	0.15295	-0.77832	0.60889
2517	IMU4	POSITION_4_EXTRA	0x36	156.6	-984.3	115.7	3.08	-7.91	0.63	0.18262	-0.05676	-0.66113	0.72510
2525	IMU0	POSITION_0_EXTRA	0x32	-937.4	144.9	281.6	-7.49	3.01	2.17	0.77979	-0.03781	0.59961	0.17847
2525	IMU1	PARENT_BOTTOM_FIXED	0x33	-57.6	-917.9	410.9	0.00	-6.37	2.73	0.19629	-0.09283	0.53613	-0.81592
2525	IMU2	CHILD_TOP_MOVING	0x34	39.0	-976.0	-243.5	1.26	-7.28	-2.17	-0.07745	0.13208	-0.77588	0.61182
2525	IMU3	POSITION_3_EXTRA	0x35	139.6	-959.4	-258.2	2.94	-8.05	-2.80	-0.02786	0.15344	-0.77783	0.60889
2525	IMU4	POSITION_4_EXTRA	0x36	157.1	-984.3	116.1	3.01	-7.84	0.63	0.18213	-0.05637	-0.66113	0.72559
2534	IMU0	POSITION_0_EXTRA	0x32	-937.0	144.9	283.0	-7.28	2.52	2.10	0.77979	-0.03818	0.59961	0.17896
2534	IMU1	PARENT_BOTTOM_FIXED	0x33	-58.6	-917.9	411.9	-0.07	-6.23	2.59	0.19666	-0.09308	0.53613	-0.81592
2534	IMU2	CHILD_TOP_MOVING	0x34	40.0	-976.0	-241.1	0.63	-6.93	-2.10	-0.07776	0.13257	-0.77588	0.61182
2534	IMU3	POSITION_3_EXTRA	0x35	140.1	-958.9	-260.1	3.01	-7.98	-2.80	-0.02820	0.15393	-0.77783	0.60889
2534	IMU4	POSITION_4_EXTRA	0x36	157.6	-983.8	116.6	2.87	-7.56	0.70	0.18176	-0.05603	-0.66113	0.72559
2542	IMU0	POSITION_0_EXTRA	0x32	-937.0	144.9	282.1	-7.00	2.52	2.03	0.77979	-0.03857	0.59961	0.17932
2542	IMU1	PARENT_BOTTOM_FIXED	0x33	-58.6	-917.4	411.4	-0.07	-6.16	2.52	0.19702	-0.09332	0.53613	-0.81592
2542	IMU2	CHILD_TOP_MOVING	0x34	40.5	-976.0	-241.6	0.07	-6.72	-2.03	-0.07806	0.13293	-0.77588	0.61133
2542	IMU3	POSITION_3_EXTRA	0x35	140.5	-957.9	-260.1	3.22	-7.70	-2.73	-0.02853	0.15442	-0.77783	0.60889
2542	IMU4	POSITION_4_EXTRA	0x36	158.6	-983.3	116.6	2.80	-7.49	0.70	0.18140	-0.05566	-0.66113	0.72559
2550	IMU0	POSITION_0_EXTRA	0x32	-937.9	145.4	281.6	-6.79	2.45	1.96	0.77979	-0.03894	0.59961	0.17969
2550	IMU1	PARENT_BOTTOM_FIXED	0x33	-58.1	-918.4	410.9	0.00	-6.02	2.38	0.19739	-0.09363	0.53613	-0.81543
2550	IMU2	CHILD_TOP_MOVING	0x34	41.0	-976.0	-243.0	0.00	-6.51	-2.03	-0.07837	0.13330	-0.77588	0.61133
2550	IMU3	POSITION_3_EXTRA	0x35	140.1	-957.9	-261.1	3.64	-7.63	-2.80	-0.02885	0.15491	-0.77734	0.60889
2550	IMU4	POSITION_4_EXTRA	0x36	159.6	-982.8	117.1	2.87	-7.35	0.70	0.18103	-0.05530	-0.66113	0.72607
2559	IMU0	POSITION_0_EXTRA	0x32	-937.4	144.4	281.1	-6.65	2.59	1.75	0.77930	-0.03931	0.59961	0.18005
2559	IMU1	PARENT_BOTTOM_FIXED	0x33	-58.6	-918.4	409.9	-0.07	-5.81	2.31	0.19775	-0.09381	0.53613	-0.81543
2559	IMU2	CHILD_TOP_MOVING	0x34	42.0	-975.0	-244.0	0.42	-6.30	-2.03	-0.07861	0.13367	-0.77539	0.61133
2559	IMU3	POSITION_3_EXTRA	0x35	140.1	-957.0	-262.1	3.92	-7.49	-2.80	-0.02919	0.15527	-0.77734	0.60938
2559	IMU4	POSITION_4_EXTRA	0x36	160.1	-982.3	116.6	2.94	-7.28	0.70	0.18066	-0.05493	-0.66064	0.72607
2567	IMU0	POSITION_0_EXTRA	0x32	-937.9	143.5	280.6	-6.58	2.94	1.54	0.77930	-0.03970	0.59961	0.18042
2567	IMU1	PARENT_BOTTOM_FIXED	0x33	-59.0	-919.4	410.4	-0.07	-5.53	2.24	0.19812	-0.09406	0.53564	-0.81543
2567	IMU2	CHILD_TOP_MOVING	0x34	42.9	-976.0	-241.6	0.91	-5.88	-2.03	-0.07886	0.13403	-0.77539	0.61133
2567	IMU3	POSITION_3_EXTRA	0x35	142.0	-956.5	-261.1	3.85	-7.14	-2.73	-0.02948	0.15576	-0.77686	0.60938
2567	IMU4	POSITION_4_EXTRA	0x36	160.1	-982.8	118.1	2.87	-7.07	0.70	0.18030	-0.05457	-0.66064	0.72607
2575	IMU0	POSITION_0_EXTRA	0x32	-938.4	142.0	280.1	-6.51	3.36	1.26	0.77930	-0.04010	0.59961	0.18066
2575	IMU1	PARENT_BOTTOM_FIXED	0x33	-58.6	-918.4	410.4	-0.07	-5.25	2.17	0.19849	-0.09424	0.53564	-0.81543
2575	IMU2	CHILD_TOP_MOVING	0x34	42.9	-976.5	-241.1	1.33	-5.11	-1.82	-0.07910	0.13440	-0.77539	0.61133
2575	IMU3	POSITION_3_EXTRA	0x35	142.5	-956.0	-261.6	3.15	-6.79	-2.38	-0.02977	0.15625	-0.77686	0.60938
2575	IMU4	POSITION_4_EXTRA	0x36	161.0	-982.8	117.1	2.73	-6.79	0.70	0.17993	-0.05423	-0.66064	0.72607
2584	IMU0	POSITION_0_EXTRA	0x32	-937.4	142.0	279.6	-6.51	3.50	1.05	0.77881	-0.04053	0.60010	0.18103
2584	IMU1	PARENT_BOTTOM_FIXED	0x33	-58.6	-919.9	410.9	-0.14	-5.11	2.03	0.19873	-0.09448	0.53564	-0.81543
2584	IMU2	CHILD_TOP_MOVING	0x34	43.4	-978.0	-239.6	1.82	-4.34	-1.68	-0.07928	0.13464	-0.77539	0.61182
2584	IMU3	POSITION_3_EXTRA	0x35	143.0	-956.5	-260.6	2.17	-6.23	-1.96	-0.03001	0.15662	-0.77686	0.60938
2584	IMU4	POSITION_4_EXTRA	0x36	161.0	-983.3	116.6	2.59	-6.44	0.63	0.17957	-0.05392	-0.66064	0.72656
2592	IMU0	POSITION_0_EXTRA	0x32	-936.0	140.5	276.7	-6.44	3.64	0.98	0.77881	-0.04095	0.60010	0.18127
2592	IMU1	PARENT_BOTTOM_FIXED	0x33	-58.1	-920.4	411.9	0.00	-4.83	1.96	0.19910	-0.09467	0.53564	-0.81543
2592	IMU2	CHILD_TOP_MOVING	0x34	43.9	-978.0	-239.1	2.38	-3.85	-1.54	-0.07947	0.13489	-0.77490	0.61182
2592	IMU3	POSITION_3_EXTRA	0x35	144.0	-958.4	-261.1	1.40	-5.53	-1.54	-0.03024	0.15686	-0.77686	0.60938
2592	IMU4	POSITION_4_EXTRA	0x36	161.0	-984.3	116.1	2.31	-6.02	0.63	0.17932	-0.05362	-0.66064	0.72656
2600	IMU0	POSITION_0_EXTRA	0x32	-937.4	140.1	276.2	-6.30	3.57	0.84	0.77881	-0.04138	0.60010	0.18152
2600	IMU1	PARENT_BOTTOM_FIXED	0x33	-58.6	-920.9	411.4	0.07	-4.69	1.89	0.19934	-0.09485	0.53564	-0.81543
2600	IMU2	CHILD_TOP_MOVING	0x34	42.9	-978.0	-238.6	2.59	-3.50	-1.40	-0.07965	0.13513	-0.77490	0.61182
2600	IMU3	POSITION_3_EXTRA	0x35	143.5	-958.4	-262.1	1.05	-4.76	-1.33	-0.03044	0.15723	-0.77637	0.60938
2600	IMU4	POSITION_4_EXTRA	0x36	159.6	-984.8	116.6	2.24	-5.81	0.63	0.17896	-0.05334	-0.66064	0.72656
2609	IMU0	POSITION_0_EXTRA	0x32	-936.0	139.6	275.2	-6.23	3.78	0.63	0.77832	-0.04181	0.60010	0.18176
2609	IMU1	PARENT_BOTTOM_FIXED	0x33	-57.6	-920.4	411.4	0.14	-4.69	1.82	0.19971	-0.09503	0.53564	-0.81543
2609	IMU2	CHILD_TOP_MOVING	0x34	42.5	-977.5	-240.1	2.45	-3.71	-1.47	-0.07983	0.13525	-0.77490	0.61182
2609	IMU3	POSITION_3_EXTRA	0x35	143.0	-959.4	-261.6	1.05	-4.27	-1.26	-0.03061	0.15747	-0.77637	0.60938
2609	IMU4	POSITION_4_EXTRA	0x36	161.0	-984.3	115.7	2.24	-5.60	0.56	0.17871	-0.05307	-0.66064	0.72656
2617	IMU0	POSITION_0_EXTRA	0x32	-935.5	139.6	278.2	-6.09	4.48	0.14	0.77832	-0.04224	0.60059	0.18201
2617	IMU1	PARENT_BOTTOM_FIXED	0x33	-56.6	-919.9	411.4	0.21	-4.62	1.75	0.19995	-0.09521	0.53564	-0.81543
2617	IMU2	CHILD_TOP_MOVING	0x34	41.5	-977.0	-240.1	2.03	-3.99	-1.33	-0.08002	0.13550	-0.77490	0.61230
2617	IMU3	POSITION_3_EXTRA	0x35	144.0	-958.4	-258.6	1.26	-3.92	-1.26	-0.03075	0.15771	-0.77637	0.60938
2617	IMU4	POSITION_4_EXTRA	0x36	161.0	-983.3	116.6	2.31	-5.39	0.56	0.17847	-0.05280	-0.66064	0.72705
2625	IMU0	POSITION_0_EXTRA	0x32	-935.0	140.1	276.2	-5.88	4.69	0.00	0.77783	-0.04269	0.60059	0.18225
2625	IMU1	PARENT_BOTTOM_FIXED	0x33	-56.6	-918.9	412.4	0.35	-4.69	1.68	0.20020	-0.09546	0.53516	-0.81494
2625	IMU2	CHILD_TOP_MOVING	0x34	42.0	-975.5	-240.6	1.26	-4.55	-1.26	-0.08020	0.13574	-0.77441	0.61230
2625	IMU3	POSITION_3_EXTRA	0x35	144.0	-959.4	-256.7	1.47	-4.13	-1.26	-0.03091	0.15796	-0.77637	0.60938
2625	IMU4	POSITION_4_EXTRA	0x36	160.6	-984.3	116.6	2.31	-5.11	0.56	0.17822	-0.05255	-0.66064	0.72705
2634	IMU0	POSITION_0_EXTRA	0x32	-938.4	138.1	266.0	-5.81	4.27	-0.21	0.77783	-0.04315	0.60059	0.18237
2634	IMU1	PARENT_BOTTOM_FIXED	0x33	-56.6	-917.9	412.8	0.49	-4.55	1.61	0.20056	-0.09564	0.53516	-0.81494
2634	IMU2	CHILD_TOP_MOVING	0x34	42.9	-976.5	-242.5	0.63	-5.32	-1.26	-0.08051	0.13611	-0.77441	0.61230
2634	IMU3	POSITION_3_EXTRA	0x35	144.4	-960.9	-256.7	1.96	-4.69	-1.33	-0.03111	0.15820	-0.77637	0.60938
2634	IMU4	POSITION_4_EXTRA	0x36	160.6	-986.2	116.1	2.31	-4.97	0.49	0.17786	-0.05231	-0.66064	0.72705
2642	IMU0	POSITION_0_EXTRA	0x32	-939.9	138.6	270.8	-5.32	2.31	0.07	0.77783	-0.04355	0.60107	0.18262
2642	IMU1	PARENT_BOTTOM_FIXED	0x33	-55.6	-917.0	411.4	0.49	-4.48	1.54	0.20081	-0.09583	0.53516	-0.81494
2642	IMU2	CHILD_TOP_MOVING	0x34	43.4	-978.0	-244.5	0.14	-5.88	-1.26	-0.08075	0.13647	-0.77441	0.61182
2642	IMU3	POSITION_3_EXTRA	0x35	145.4	-962.3	-257.7	2.59	-5.25	-1.54	-0.03134	0.15845	-0.77637	0.60986
2642	IMU4	POSITION_4_EXTRA	0x36	161.0	-986.2	117.1	2.17	-4.76	0.42	0.17773	-0.05209	-0.66064	0.72705
2650	IMU0	POSITION_0_EXTRA	0x32	-934.5	144.4	286.9	-4.83	3.15	-0.35	0.77783	-0.04388	0.60107	0.18274
2650	IMU1	PARENT_BOTTOM_FIXED	0x33	-55.1	-916.5	410.9	0.49	-4.20	1.40	0.20105	-0.09601	0.53516	-0.81494
2650	IMU2	CHILD_TOP_MOVING	0x34	44.4	-977.5	-246.0	0.21	-5.81	-1.26	-0.08105	0.13672	-0.77441	0.61182
2650	IMU3	POSITION_3_EXTRA	0x35	144.0	-960.9	-256.7	3.36	-5.74	-1.82	-0.03159	0.15881	-0.77588	0.60986
2650	IMU4	POSITION_4_EXTRA	0x36	160.1	-984.3	118.1	2.24	-4.55	0.42	0.17749	-0.05185	-0.66064	0.72705
2659	IMU0	POSITION_0_EXTRA	0x32	-937.4	147.4	298.2	-3.78	4.76	-0.70	0.77734	-0.04419	0.60107	0.18286
2659	IMU1	PARENT_BOTTOM_FIXED	0x33	-54.7	-916.0	411.4	0.49	-3.85	1.33	0.20129	-0.09619	0.53516	-0.81494
2659	IMU2	CHILD_TOP_MOVING	0x34	44.4	-976.5	-243.5	0.70	-4.83	-1.12	-0.08124	0.13696	-0.77441	0.61182
2659	IMU3	POSITION_3_EXTRA	0x35	142.0	-958.9	-256.7	3.85	-5.81	-1.96	-0.03186	0.15918	-0.77588	0.60986
2659	IMU4	POSITION_4_EXTRA	0x36	158.1	-981.4	121.0	2.17	-4.20	0.42	0.17725	-0.05167	-0.66064	0.72754
2667	IMU0	POSITION_0_EXTRA	0x32	-938.9	143.0	285.0	-2.94	4.62	-0.49	0.77734	-0.04446	0.60107	0.18298
2667	IMU1	PARENT_BOTTOM_FIXED	0x33	-54.2	-917.0	412.4	0.49	-3.50	1.26	0.20142	-0.09631	0.53467	-0.81494
2667	IMU2	CHILD_TOP_MOVING	0x34	44.9	-975.5	-240.6	1.19	-3.22	-1.12	-0.08142	0.13721	-0.77441	0.61182
2667	IMU3	POSITION_3_EXTRA	0x35	142.0	-956.5	-260.1	3.78	-5.11	-1.82	-0.03207	0.15955	-0.77539	0.60986
2667	IMU4	POSITION_4_EXTRA	0x36	158.6	-981.9	121.5	1.89	-3.78	0.42	0.17700	-0.05148	-0.66064	0.72754
2675	IMU0	POSITION_0_EXTRA	0x32	-941.8	140.1	276.2	-1.89	2.87	-0.07	0.77734	-0.04465	0.60107	0.18298
2675	IMU1	PARENT_BOTTOM_FIXED	0x33	-55.1	-917.4	412.4	0.63	-3.15	1.19	0.20166	-0.09644	0.53467	-0.81494
2675	IMU2	CHILD_TOP_MOVING	0x34	44.9	-977.5	-235.2	1.40	-1.75	-0.98	-0.08148	0.13733	-0.77441	0.61230
2675	IMU3	POSITION_3_EXTRA	0x35	143.5	-955.0	-262.1	2.94	-4.20	-1.47	-0.03226	0.15979	-0.77539	0.61035
2675	IMU4	POSITION_4_EXTRA	0x36	161.0	-983.3	118.6	1.96	-3.50	0.35	0.17688	-0.05133	-0.66064	0.72754
2684	IMU0	POSITION_0_EXTRA	0x32	-935.5	140.5	268.9	-1.68	2.73	-0.07	0.77734	-0.04483	0.60156	0.18311
2684	IMU1	PARENT_BOTTOM_FIXED	0x33	-55.1	-917.0	412.4	0.70	-3.01	1.05	0.20178	-0.09656	0.53467	-0.81494
2684	IMU2	CHILD_TOP_MOVING	0x34	46.4	-978.0	-232.3	1.54	-0.98	-0.91	-0.08148	0.13745	-0.77393	0.61230
2684	IMU3	POSITION_3_EXTRA	0x35	146.4	-955.0	-263.0	1.96	-3.08	-0.98	-0.03235	0.15991	-0.77539	0.61035
2684	IMU4	POSITION_4_EXTRA	0x36	164.5	-982.3	117.6	2.10	-3.29	0.28	0.17676	-0.05115	-0.66064	0.72754
2692	IMU0	POSITION_0_EXTRA	0x32	-941.4	138.6	266.4	-2.24	2.94	-0.28	0.77686	-0.04483	0.60156	0.18311
2692	IMU1	PARENT_BOTTOM_FIXED	0x33	-55.1	-918.4	411.9	0.63	-2.73	0.98	0.20203	-0.09668	0.53467	-0.81494
2692	IMU2	CHILD_TOP_MOVING	0x34	48.8	-977.0	-231.3	1.82	-1.26	-0.77	-0.08154	0.13757	-0.77393	0.61230
2692	IMU3	POSITION_3_EXTRA	0x35	149.3	-954.5	-264.0	1.19	-2.17	-0.63	-0.03241	0.16016	-0.77539	0.61035
2692	IMU4	POSITION_4_EXTRA	0x36	165.4	-982.8	116.6	1.96	-2.94	0.14	0.17664	-0.05096	-0.66064	0.72754
2700	IMU0	POSITION_0_EXTRA	0x32	-939.4	137.6	264.5	-2.94	1.68	-0.14	0.77686	-0.04507	0.60156	0.18311
2700	IMU1	PARENT_BOTTOM_FIXED	0x33	-55.1	-918.4	412.4	0.63	-2.59	0.91	0.20215	-0.09680	0.53467	-0.81494
2700	IMU2	CHILD_TOP_MOVING	0x34	49.3	-977.5	-233.8	2.17	-2.03	-0.77	-0.08160	0.13770	-0.77393	0.61230
2700	IMU3	POSITION_3_EXTRA	0x35	149.3	-956.5	-263.0	0.77	-1.75	-0.42	-0.03244	0.16028	-0.77539	0.61035
2700	IMU4	POSITION_4_EXTRA	0x36	164.9	-984.3	115.7	1.54	-2.52	0.07	0.17651	-0.05081	-0.66064	0.72754
2709	IMU0	POSITION_0_EXTRA	0x32	-938.4	138.1	266.0	-3.43	2.17	-0.56	0.77686	-0.04532	0.60156	0.18311
2709	IMU1	PARENT_BOTTOM_FIXED	0x33	-55.1	-918.4	411.9	0.70	-2.52	0.77	0.20227	-0.09686	0.53467	-0.81494
2709	IMU2	CHILD_TOP_MOVING	0x34	48.3	-978.9	-237.7	2.17	-2.80	-0.84	-0.08173	0.13782	-0.77344	0.61279
2709	IMU3	POSITION_3_EXTRA	0x35	147.4	-958.9	-261.1	0.84	-1.75	-0.49	-0.03247	0.16028	-0.77539	0.61035
2709	IMU4	POSITION_4_EXTRA	0x36	164.9	-985.8	118.1	1.54	-2.38	-0.07	0.17639	-0.05069	-0.66016	0.72803
2717	IMU0	POSITION_0_EXTRA	0x32	-939.4	138.6	270.4	-3.50	2.31	-0.91	0.77686	-0.04559	0.60156	0.18323
2717	IMU1	PARENT_BOTTOM_FIXED	0x33	-55.1	-917.9	413.8	0.63	-2.31	0.63	0.20239	-0.09698	0.53418	-0.81494
2717	IMU2	CHILD_TOP_MOVING	0x34	47.3	-978.4	-240.1	1.96	-3.15	-0.77	-0.08185	0.13794	-0.77344	0.61279
2717	IMU3	POSITION_3_EXTRA	0x35	148.4	-960.4	-259.6	1.19	-1.54	-0.56	-0.03250	0.16040	-0.77539	0.61035
2717	IMU4	POSITION_4_EXTRA	0x36	164.5	-985.3	118.6	1.47	-2.03	-0.21	0.17639	-0.05057	-0.66016	0.72803
2725	IMU0	POSITION_0_EXTRA	0x32	-937.9	142.0	283.0	-3.36	1.96	-1.05	0.77686	-0.04593	0.60205	0.18335
2725	IMU1	PARENT_BOTTOM_FIXED	0x33	-54.2	-917.9	413.8	0.49	-1.96	0.49	0.20251	-0.09711	0.53418	-0.81494
2725	IMU2	CHILD_TOP_MOVING	0x34	47.3	-977.0	-242.0	1.89	-2.80	-0.70	-0.08203	0.13818	-0.77344	0.61279
2725	IMU3	POSITION_3_EXTRA	0x35	147.9	-960.9	-255.7	2.10	-1.33	-0.77	-0.03250	0.16052	-0.77539	0.61035
2725	IMU4	POSITION_4_EXTRA	0x36	164.0	-982.8	120.5	1.19	-1.54	-0.21	0.17627	-0.05045	-0.66016	0.72803
2734	IMU0	POSITION_0_EXTRA	0x32	-937.0	142.0	287.9	-3.22	2.38	-1.19	0.77637	-0.04620	0.60205	0.18335
2734	IMU1	PARENT_BOTTOM_FIXED	0x33	-53.2	-917.9	414.8	0.28	-1.61	0.28	0.20264	-0.09717	0.53418	-0.81494
2734	IMU2	CHILD_TOP_MOVING	0x34	45.9	-977.5	-241.1	1.54	-1.75	-0.56	-0.08209	0.13831	-0.77344	0.61279
2734	IMU3	POSITION_3_EXTRA	0x35	147.4	-960.4	-251.3	2.94	-1.05	-0.84	-0.03253	0.16064	-0.77490	0.61035
2734	IMU4	POSITION_4_EXTRA	0x36	162.5	-982.3	124.0	1.12	-1.12	-0.14	0.17627	-0.05038	-0.66016	0.72803
2742	IMU0	POSITION_0_EXTRA	0x32	-939.4	138.6	280.6	-3.15	2.80	-1.26	0.77637	-0.04648	0.60205	0.18347
2742	IMU1	PARENT_BOTTOM_FIXED	0x33	-52.7	-917.4	414.8	0.07	-1.33	0.07	0.20264	-0.09723	0.53418	-0.81494
2742	IMU2	CHILD_TOP_MOVING	0x34	44.9	-977.5	-238.6	1.26	-0.63	-0.42	-0.08209	0.13831	-0.77344	0.61279
2742	IMU3	POSITION_3_EXTRA	0x35	145.9	-960.4	-248.4	3.01	-0.84	-0.70	-0.03253	0.16064	-0.77490	0.61084
2742	IMU4	POSITION_4_EXTRA	0x36	161.0	-982.8	126.9	1.54	-1.05	-0.28	0.17627	-0.05032	-0.66016	0.72803
2750	IMU0	POSITION_0_EXTRA	0x32	-941.8	136.2	271.8	-2.94	2.38	-1.12	0.77637	-0.04678	0.60205	0.18347
2750	IMU1	PARENT_BOTTOM_FIXED	0x33	-52.2	-917.4	414.3	0.21	-1.12	-0.07	0.20264	-0.09729	0.53418	-0.81543
2750	IMU2	CHILD_TOP_MOVING	0x34	43.4	-978.4	-234.2	1.26	0.49	-0.28	-0.08209	0.13831	-0.77344	0.61279
2750	IMU3	POSITION_3_EXTRA	0x35	145.4	-959.4	-248.9	2.17	-0.70	-0.42	-0.03256	0.16077	-0.77490	0.61084
2750	IMU4	POSITION_4_EXTRA	0x36	159.1	-982.3	124.9	2.10	-1.12	-0.28	0.17627	-0.05026	-0.66016	0.72803
2759	IMU0	POSITION_0_EXTRA	0x32	-942.3	136.6	271.3	-2.45	1.61	-0.91	0.77637	-0.04709	0.60205	0.18347
2759	IMU1	PARENT_BOTTOM_FIXED	0x33	-52.7	-917.0	412.4	0.21	-0.91	-0.14	0.20264	-0.09735	0.53418	-0.81543
2759	IMU2	CHILD_TOP_MOVING	0x34	42.9	-977.5	-232.3	1.33	0.91	-0.14	-0.08209	0.13818	-0.77295	0.61328
2759	IMU3	POSITION_3_EXTRA	0x35	144.4	-957.5	-250.3	1.12	-0.63	-0.07	-0.03256	0.16077	-0.77490	0.61084
2759	IMU4	POSITION_4_EXTRA	0x36	160.1	-980.9	123.5	2.03	-0.98	-0.28	0.17615	-0.05020	-0.66016	0.72803
2767	IMU0	POSITION_0_EXTRA	0x32	-942.8	137.1	274.7	-1.54	1.40	-0.98	0.77637	-0.04733	0.60205	0.18347
2767	IMU1	PARENT_BOTTOM_FIXED	0x33	-52.2	-917.0	411.9	0.21	-0.63	-0.28	0.20264	-0.09741	0.53418	-0.81543
2767	IMU2	CHILD_TOP_MOVING	0x34	42.9	-976.5	-231.3	1.61	0.49	-0.21	-0.08203	0.13818	-0.77295	0.61328
2767	IMU3	POSITION_3_EXTRA	0x35	144.9	-957.9	-249.9	0.63	-0.56	0.14	-0.03259	0.16077	-0.77441	0.61084
2767	IMU4	POSITION_4_EXTRA	0x36	159.6	-980.4	124.4	1.47	-0.49	-0.14	0.17615	-0.05017	-0.66016	0.72803
2775	IMU0	POSITION_0_EXTRA	0x32	-942.3	138.6	277.2	-0.84	1.26	-1.12	0.77637	-0.04752	0.60205	0.18347
2775	IMU1	PARENT_BOTTOM_FIXED	0x33	-53.2	-916.5	411.9	0.14	-0.28	-0.42	0.20264	-0.09747	0.53418	-0.81543
2775	IMU2	CHILD_TOP_MOVING	0x34	43.9	-976.0	-230.3	1.82	-0.35	-0.28	-0.08209	0.13818	-0.77295	0.61328
2775	IMU3	POSITION_3_EXTRA	0x35	144.9	-957.9	-251.3	0.56	-0.63	0.14	-0.03259	0.16077	-0.77441	0.61084
2775	IMU4	POSITION_4_EXTRA	0x36	159.6	-980.4	124.9	1.12	0.00	-0.14	0.17615	-0.05017	-0.66016	0.72852
2784	IMU0	POSITION_0_EXTRA	0x32	-941.8	138.1	277.2	-0.21	0.70	-0.98	0.77637	-0.04767	0.60205	0.18347
2784	IMU1	PARENT_BOTTOM_FIXED	0x33	-53.2	-915.5	413.3	0.21	0.00	-0.49	0.20264	-0.09747	0.53418	-0.81543
2784	IMU2	CHILD_TOP_MOVING	0x34	43.9	-976.5	-230.3	2.03	-0.84	-0.35	-0.08215	0.13818	-0.77295	0.61328
2784	IMU3	POSITION_3_EXTRA	0x35	144.4	-957.9	-252.8	0.98	-0.77	-0.07	-0.03262	0.16077	-0.77441	0.61084
2784	IMU4	POSITION_4_EXTRA	0x36	159.6	-980.9	124.4	1.05	0.21	-0.35	0.17627	-0.05017	-0.65967	0.72852
2792	IMU0	POSITION_0_EXTRA	0x32	-940.9	138.1	277.2	-0.21	0.28	-0.70	0.77637	-0.04776	0.60205	0.18335
2792	IMU1	PARENT_BOTTOM_FIXED	0x33	-54.2	-915.5	411.4	0.14	0.21	-0.63	0.20264	-0.09747	0.53418	-0.81543
2792	IMU2	CHILD_TOP_MOVING	0x34	43.9	-976.5	-228.4	2.17	-0.91	-0.28	-0.08221	0.13831	-0.77295	0.61377
2792	IMU3	POSITION_3_EXTRA	0x35	143.5	-957.5	-256.7	1.47	-0.70	-0.28	-0.03265	0.16077	-0.77441	0.61084
2792	IMU4	POSITION_4_EXTRA	0x36	159.1	-980.4	123.0	0.98	0.56	-0.42	0.17627	-0.05020	-0.65967	0.72852
2800	IMU0	POSITION_0_EXTRA	0x32	-939.4	139.1	272.8	0.28	0.28	-0.70	0.77637	-0.04779	0.60205	0.18335
2800	IMU1	PARENT_BOTTOM_FIXED	0x33	-55.1	-915.5	411.4	0.14	0.28	-0.70	0.20251	-0.09747	0.53418	-0.81543
2800	IMU2	CHILD_TOP_MOVING	0x34	44.9	-975.5	-228.4	2.03	-0.56	-0.21	-0.08228	0.13831	-0.77246	0.61377
2800	IMU3	POSITION_3_EXTRA	0x35	144.0	-957.0	-254.7	2.03	-0.28	-0.35	-0.03265	0.16077	-0.77441	0.61133
2800	IMU4	POSITION_4_EXTRA	0x36	159.1	-980.4	124.0	0.77	0.77	-0.49	0.17639	-0.05023	-0.65967	0.72852
2809	IMU0	POSITION_0_EXTRA	0x32	-939.4	139.1	266.9	0.77	0.28	-0.70	0.77637	-0.04782	0.60205	0.18323
2809	IMU1	PARENT_BOTTOM_FIXED	0x33	-54.7	-916.0	412.8	0.07	0.42	-0.84	0.20251	-0.09747	0.53369	-0.81543
2809	IMU2	CHILD_TOP_MOVING	0x34	45.9	-976.0	-227.9	1.47	0.07	-0.21	-0.08228	0.13831	-0.77246	0.61377
2809	IMU3	POSITION_3_EXTRA	0x35	144.9	-956.5	-252.8	2.24	0.21	-0.42	-0.03259	0.16077	-0.77441	0.61133
2809	IMU4	POSITION_4_EXTRA	0x36	158.6	-981.9	123.5	0.63	1.05	-0.56	0.17639	-0.05029	-0.65967	0.72852
2817	IMU0	POSITION_0_EXTRA	0x32	-940.4	139.1	266.9	1.19	0.35	-0.70	0.77637	-0.04782	0.60205	0.18311
2817	IMU1	PARENT_BOTTOM_FIXED	0x33	-54.7	-914.5	412.8	-0.21	0.63	-0.91	0.20239	-0.09747	0.53369	-0.81543
2817	IMU2	CHILD_TOP_MOVING	0x34	45.9	-974.5	-229.8	0.70	0.84	-0.14	-0.08221	0.13818	-0.77246	0.61377
2817	IMU3	POSITION_3_EXTRA	0x35	145.4	-957.0	-250.3	2.03	0.70	-0.49	-0.03253	0.16077	-0.77441	0.61133
2817	IMU4	POSITION_4_EXTRA	0x36	158.1	-981.4	124.0	0.70	1.19	-0.70	0.17651	-0.05035	-0.65967	0.72852
2825	IMU0	POSITION_0_EXTRA	0x32	-940.9	139.1	266.4	1.40	0.21	-0.70	0.77637	-0.04779	0.60205	0.18298
2825	IMU1	PARENT_BOTTOM_FIXED	0x33	-54.7	-915.5	412.8	-0.35	0.84	-0.98	0.20227	-0.09747	0.53369	-0.81543
2825	IMU2	CHILD_TOP_MOVING	0x34	43.9	-975.5	-233.8	0.35	1.75	-0.14	-0.08209	0.13818	-0.77246	0.61426
2825	IMU3	POSITION_3_EXTRA	0x35	144.4	-957.9	-247.4	1.47	1.12	-0.35	-0.03244	0.16077	-0.77393	0.61133
2825	IMU4	POSITION_4_EXTRA	0x36	158.6	-980.4	124.4	0.77	1.19	-0.77	0.17664	-0.05038	-0.65967	0.72852
2834	IMU0	POSITION_0_EXTRA	0x32	-940.9	139.6	268.9	1.47	0.14	-0.84	0.77637	-0.04776	0.60205	0.18286
2834	IMU1	PARENT_BOTTOM_FIXED	0x33	-54.7	-916.0	414.3	-0.42	1.05	-1.12	0.20215	-0.09747	0.53418	-0.81543
2834	IMU2	CHILD_TOP_MOVING	0x34	42.5	-976.5	-235.7	0.21	2.59	-0.07	-0.08197	0.13806	-0.77246	0.61426
2834	IMU3	POSITION_3_EXTRA	0x35	144.4	-958.9	-246.0	0.77	1.33	-0.07	-0.03235	0.16064	-0.77393	0.61182
2834	IMU4	POSITION_4_EXTRA	0x36	158.6	-981.4	124.4	0.49	1.33	-0.77	0.17676	-0.05045	-0.65967	0.72852
2842	IMU0	POSITION_0_EXTRA	0x32	-943.3	140.5	271.8	1.47	0.00	-0.91	0.77637	-0.04776	0.60205	0.18274
2842	IMU1	PARENT_BOTTOM_FIXED	0x33	-55.6	-916.0	413.8	-0.49	1.19	-1.12	0.20203	-0.09741	0.53418	-0.81543
2842	IMU2	CHILD_TOP_MOVING	0x34	42.0	-978.0	-235.2	0.14	3.22	-0.07	-0.08185	0.13794	-0.77246	0.61426
2842	IMU3	POSITION_3_EXTRA	0x35	144.9	-960.4	-246.4	0.21	1.12	0.14	-0.03226	0.16064	-0.77393	0.61182
2842	IMU4	POSITION_4_EXTRA	0x36	160.1	-982.3	125.4	0.42	1.68	-0.63	0.17688	-0.05054	-0.65967	0.72852
2850	IMU0	POSITION_0_EXTRA	0x32	-942.8	142.5	274.3	1.40	-0.28	-0.77	0.77637	-0.04770	0.60205	0.18262
2850	IMU1	PARENT_BOTTOM_FIXED	0x33	-55.1	-916.5	413.8	-0.49	1.40	-1.12	0.20190	-0.09741	0.53418	-0.81543
2850	IMU2	CHILD_TOP_MOVING	0x34	41.0	-978.4	-234.7	0.14	3.15	0.00	-0.08167	0.13770	-0.77246	0.61426
2850	IMU3	POSITION_3_EXTRA	0x35	144.4	-960.9	-248.4	-0.14	0.84	0.28	-0.03220	0.16052	-0.77393	0.61182
2850	IMU4	POSITION_4_EXTRA	0x36	159.6	-982.8	125.4	0.42	1.82	-0.70	0.17700	-0.05063	-0.65967	0.72852
2859	IMU0	POSITION_0_EXTRA	0x32	-941.4	142.5	274.3	1.47	-0.42	-0.84	0.77637	-0.04767	0.60205	0.18250
2859	IMU1	PARENT_BOTTOM_FIXED	0x33	-55.1	-917.4	413.8	-0.63	1.47	-1.19	0.20178	-0.09735	0.53418	-0.81543
2859	IMU2	CHILD_TOP_MOVING	0x34	40.5	-978.9	-234.2	0.42	2.73	0.00	-0.08154	0.13757	-0.77246	0.61426
2859	IMU3	POSITION_3_EXTRA	0x35	143.0	-961.4	-250.3	-0.28	0.56	0.35	-0.03217	0.16052	-0.77393	0.61182
2859	IMU4	POSITION_4_EXTRA	0x36	159.6	-982.3	125.4	0.49	1.89	-0.63	0.17712	-0.05072	-0.65967	0.72852
2867	IMU0	POSITION_0_EXTRA	0x32	-942.8	143.0	272.8	1.61	-0.42	-0.84	0.77637	-0.04761	0.60205	0.18237
2867	IMU1	PARENT_BOTTOM_FIXED	0x33	-55.6	-917.9	414.8	-0.63	1.47	-1.19	0.20166	-0.09729	0.53418	-0.81543
2867	IMU2	CHILD_TOP_MOVING	0x34	40.0	-978.9	-232.8	0.77	2.10	0.07	-0.08148	0.13745	-0.77246	0.61426
2867	IMU3	POSITION_3_EXTRA	0x35	141.0	-960.9	-252.8	0.07	0.49	0.28	-0.03217	0.16040	-0.77393	0.61182
2867	IMU4	POSITION_4_EXTRA	0x36	160.1	-982.3	125.4	0.49	2.03	-0.56	0.17725	-0.05081	-0.65967	0.72852
2875	IMU0	POSITION_0_EXTRA	0x32	-941.8	142.5	272.8	1.61	-0.56	-0.77	0.77686	-0.04755	0.60205	0.18225
2875	IMU1	PARENT_BOTTOM_FIXED	0x33	-55.6	-918.4	413.3	-0.77	1.54	-1.26	0.20154	-0.09723	0.53418	-0.81543
2875	IMU2	CHILD_TOP_MOVING	0x34	39.5	-978.4	-230.8	0.84	1.54	0.07	-0.08142	0.13733	-0.77246	0.61426
2875	IMU3	POSITION_3_EXTRA	0x35	141.5	-960.9	-252.3	0.84	0.35	0.14	-0.03214	0.16040	-0.77393	0.61182
2875	IMU4	POSITION_4_EXTRA	0x36	159.6	-982.3	125.4	0.56	1.96	-0.63	0.17737	-0.05093	-0.65967	0.72852
2884	IMU0	POSITION_0_EXTRA	0x32	-942.8	142.0	272.3	1.47	-0.35	-0.84	0.77686	-0.04752	0.60205	0.18213
2884	IMU1	PARENT_BOTTOM_FIXED	0x33	-55.6	-917.9	413.3	-0.77	1.54	-1.33	0.20142	-0.09723	0.53418	-0.81543
2884	IMU2	CHILD_TOP_MOVING	0x34	41.5	-978.0	-230.8	0.56	1.19	0.07	-0.08136	0.13721	-0.77246	0.61426
2884	IMU3	POSITION_3_EXTRA	0x35	142.0	-959.4	-251.8	1.33	0.35	0.00	-0.03214	0.16028	-0.77393	0.61182
2884	IMU4	POSITION_4_EXTRA	0x36	159.1	-982.3	124.4	0.35	1.89	-0.63	0.17749	-0.05103	-0.65967	0.72852
2892	IMU0	POSITION_0_EXTRA	0x32	-941.8	142.5	273.8	1.61	-0.28	-0.91	0.77686	-0.04745	0.60205	0.18201
2892	IMU1	PARENT_BOTTOM_FIXED	0x33	-56.1	-918.4	413.8	-0.77	1.61	-1.33	0.20129	-0.09717	0.53418	-0.81543
2892	IMU2	CHILD_TOP_MOVING	0x34	41.0	-978.0	-231.3	0.21	1.05	0.07	-0.08136	0.13721	-0.77246	0.61426
2892	IMU3	POSITION_3_EXTRA	0x35	142.0	-959.4	-249.9	1.40	0.56	0.00	-0.03210	0.16028	-0.77393	0.61182
2892	IMU4	POSITION_4_EXTRA	0x36	158.1	-981.9	125.9	0.00	2.10	-0.56	0.17761	-0.05115	-0.65967	0.72852
2900	IMU0	POSITION_0_EXTRA	0x32	-943.8	144.4	273.8	2.10	-0.84	-0.77	0.77686	-0.04736	0.60205	0.18188
2900	IMU1	PARENT_BOTTOM_FIXED	0x33	-56.6	-918.4	412.4	-0.70	1.68	-1.33	0.20117	-0.09711	0.53418	-0.81543
2900	IMU2	CHILD_TOP_MOVING	0x34	42.5	-976.5	-231.3	0.14	1.05	0.00	-0.08130	0.13708	-0.77246	0.61475
2900	IMU3	POSITION_3_EXTRA	0x35	142.5	-957.5	-247.4	1.12	0.56	0.00	-0.03204	0.16028	-0.77393	0.61182
2900	IMU4	POSITION_4_EXTRA	0x36	157.6	-980.4	124.9	-0.14	2.24	-0.42	0.17773	-0.05127	-0.65967	0.72852
2909	IMU0	POSITION_0_EXTRA	0x32	-939.4	146.9	286.0	1.89	-1.54	-0.07	0.77686	-0.04721	0.60156	0.18188
2909	IMU1	PARENT_BOTTOM_FIXED	0x33	-57.1	-917.9	413.3	-0.70	1.68	-1.40	0.20105	-0.09705	0.53418	-0.81543
2909	IMU2	CHILD_TOP_MOVING	0x34	41.5	-975.5	-230.3	-0.07	1.19	-0.07	-0.08124	0.13708	-0.77246	0.61475
2909	IMU3	POSITION_3_EXTRA	0x35	141.5	-957.0	-246.9	0.70	0.28	0.07	-0.03204	0.16016	-0.77393	0.61182
2909	IMU4	POSITION_4_EXTRA	0x36	157.1	-978.4	124.0	0.00	2.24	-0.49	0.17786	-0.05142	-0.65918	0.72852
2917	IMU0	POSITION_0_EXTRA	0x32	-938.4	143.5	274.3	2.10	0.56	-0.56	0.77686	-0.04712	0.60205	0.18176
2917	IMU1	PARENT_BOTTOM_FIXED	0x33	-56.6	-917.4	412.8	-0.77	1.68	-1.40	0.20081	-0.09698	0.53418	-0.81543
2917	IMU2	CHILD_TOP_MOVING	0x34	41.5	-975.0	-231.3	-0.35	1.19	0.00	-0.08118	0.13696	-0.77246	0.61475
2917	IMU3	POSITION_3_EXTRA	0x35	143.5	-957.5	-251.3	0.21	-0.14	0.14	-0.03204	0.16016	-0.77393	0.61182
2917	IMU4	POSITION_4_EXTRA	0x36	159.1	-980.9	123.5	-0.28	2.24	-0.42	0.17798	-0.05154	-0.65918	0.72803
2925	IMU0	POSITION_0_EXTRA	0x32	-947.2	138.1	258.6	1.96	-1.05	-0.21	0.77686	-0.04703	0.60205	0.18164
2925	IMU1	PARENT_BOTTOM_FIXED	0x33	-56.6	-918.4	410.9	-0.84	1.75	-1.40	0.20068	-0.09692	0.53418	-0.81543
2925	IMU2	CHILD_TOP_MOVING	0x34	43.4	-976.5	-234.2	-0.77	0.98	-0.14	-0.08112	0.13696	-0.77246	0.61426
2925	IMU3	POSITION_3_EXTRA	0x35	146.4	-958.9	-252.3	-0.07	-0.35	0.14	-0.03201	0.16016	-0.77393	0.61182
2925	IMU4	POSITION_4_EXTRA	0x36	160.6	-982.3	124.4	-0.63	2.38	-0.42	0.17810	-0.05170	-0.65967	0.72803
2934	IMU0	POSITION_0_EXTRA	0x32	-941.4	142.5	264.0	2.10	-2.73	0.14	0.77686	-0.04688	0.60156	0.18152
2934	IMU1	PARENT_BOTTOM_FIXED	0x33	-55.1	-917.9	411.9	-0.84	1.82	-1.40	0.20056	-0.09692	0.53467	-0.81543
2934	IMU2	CHILD_TOP_MOVING	0x34	44.4	-976.5	-235.2	-0.98	0.84	-0.21	-0.08105	0.13696	-0.77246	0.61426
2934	IMU3	POSITION_3_EXTRA	0x35	146.9	-959.9	-251.8	-0.21	-0.28	0.28	-0.03201	0.16016	-0.77393	0.61182
2934	IMU4	POSITION_4_EXTRA	0x36	159.6	-982.3	123.0	-0.70	2.59	-0.56	0.17822	-0.05182	-0.65967	0.72803
2942	IMU0	POSITION_0_EXTRA	0x32	-937.0	145.4	273.8	2.80	-1.26	-0.49	0.77734	-0.04672	0.60156	0.18140
2942	IMU1	PARENT_BOTTOM_FIXED	0x33	-56.1	-917.9	413.3	-0.91	1.82	-1.47	0.20044	-0.09686	0.53467	-0.81543
2942	IMU2	CHILD_TOP_MOVING	0x34	45.4	-977.5	-234.2	-0.77	0.70	-0.14	-0.08099	0.13684	-0.77246	0.61426
2942	IMU3	POSITION_3_EXTRA	0x35	146.9	-958.9	-250.8	0.00	0.14	0.21	-0.03198	0.16016	-0.77393	0.61182
2942	IMU4	POSITION_4_EXTRA	0x36	159.1	-982.3	120.5	-0.91	2.66	-0.63	0.17847	-0.05197	-0.65967	0.72803
2950	IMU0	POSITION_0_EXTRA	0x32	-941.8	145.4	270.4	2.87	-1.96	-0.35	0.77734	-0.04654	0.60156	0.18127
2950	IMU1	PARENT_BOTTOM_FIXED	0x33	-55.1	-917.9	413.3	-0.84	1.89	-1.47	0.20020	-0.09680	0.53467	-0.81543
2950	IMU2	CHILD_TOP_MOVING	0x34	44.9	-977.5	-232.8	-0.70	1.12	-0.07	-0.08093	0.13684	-0.77246	0.61426
2950	IMU3	POSITION_3_EXTRA	0x35	145.4	-958.9	-253.3	0.07	0.56	0.28	-0.03192	0.16003	-0.77393	0.61182
2950	IMU4	POSITION_4_EXTRA	0x36	160.1	-981.4	124.9	-1.12	2.66	-0.63	0.17859	-0.05212	-0.65967	0.72803
2959	IMU0	POSITION_0_EXTRA	0x32	-938.9	147.4	275.7	2.45	-3.01	0.14	0.77734	-0.04633	0.60156	0.18115
2959	IMU1	PARENT_BOTTOM_FIXED	0x33	-55.6	-917.9	412.8	-0.91	1.89	-1.47	0.20007	-0.09674	0.53467	-0.81543
2959	IMU2	CHILD_TOP_MOVING	0x34	44.9	-978.0	-233.3	-0.98	1.61	0.07	-0.08087	0.13672	-0.77246	0.61426
2959	IMU3	POSITION_3_EXTRA	0x35	144.0	-957.9	-253.8	-0.35	1.26	0.49	-0.03183	0.16003	-0.77393	0.61182
2959	IMU4	POSITION_4_EXTRA	0x36	160.1	-981.9	125.9	-0.98	2.80	-0.84	0.17871	-0.05228	-0.65967	0.72803
2967	IMU0	POSITION_0_EXTRA	0x32	-936.5	146.9	274.7	2.45	-1.75	-0.28	0.77734	-0.04617	0.60156	0.18115
2967	IMU1	PARENT_BOTTOM_FIXED	0x33	-54.7	-918.4	411.4	-0.98	1.82	-1.47	0.19995	-0.09668	0.53467	-0.81543
2967	IMU2	CHILD_TOP_MOVING	0x34	44.4	-977.0	-233.8	-1.19	2.17	0.07	-0.08075	0.13672	-0.77246	0.61426
2967	IMU3	POSITION_3_EXTRA	0x35	144.4	-957.5	-254.7	-0.77	1.75	0.63	-0.03174	0.15991	-0.77393	0.61182
2967	IMU4	POSITION_4_EXTRA	0x36	158.1	-982.3	122.5	-0.56	2.66	-0.91	0.17896	-0.05243	-0.65967	0.72803
2975	IMU0	POSITION_0_EXTRA	0x32	-941.4	145.9	271.3	2.24	-1.26	-0.21	0.77734	-0.04602	0.60156	0.18103
2975	IMU1	PARENT_BOTTOM_FIXED	0x33	-53.2	-917.4	410.9	-0.98	1.96	-1.54	0.19971	-0.09662	0.53467	-0.81543
2975	IMU2	CHILD_TOP_MOVING	0x34	44.9	-977.0	-234.2	-1.33	2.17	0.00	-0.08057	0.13660	-0.77246	0.61426
2975	IMU3	POSITION_3_EXTRA	0x35	142.5	-958.9	-253.3	-1.05	2.24	0.77	-0.03162	0.15967	-0.77393	0.61182
2975	IMU4	POSITION_4_EXTRA	0x36	157.6	-982.3	122.0	-0.63	2.52	-0.91	0.17908	-0.05255	-0.65967	0.72754
2984	IMU0	POSITION_0_EXTRA	0x32	-941.8	145.9	273.8	2.45	-2.03	-0.07	0.77783	-0.04587	0.60107	0.18091
2984	IMU1	PARENT_BOTTOM_FIXED	0x33	-52.7	-917.9	413.3	-0.98	2.03	-1.54	0.19958	-0.09662	0.53467	-0.81543
2984	IMU2	CHILD_TOP_MOVING	0x34	42.9	-977.0	-236.2	-1.40	2.17	-0.07	-0.08044	0.13647	-0.77295	0.61426
2984	IMU3	POSITION_3_EXTRA	0x35	140.1	-959.9	-250.8	-1.33	2.31	0.77	-0.03149	0.15955	-0.77441	0.61182
2984	IMU4	POSITION_4_EXTRA	0x36	156.6	-982.8	122.5	-0.77	2.73	-0.91	0.17920	-0.05270	-0.65967	0.72754
2992	IMU0	POSITION_0_EXTRA	0x32	-939.4	145.9	276.7	2.59	-1.68	-0.21	0.77783	-0.04568	0.60107	0.18079
2992	IMU1	PARENT_BOTTOM_FIXED	0x33	-53.7	-917.9	412.8	-0.98	2.17	-1.68	0.19934	-0.09656	0.53467	-0.81543
2992	IMU2	CHILD_TOP_MOVING	0x34	40.5	-978.0	-236.7	-1.40	2.10	-0.14	-0.08032	0.13635	-0.77295	0.61426
2992	IMU3	POSITION_3_EXTRA	0x35	140.1	-960.4	-249.4	-1.33	1.68	0.77	-0.03143	0.15942	-0.77441	0.61182
2992	IMU4	POSITION_4_EXTRA	0x36	156.2	-983.8	121.5	-0.84	2.80	-0.84	0.17944	-0.05289	-0.65967	0.72754
3000	IMU0	POSITION_0_EXTRA	0x32	-940.4	146.9	273.3	2.80	-1.19	-0.42	0.77783	-0.04550	0.60107	0.18066
3000	IMU1	PARENT_BOTTOM_FIXED	0x33	-52.7	-918.4	413.8	-0.98	2.31	-1.68	0.19922	-0.09650	0.53516	-0.81543
3000	IMU2	CHILD_TOP_MOVING	0x34	39.5	-978.4	-235.7	-1.26	2.24	-0.21	-0.08020	0.13623	-0.77295	0.61426
3000	IMU3	POSITION_3_EXTRA	0x35	140.1	-960.9	-249.4	-1.47	1.19	0.63	-0.03137	0.15930	-0.77441	0.61182
3000	IMU4	POSITION_4_EXTRA	0x36	157.1	-983.3	121.0	-0.70	2.66	-0.84	0.17957	-0.05304	-0.65967	0.72754
3009	IMU0	POSITION_0_EXTRA	0x32	-940.4	147.4	275.7	2.66	-1.26	-0.28	0.77783	-0.04535	0.60107	0.18054
3009	IMU1	PARENT_BOTTOM_FIXED	0x33	-52.2	-919.4	413.3	-0.77	2.31	-1.75	0.19897	-0.09644	0.53516	-0.81543
3009	IMU2	CHILD_TOP_MOVING	0x34	41.5	-978.4	-234.2	-0.98	2.31	-0.21	-0.08008	0.13611	-0.77295	0.61426
3009	IMU3	POSITION_3_EXTRA	0x35	141.5	-960.4	-251.3	-1.47	0.77	0.49	-0.03131	0.15918	-0.77441	0.61182
3009	IMU4	POSITION_4_EXTRA	0x36	157.6	-983.8	120.0	-0.91	2.73	-0.77	0.17969	-0.05319	-0.65967	0.72754
3017	IMU0	POSITION_0_EXTRA	0x32	-937.9	148.8	276.2	2.66	-0.91	-0.28	0.77783	-0.04517	0.60107	0.18042
3017	IMU1	PARENT_BOTTOM_FIXED	0x33	-52.2	-918.9	412.8	-0.84	2.17	-1.75	0.19873	-0.09637	0.53516	-0.81543
3017	IMU2	CHILD_TOP_MOVING	0x34	43.4	-978.4	-231.8	-0.77	2.03	-0.21	-0.07996	0.13611	-0.77295	0.61426
3017	IMU3	POSITION_3_EXTRA	0x35	143.5	-961.4	-251.3	-1.26	0.63	0.49	-0.03125	0.15918	-0.77441	0.61182
3017	IMU4	POSITION_4_EXTRA	0x36	157.6	-984.3	119.6	-1.12	2.80	-0.77	0.17993	-0.05334	-0.65967	0.72754
3025	IMU0	POSITION_0_EXTRA	0x32	-938.9	148.8	275.2	2.80	-0.56	-0.42	0.77783	-0.04498	0.60107	0.18030
3025	IMU1	PARENT_BOTTOM_FIXED	0x33	-52.7	-918.9	412.8	-0.84	2.10	-1.75	0.19861	-0.09631	0.53516	-0.81592
3025	IMU2	CHILD_TOP_MOVING	0x34	44.9	-978.9	-229.8	-0.91	1.68	-0.35	-0.07990	0.13599	-0.77295	0.61426
3025	IMU3	POSITION_3_EXTRA	0x35	144.4	-961.4	-252.3	-1.19	0.70	0.35	-0.03119	0.15906	-0.77441	0.61133
3025	IMU4	POSITION_4_EXTRA	0x36	158.1	-985.3	121.5	-1.19	2.80	-0.84	0.18005	-0.05353	-0.65967	0.72705
3034	IMU0	POSITION_0_EXTRA	0x32	-940.4	148.8	273.8	2.73	-0.77	-0.28	0.77783	-0.04483	0.60107	0.18018
3034	IMU1	PARENT_BOTTOM_FIXED	0x33	-52.2	-918.4	412.4	-0.84	2.17	-1.68	0.19836	-0.09625	0.53516	-0.81592
3034	IMU2	CHILD_TOP_MOVING	0x34	43.9	-979.4	-230.3	-1.12	1.40	-0.35	-0.07977	0.13599	-0.77295	0.61426
3034	IMU3	POSITION_3_EXTRA	0x35	144.0	-960.9	-254.7	-1.12	0.98	0.28	-0.03111	0.15894	-0.77441	0.61133
3034	IMU4	POSITION_4_EXTRA	0x36	158.6	-985.8	120.5	-1.19	2.59	-0.84	0.18018	-0.05368	-0.65967	0.72705
3042	IMU0	POSITION_0_EXTRA	0x32	-938.9	146.9	273.8	2.66	-0.70	-0.28	0.77783	-0.04468	0.60107	0.18005
3042	IMU1	PARENT_BOTTOM_FIXED	0x33	-52.2	-917.9	412.8	-0.84	2.24	-1.75	0.19824	-0.09619	0.53516	-0.81592
3042	IMU2	CHILD_TOP_MOVING	0x34	44.9	-979.4	-232.8	-1.33	1.47	-0.35	-0.07965	0.13586	-0.77295	0.61426
3042	IMU3	POSITION_3_EXTRA	0x35	144.4	-961.4	-255.7	-1.12	1.33	0.21	-0.03101	0.15894	-0.77490	0.61133
3042	IMU4	POSITION_4_EXTRA	0x36	159.6	-986.2	119.1	-0.98	2.38	-0.91	0.18030	-0.05380	-0.66016	0.72705
3050	IMU0	POSITION_0_EXTRA	0x32	-939.4	147.4	274.3	2.52	-0.49	-0.35	0.77832	-0.04453	0.60107	0.17993
3050	IMU1	PARENT_BOTTOM_FIXED	0x33	-51.7	-918.4	412.8	-0.98	2.24	-1.75	0.19800	-0.09613	0.53516	-0.81592
3050	IMU2	CHILD_TOP_MOVING	0x34	45.4	-979.4	-236.7	-1.33	1.96	-0.42	-0.07953	0.13586	-0.77295	0.61377
3050	IMU3	POSITION_3_EXTRA	0x35	144.9	-961.4	-253.8	-1.05	1.61	0.21	-0.03088	0.15881	-0.77490	0.61133
3050	IMU4	POSITION_4_EXTRA	0x36	159.1	-985.3	118.6	-0.91	2.31	-0.91	0.18054	-0.05392	-0.66016	0.72705
3059	IMU0	POSITION_0_EXTRA	0x32	-940.4	147.9	275.2	2.45	-0.42	-0.35	0.77832	-0.04437	0.60107	0.17981
3059	IMU1	PARENT_BOTTOM_FIXED	0x33	-52.7	-918.9	412.8	-0.98	2.38	-1.68	0.19775	-0.09607	0.53516	-0.81592
3059	IMU2	CHILD_TOP_MOVING	0x34	45.4	-979.4	-238.1	-1.26	2.45	-0.35	-0.07941	0.13574	-0.77344	0.61377
3059	IMU3	POSITION_3_EXTRA	0x35	144.9	-961.8	-253.8	-1.05	1.61	0.21	-0.03078	0.15869	-0.77490	0.61133
3059	IMU4	POSITION_4_EXTRA	0x36	159.6	-985.8	118.6	-1.12	2.31	-0.91	0.18066	-0.05405	-0.66016	0.72656
3067	IMU0	POSITION_0_EXTRA	0x32	-939.9	148.4	276.2	2.38	-0.28	-0.42	0.77832	-0.04422	0.60107	0.17969
3067	IMU1	PARENT_BOTTOM_FIXED	0x33	-52.7	-919.4	412.8	-0.84	2.38	-1.68	0.19763	-0.09601	0.53516	-0.81592
3067	IMU2	CHILD_TOP_MOVING	0x34	46.4	-980.4	-236.7	-0.91	2.80	-0.35	-0.07922	0.13562	-0.77344	0.61377
3067	IMU3	POSITION_3_EXTRA	0x35	144.9	-962.3	-253.8	-1.19	1.54	0.14	-0.03065	0.15869	-0.77490	0.61133
3067	IMU4	POSITION_4_EXTRA	0x36	160.1	-986.2	120.0	-1.12	2.45	-0.98	0.18079	-0.05417	-0.66016	0.72656
3075	IMU0	POSITION_0_EXTRA	0x32	-940.4	148.8	275.7	2.45	-0.21	-0.35	0.77832	-0.04410	0.60107	0.17969
3075	IMU1	PARENT_BOTTOM_FIXED	0x33	-52.2	-919.9	414.8	-0.84	2.45	-1.75	0.19739	-0.09595	0.53516	-0.81592
3075	IMU2	CHILD_TOP_MOVING	0x34	46.8	-979.9	-237.2	-0.77	3.01	-0.35	-0.07898	0.13550	-0.77344	0.61377
3075	IMU3	POSITION_3_EXTRA	0x35	144.9	-961.4	-255.2	-1.33	1.33	0.21	-0.03055	0.15857	-0.77490	0.61133
3075	IMU4	POSITION_4_EXTRA	0x36	159.6	-985.8	118.1	-1.12	2.45	-1.05	0.18103	-0.05432	-0.66016	0.72656
3084	IMU0	POSITION_0_EXTRA	0x32	-939.9	149.3	274.3	2.38	-0.28	-0.28	0.77832	-0.04395	0.60107	0.17957
3084	IMU1	PARENT_BOTTOM_FIXED	0x33	-52.7	-919.9	414.3	-0.77	2.52	-1.68	0.19714	-0.09583	0.53564	-0.81592
3084	IMU2	CHILD_TOP_MOVING	0x34	44.4	-979.9	-236.2	-0.77	3.08	-0.42	-0.07880	0.13538	-0.77344	0.61377
3084	IMU3	POSITION_3_EXTRA	0x35	143.0	-959.4	-255.2	-1.68	1.40	0.28	-0.03044	0.15845	-0.77490	0.61084
3084	IMU4	POSITION_4_EXTRA	0x36	160.6	-984.3	117.1	-1.19	2.38	-1.05	0.18115	-0.05444	-0.66016	0.72656
3092	IMU0	POSITION_0_EXTRA	0x32	-938.4	148.8	273.8	2.52	-0.14	-0.35	0.77832	-0.04379	0.60107	0.17944
3092	IMU1	PARENT_BOTTOM_FIXED	0x33	-53.7	-919.4	415.3	-0.56	2.45	-1.68	0.19702	-0.09576	0.53564	-0.81592
3092	IMU2	CHILD_TOP_MOVING	0x34	41.5	-978.9	-235.7	-0.98	2.87	-0.35	-0.07867	0.13525	-0.77344	0.61377
3092	IMU3	POSITION_3_EXTRA	0x35	141.5	-959.4	-255.7	-2.10	1.61	0.42	-0.03032	0.15833	-0.77539	0.61084
3092	IMU4	POSITION_4_EXTRA	0x36	161.0	-984.3	119.1	-0.98	2.45	-1.05	0.18127	-0.05453	-0.66016	0.72656
3100	IMU0	POSITION_0_EXTRA	0x32	-939.4	150.3	273.3	2.52	-0.07	-0.35	0.77832	-0.04364	0.60107	0.17932
3100	IMU1	PARENT_BOTTOM_FIXED	0x33	-54.2	-919.4	414.8	-0.84	2.38	-1.61	0.19678	-0.09570	0.53564	-0.81592
3100	IMU2	CHILD_TOP_MOVING	0x34	42.0	-977.5	-235.2	-1.26	1.96	-0.49	-0.07855	0.13525	-0.77344	0.61377
3100	IMU3	POSITION_3_EXTRA	0x35	142.0	-960.4	-255.2	-1.89	1.54	0.42	-0.03023	0.15820	-0.77539	0.61084
3100	IMU4	POSITION_4_EXTRA	0x36	160.1	-984.3	118.6	-0.84	2.52	-0.98	0.18152	-0.05469	-0.66016	0.72607
3109	IMU0	POSITION_0_EXTRA	0x32	-939.9	151.3	273.3	2.38	-0.28	-0.28	0.77832	-0.04349	0.60107	0.17920
3109	IMU1	PARENT_BOTTOM_FIXED	0x33	-56.6	-918.9	413.3	-0.56	2.10	-1.61	0.19666	-0.09558	0.53564	-0.81592
3109	IMU2	CHILD_TOP_MOVING	0x34	44.9	-976.5	-236.2	-2.17	2.17	-0.56	-0.07837	0.13513	-0.77344	0.61377
3109	IMU3	POSITION_3_EXTRA	0x35	142.5	-960.9	-255.2	-0.98	1.33	0.21	-0.03014	0.15820	-0.77539	0.61084
3109	IMU4	POSITION_4_EXTRA	0x36	159.1	-983.8	119.1	-0.70	2.31	-0.98	0.18164	-0.05481	-0.66016	0.72607
3117	IMU0	POSITION_0_EXTRA	0x32	-939.9	152.3	272.8	2.45	-0.49	-0.14	0.77832	-0.04330	0.60107	0.17908
3117	IMU1	PARENT_BOTTOM_FIXED	0x33	-56.6	-917.4	413.8	-0.63	2.10	-1.54	0.19653	-0.09552	0.53564	-0.81592
3117	IMU2	CHILD_TOP_MOVING	0x34	44.4	-978.9	-236.7	-1.89	3.22	-0.56	-0.07819	0.13501	-0.77393	0.61377
3117	IMU3	POSITION_3_EXTRA	0x35	141.5	-959.9	-254.7	-0.70	1.54	-0.07	-0.03001	0.15808	-0.77539	0.61084
3117	IMU4	POSITION_4_EXTRA	0x36	158.6	-983.8	117.1	-0.63	2.10	-1.05	0.18176	-0.05490	-0.66016	0.72607
3125	IMU0	POSITION_0_EXTRA	0x32	-939.9	151.8	270.8	2.31	-0.49	-0.07	0.77832	-0.04315	0.60107	0.17908
3125	IMU1	PARENT_BOTTOM_FIXED	0x33	-56.1	-916.5	412.8	-0.70	2.10	-1.54	0.19629	-0.09540	0.53564	-0.81592
3125	IMU2	CHILD_TOP_MOVING	0x34	40.5	-978.9	-232.8	-0.77	3.85	-0.35	-0.07794	0.13489	-0.77393	0.61377
3125	IMU3	POSITION_3_EXTRA	0x35	141.0	-958.9	-254.7	-1.33	1.61	0.21	-0.02991	0.15796	-0.77539	0.61084
3125	IMU4	POSITION_4_EXTRA	0x36	158.1	-984.8	117.6	-0.84	2.17	-0.98	0.18188	-0.05502	-0.66064	0.72607
3134	IMU0	POSITION_0_EXTRA	0x32	-939.4	151.8	269.4	2.17	-0.56	0.00	0.77832	-0.04300	0.60107	0.17896
3134	IMU1	PARENT_BOTTOM_FIXED	0x33	-57.6	-918.4	413.8	-0.63	1.75	-1.47	0.19617	-0.09534	0.53564	-0.81592
3134	IMU2	CHILD_TOP_MOVING	0x34	39.5	-979.4	-230.8	-0.98	4.06	-0.28	-0.07776	0.13464	-0.77393	0.61377
3134	IMU3	POSITION_3_EXTRA	0x35	139.1	-960.9	-255.2	-1.75	1.54	0.42	-0.02991	0.15796	-0.77539	0.61084
3134	IMU4	POSITION_4_EXTRA	0x36	158.1	-984.8	117.6	-0.77	2.03	-0.98	0.18201	-0.05515	-0.66064	0.72607
3142	IMU0	POSITION_0_EXTRA	0x32	-939.4	153.2	269.9	1.89	-0.56	0.14	0.77832	-0.04285	0.60107	0.17896
3142	IMU1	PARENT_BOTTOM_FIXED	0x33	-56.6	-917.4	411.4	-0.77	1.54	-1.47	0.19604	-0.09528	0.53564	-0.81592
3142	IMU2	CHILD_TOP_MOVING	0x34	37.6	-980.4	-233.3	-1.05	3.43	-0.21	-0.07758	0.13452	-0.77393	0.61377
3142	IMU3	POSITION_3_EXTRA	0x35	138.1	-960.9	-256.2	-2.17	1.26	0.56	-0.02983	0.15784	-0.77539	0.61084
3142	IMU4	POSITION_4_EXTRA	0x36	157.1	-984.8	118.1	-0.91	1.89	-0.91	0.18213	-0.05527	-0.66064	0.72607
3150	IMU0	POSITION_0_EXTRA	0x32	-938.9	153.7	271.3	1.68	-0.49	0.21	0.77832	-0.04269	0.60107	0.17883
3150	IMU1	PARENT_BOTTOM_FIXED	0x33	-56.6	-917.9	412.4	-0.70	1.61	-1.40	0.19592	-0.09521	0.53564	-0.81592
3150	IMU2	CHILD_TOP_MOVING	0x34	39.0	-979.4	-235.2	-0.70	1.26	-0.42	-0.07751	0.13440	-0.77393	0.61377
3150	IMU3	POSITION_3_EXTRA	0x35	139.1	-961.8	-255.2	-1.75	0.77	0.42	-0.02975	0.15771	-0.77588	0.61035
3150	IMU4	POSITION_4_EXTRA	0x36	156.2	-984.8	118.6	-1.19	1.82	-0.77	0.18225	-0.05539	-0.66064	0.72559
3159	IMU0	POSITION_0_EXTRA	0x32	-937.9	153.7	271.8	1.47	-0.21	0.28	0.77832	-0.04257	0.60107	0.17883
3159	IMU1	PARENT_BOTTOM_FIXED	0x33	-54.7	-917.9	412.8	-0.84	1.40	-1.33	0.19580	-0.09521	0.53564	-0.81592
3159	IMU2	CHILD_TOP_MOVING	0x34	39.5	-979.9	-236.7	-0.63	0.70	-0.56	-0.07751	0.13440	-0.77393	0.61377
3159	IMU3	POSITION_3_EXTRA	0x35	139.6	-961.8	-253.3	-1.19	0.70	0.21	-0.02972	0.15759	-0.77588	0.61035
3159	IMU4	POSITION_4_EXTRA	0x36	155.7	-985.8	118.6	-1.19	1.40	-0.70	0.18237	-0.05548	-0.66064	0.72559
3167	IMU0	POSITION_0_EXTRA	0x32	-937.9	154.2	272.8	1.33	-0.14	0.42	0.77832	-0.04242	0.60107	0.17883
3167	IMU1	PARENT_BOTTOM_FIXED	0x33	-55.1	-918.4	412.4	-0.84	1.33	-1.26	0.19568	-0.09515	0.53564	-0.81592
3167	IMU2	CHILD_TOP_MOVING	0x34	39.5	-978.4	-236.7	-0.07	-0.42	-0.56	-0.07751	0.13440	-0.77393	0.61377
3167	IMU3	POSITION_3_EXTRA	0x35	140.1	-961.4	-251.3	-0.84	0.14	0.00	-0.02968	0.15759	-0.77588	0.61035
3167	IMU4	POSITION_4_EXTRA	0x36	155.7	-985.3	117.6	-1.05	1.19	-0.70	0.18237	-0.05560	-0.66064	0.72559
3175	IMU0	POSITION_0_EXTRA	0x32	-937.0	154.2	274.3	1.12	0.14	0.49	0.77832	-0.04230	0.60107	0.17883
3175	IMU1	PARENT_BOTTOM_FIXED	0x33	-56.1	-917.9	412.4	-0.98	1.40	-1.19	0.19556	-0.09509	0.53564	-0.81592
3175	IMU2	CHILD_TOP_MOVING	0x34	42.9	-978.0	-234.2	-0.07	0.14	-0.63	-0.07751	0.13440	-0.77393	0.61377
3175	IMU3	POSITION_3_EXTRA	0x35	142.0	-961.4	-252.8	-0.49	-0.07	-0.07	-0.02965	0.15747	-0.77588	0.61035
3175	IMU4	POSITION_4_EXTRA	0x36	155.7	-984.8	117.1	-0.84	1.05	-0.70	0.18250	-0.05566	-0.66064	0.72559
3184	IMU0	POSITION_0_EXTRA	0x32	-937.4	152.7	273.3	0.84	0.35	0.49	0.77832	-0.04221	0.60107	0.17883
3184	IMU1	PARENT_BOTTOM_FIXED	0x33	-55.1	-919.9	413.3	-1.19	1.40	-1.12	0.19543	-0.09503	0.53564	-0.81592
3184	IMU2	CHILD_TOP_MOVING	0x34	44.9	-976.5	-235.2	-0.91	1.33	-0.70	-0.07739	0.13440	-0.77393	0.61377
3184	IMU3	POSITION_3_EXTRA	0x35	140.5	-960.4	-252.8	0.00	-0.21	-0.35	-0.02963	0.15747	-0.77588	0.61035
3184	IMU4	POSITION_4_EXTRA	0x36	155.2	-985.3	116.1	-0.77	0.70	-0.63	0.18250	-0.05576	-0.66064	0.72559
3192	IMU0	POSITION_0_EXTRA	0x32	-937.0	152.3	272.8	0.49	0.42	0.49	0.77832	-0.04214	0.60107	0.17883
3192	IMU1	PARENT_BOTTOM_FIXED	0x33	-55.6	-919.9	413.3	-0.84	1.05	-0.98	0.19531	-0.09503	0.53613	-0.81592
3192	IMU2	CHILD_TOP_MOVING	0x34	43.4	-977.5	-235.2	-1.82	2.80	-0.63	-0.07721	0.13428	-0.77393	0.61377
3192	IMU3	POSITION_3_EXTRA	0x35	140.5	-960.4	-252.8	0.00	-0.21	-0.35	-0.02963	0.15747	-0.77588	0.61035
3192	IMU4	POSITION_4_EXTRA	0x36	154.7	-985.8	116.1	-0.70	0.42	-0.70	0.18250	-0.05582	-0.66113	0.72559
3200	IMU0	POSITION_0_EXTRA	0x32	-937.0	153.2	269.4	0.21	0.42	0.56	0.77832	-0.04208	0.60156	0.17896
3200	IMU1	PARENT_BOTTOM_FIXED	0x33	-57.1	-919.9	413.8	-1.12	0.84	-0.91	0.19531	-0.09497	0.53613	-0.81592
3200	IMU2	CHILD_TOP_MOVING	0x34	38.1	-978.4	-233.8	-2.17	3.57	-0.56	-0.07703	0.13416	-0.77393	0.61328
3200	IMU3	POSITION_3_EXTRA	0x35	140.5	-960.4	-252.8	-0.35	-0.28	-0.42	-0.02962	0.15747	-0.77588	0.61035
3200	IMU4	POSITION_4_EXTRA	0x36	154.7	-986.7	114.7	-0.49	0.07	-0.70	0.18250	-0.05585	-0.66113	0.72559
3209	IMU0	POSITION_0_EXTRA	0x32	-937.0	154.2	268.4	0.00	0.42	0.56	0.77832	-0.04202	0.60156	0.17896
3209	IMU1	PARENT_BOTTOM_FIXED	0x33	-57.1	-918.4	413.8	-1.12	0.42	-0.84	0.19519	-0.09497	0.53613	-0.81592
3209	IMU2	CHILD_TOP_MOVING	0x34	37.6	-978.4	-233.8	-2.80	2.31	-0.63	-0.07690	0.13403	-0.77441	0.61328
3209	IMU3	POSITION_3_EXTRA	0x35	138.6	-960.4	-254.2	-1.12	-0.07	-0.28	-0.02960	0.15747	-0.77588	0.61035
3209	IMU4	POSITION_4_EXTRA	0x36	153.7	-985.8	113.7	-0.07	-0.28	-0.70	0.18250	-0.05585	-0.66113	0.72510
3217	IMU0	POSITION_0_EXTRA	0x32	-937.0	155.7	269.4	-0.21	0.42	0.63	0.77832	-0.04196	0.60156	0.17908
3217	IMU1	PARENT_BOTTOM_FIXED	0x33	-58.1	-918.9	412.8	-0.84	-0.21	-0.77	0.19519	-0.09497	0.53613	-0.81592
3217	IMU2	CHILD_TOP_MOVING	0x34	35.6	-978.9	-236.7	-3.43	0.14	-0.84	-0.07690	0.13403	-0.77441	0.61328
3217	IMU3	POSITION_3_EXTRA	0x35	135.7	-961.4	-255.2	-1.61	-0.56	-0.21	-0.02962	0.15747	-0.77588	0.61035
3217	IMU4	POSITION_4_EXTRA	0x36	152.3	-986.2	114.2	0.21	-0.49	-0.70	0.18250	-0.05585	-0.66113	0.72510
3225	IMU0	POSITION_0_EXTRA	0x32	-937.0	157.1	269.4	-0.49	0.35	0.70	0.77832	-0.04193	0.60156	0.17920
3225	IMU1	PARENT_BOTTOM_FIXED	0x33	-60.0	-917.0	412.8	-1.19	-0.77	-0.49	0.19519	-0.09497	0.53613	-0.81592
3225	IMU2	CHILD_TOP_MOVING	0x34	35.6	-979.9	-239.6	-3.22	-1.54	-0.98	-0.07697	0.13416	-0.77441	0.61279
3225	IMU3	POSITION_3_EXTRA	0x35	135.2	-962.8	-257.7	-1.33	-1.33	-0.42	-0.02968	0.15747	-0.77588	0.60986
3225	IMU4	POSITION_4_EXTRA	0x36	152.7	-986.2	114.7	0.00	-0.77	-0.70	0.18250	-0.05585	-0.66113	0.72510
3234	IMU0	POSITION_0_EXTRA	0x32	-937.0	158.1	267.9	-0.98	0.14	0.70	0.77783	-0.04190	0.60156	0.17932
3234	IMU1	PARENT_BOTTOM_FIXED	0x33	-61.0	-917.9	413.8	-1.19	-1.33	-0.28	0.19519	-0.09503	0.53613	-0.81592
3234	IMU2	CHILD_TOP_MOVING	0x34	35.6	-979.9	-239.6	-1.82	-1.68	-1.05	-0.07703	0.13428	-0.77441	0.61279
3234	IMU3	POSITION_3_EXTRA	0x35	134.2	-962.8	-257.2	-0.35	-2.31	-0.84	-0.02980	0.15759	-0.77637	0.60986
3234	IMU4	POSITION_4_EXTRA	0x36	152.3	-987.2	116.1	0.21	-1.05	-0.63	0.18237	-0.05585	-0.66113	0.72510
3242	IMU0	POSITION_0_EXTRA	0x32	-936.5	157.1	267.9	-1.61	-0.07	0.77	0.77783	-0.04193	0.60156	0.17944
3242	IMU1	PARENT_BOTTOM_FIXED	0x33	-62.0	-916.5	414.8	-1.61	-1.82	-0.07	0.19531	-0.09503	0.53613	-0.81592
3242	IMU2	CHILD_TOP_MOVING	0x34	39.0	-981.4	-238.1	-0.70	-0.91	-1.05	-0.07709	0.13428	-0.77441	0.61279
3242	IMU3	POSITION_3_EXTRA	0x35	135.7	-963.3	-256.2	0.49	-2.87	-1.12	-0.02994	0.15771	-0.77588	0.60986
3242	IMU4	POSITION_4_EXTRA	0x36	151.3	-988.2	116.1	0.49	-1.47	-0.70	0.18237	-0.05579	-0.66113	0.72510
3250	IMU0	POSITION_0_EXTRA	0x32	-937.4	156.6	267.4	-2.17	0.00	0.77	0.77783	-0.04196	0.60156	0.17957
3250	IMU1	PARENT_BOTTOM_FIXED	0x33	-62.5	-915.5	415.8	-1.68	-2.45	0.21	0.19543	-0.09515	0.53613	-0.81592
3250	IMU2	CHILD_TOP_MOVING	0x34	36.6	-980.9	-234.2	0.07	0.49	-0.98	-0.07709	0.13428	-0.77441	0.61279
3250	IMU3	POSITION_3_EXTRA	0x35	133.7	-962.3	-258.2	0.91	-3.22	-1.40	-0.03009	0.15796	-0.77588	0.60986
3250	IMU4	POSITION_4_EXTRA	0x36	151.8	-988.7	113.7	0.70	-1.82	-0.77	0.18225	-0.05573	-0.66113	0.72510
3259	IMU0	POSITION_0_EXTRA	0x32	-937.4	157.1	266.9	-2.66	0.21	0.77	0.77783	-0.04205	0.60156	0.17981
3259	IMU1	PARENT_BOTTOM_FIXED	0x33	-63.4	-915.0	419.7	-1.96	-3.08	0.49	0.19556	-0.09521	0.53613	-0.81592
3259	IMU2	CHILD_TOP_MOVING	0x34	35.6	-981.9	-232.8	0.07	0.84	-0.98	-0.07703	0.13428	-0.77441	0.61279
3259	IMU3	POSITION_3_EXTRA	0x35	133.7	-961.8	-259.1	0.77	-3.01	-1.19	-0.03024	0.15808	-0.77588	0.60986
3259	IMU4	POSITION_4_EXTRA	0x36	152.3	-989.7	112.2	0.77	-2.38	-0.63	0.18213	-0.05563	-0.66113	0.72510
3267	IMU0	POSITION_0_EXTRA	0x32	-937.0	160.1	269.4	-3.15	0.49	0.84	0.77783	-0.04214	0.60156	0.17993
3267	IMU1	PARENT_BOTTOM_FIXED	0x33	-65.4	-916.5	419.7	-2.03	-3.78	0.77	0.19568	-0.09534	0.53613	-0.81592
3267	IMU2	CHILD_TOP_MOVING	0x34	33.7	-981.9	-234.7	-0.35	0.56	-1.12	-0.07703	0.13428	-0.77441	0.61279
3267	IMU3	POSITION_3_EXTRA	0x35	133.2	-962.8	-261.1	0.07	-2.24	-0.98	-0.03035	0.15820	-0.77588	0.60986
3267	IMU4	POSITION_4_EXTRA	0x36	151.8	-990.6	113.7	0.98	-3.15	-0.56	0.18201	-0.05551	-0.66113	0.72510
3275	IMU0	POSITION_0_EXTRA	0x32	-936.5	162.0	271.3	-3.36	0.70	0.84	0.77783	-0.04224	0.60156	0.18018
3275	IMU1	PARENT_BOTTOM_FIXED	0x33	-66.9	-917.4	419.7	-2.03	-4.55	1.05	0.19592	-0.09546	0.53613	-0.81592
3275	IMU2	CHILD_TOP_MOVING	0x34	30.3	-982.3	-238.1	-0.63	-0.98	-1.33	-0.07709	0.13428	-0.77441	0.61279
3275	IMU3	POSITION_3_EXTRA	0x35	132.2	-964.3	-257.2	-0.49	-1.61	-0.77	-0.03044	0.15820	-0.77588	0.60986
3275	IMU4	POSITION_4_EXTRA	0x36	149.3	-990.6	114.7	0.98	-3.64	-0.42	0.18176	-0.05536	-0.66113	0.72510
3284	IMU0	POSITION_0_EXTRA	0x32	-938.4	162.0	269.9	-3.78	0.63	1.05	0.77783	-0.04233	0.60156	0.18054
3284	IMU1	PARENT_BOTTOM_FIXED	0x33	-69.8	-917.9	422.1	-2.10	-5.39	1.40	0.19617	-0.09564	0.53613	-0.81543
3284	IMU2	CHILD_TOP_MOVING	0x34	25.4	-981.9	-241.1	-0.56	-2.38	-1.47	-0.07727	0.13440	-0.77441	0.61279
3284	IMU3	POSITION_3_EXTRA	0x35	130.8	-966.2	-252.8	-0.91	-1.54	-0.70	-0.03053	0.15833	-0.77588	0.60986
3284	IMU4	POSITION_4_EXTRA	0x36	147.4	-991.1	114.2	1.12	-4.27	-0.28	0.18152	-0.05521	-0.66113	0.72559
3292	IMU0	POSITION_0_EXTRA	0x32	-939.9	162.0	266.0	-4.34	0.56	1.26	0.77783	-0.04248	0.60156	0.18079
3292	IMU1	PARENT_BOTTOM_FIXED	0x33	-71.7	-917.9	422.6	-2.03	-6.23	1.68	0.19653	-0.09583	0.53613	-0.81543
3292	IMU2	CHILD_TOP_MOVING	0x34	21.5	-983.3	-242.0	-0.28	-3.85	-1.47	-0.07751	0.13452	-0.77441	0.61279
3292	IMU3	POSITION_3_EXTRA	0x35	126.9	-967.7	-250.8	-0.98	-2.10	-0.63	-0.03067	0.15833	-0.77588	0.60986
3292	IMU4	POSITION_4_EXTRA	0x36	146.4	-992.6	114.2	1.33	-5.11	0.00	0.18127	-0.05502	-0.66113	0.72559
3300	IMU0	POSITION_0_EXTRA	0x32	-940.9	162.5	262.5	-5.53	1.33	1.26	0.77734	-0.04269	0.60156	0.18115
3300	IMU1	PARENT_BOTTOM_FIXED	0x33	-74.2	-917.4	423.6	-1.82	-7.35	2.03	0.19690	-0.09601	0.53613	-0.81543
3300	IMU2	CHILD_TOP_MOVING	0x34	20.0	-985.3	-241.6	-0.14	-4.97	-1.54	-0.07788	0.13477	-0.77441	0.61279
3300	IMU3	POSITION_3_EXTRA	0x35	124.0	-970.1	-251.8	-0.77	-3.22	-0.77	-0.03090	0.15845	-0.77637	0.60986
3300	IMU4	POSITION_4_EXTRA	0x36	144.0	-995.5	111.3	1.19	-5.95	0.35	0.18091	-0.05484	-0.66113	0.72559
3309	IMU0	POSITION_0_EXTRA	0x32	-939.4	163.0	259.6	-6.58	1.89	1.12	0.77734	-0.04297	0.60156	0.18152
3309	IMU1	PARENT_BOTTOM_FIXED	0x33	-74.7	-917.9	425.0	-1.82	-8.61	2.45	0.19739	-0.09625	0.53613	-0.81543
3309	IMU2	CHILD_TOP_MOVING	0x34	17.6	-988.7	-239.6	0.00	-6.09	-1.61	-0.07831	0.13501	-0.77441	0.61279
3309	IMU3	POSITION_3_EXTRA	0x35	122.0	-973.1	-251.8	-0.28	-4.76	-0.98	-0.03120	0.15857	-0.77588	0.60986
3309	IMU4	POSITION_4_EXTRA	0x36	141.0	-998.4	111.8	1.12	-6.79	0.70	0.18042	-0.05463	-0.66162	0.72559
3317	IMU0	POSITION_0_EXTRA	0x32	-942.3	162.0	251.3	-7.70	1.61	1.19	0.77734	-0.04333	0.60156	0.18201
3317	IMU1	PARENT_BOTTOM_FIXED	0x33	-75.6	-918.4	425.5	-1.82	-9.80	2.94	0.19861	-0.09692	0.53613	-0.81494
3317	IMU2	CHILD_TOP_MOVING	0x34	16.1	-990.6	-237.2	0.21	-7.21	-1.68	-0.07880	0.13525	-0.77441	0.61279
3317	IMU3	POSITION_3_EXTRA	0x35	120.0	-977.0	-250.8	0.35	-6.30	-1.19	-0.03162	0.15881	-0.77588	0.60986
3317	IMU4	POSITION_4_EXTRA	0x36	138.1	-999.9	114.7	1.47	-7.98	0.91	0.17993	-0.05435	-0.66162	0.72559
3325	IMU0	POSITION_0_EXTRA	0x32	-939.9	166.9	264.5	-8.68	0.07	1.75	0.77686	-0.04367	0.60156	0.18250
3325	IMU1	PARENT_BOTTOM_FIXED	0x33	-75.6	-918.9	425.5	-1.82	-10.99	3.36	0.19934	-0.09735	0.53564	-0.81494
3325	IMU2	CHILD_TOP_MOVING	0x34	12.7	-990.2	-235.2	0.63	-8.54	-1.82	-0.07935	0.13562	-0.77441	0.61279
3325	IMU3	POSITION_3_EXTRA	0x35	116.6	-977.0	-250.8	0.98	-7.98	-1.54	-0.03214	0.15918	-0.77588	0.60986
3325	IMU4	POSITION_4_EXTRA	0x36	134.7	-998.0	116.6	1.89	-9.31	1.19	0.17932	-0.05405	-0.66162	0.72559
3334	IMU0	POSITION_0_EXTRA	0x32	-931.1	173.2	283.5	-9.73	2.17	1.61	0.77686	-0.04404	0.60156	0.18311
3334	IMU1	PARENT_BOTTOM_FIXED	0x33	-76.6	-917.4	428.0	-1.68	-12.18	3.78	0.20007	-0.09778	0.53564	-0.81494
3334	IMU2	CHILD_TOP_MOVING	0x34	9.8	-989.2	-234.2	0.70	-9.80	-2.10	-0.08002	0.13599	-0.77393	0.61279
3334	IMU3	POSITION_3_EXTRA	0x35	112.2	-976.0	-251.8	1.68	-9.38	-1.89	-0.03271	0.15955	-0.77588	0.60986
3334	IMU4	POSITION_4_EXTRA	0x36	131.3	-999.9	115.2	2.45	-10.57	1.47	0.17859	-0.05371	-0.66162	0.72607
3342	IMU0	POSITION_0_EXTRA	0x32	-937.9	173.2	278.6	-9.52	4.48	1.19	0.77686	-0.04446	0.60156	0.18372
3342	IMU1	PARENT_BOTTOM_FIXED	0x33	-78.1	-915.0	429.0	-1.54	-13.51	4.27	0.20093	-0.09827	0.53564	-0.81445
3342	IMU2	CHILD_TOP_MOVING	0x34	6.3	-989.7	-235.2	0.70	-11.48	-2.38	-0.08075	0.13647	-0.77393	0.61279
3342	IMU3	POSITION_3_EXTRA	0x35	110.3	-976.5	-250.8	2.10	-10.50	-2.24	-0.03339	0.15991	-0.77588	0.60986
3342	IMU4	POSITION_4_EXTRA	0x36	126.4	-1000.4	111.3	2.87	-11.97	1.75	0.17773	-0.05331	-0.66162	0.72607
3350	IMU0	POSITION_0_EXTRA	0x32	-944.3	169.3	261.1	-11.06	3.29	2.24	0.77637	-0.04495	0.60205	0.18433
3350	IMU1	PARENT_BOTTOM_FIXED	0x33	-78.1	-912.6	428.5	-1.54	-14.77	4.90	0.20190	-0.09882	0.53564	-0.81445
3350	IMU2	CHILD_TOP_MOVING	0x34	4.9	-990.6	-235.7	0.77	-13.09	-2.73	-0.08154	0.13708	-0.77393	0.61230
3350	IMU3	POSITION_3_EXTRA	0x35	108.3	-978.4	-248.4	2.31	-11.76	-2.52	-0.03412	0.16052	-0.77539	0.60986
3350	IMU4	POSITION_4_EXTRA	0x36	125.4	-1001.9	111.3	3.22	-13.51	2.10	0.17688	-0.05286	-0.66162	0.72656
3359	IMU0	POSITION_0_EXTRA	0x32	-940.4	170.3	265.0	-12.25	1.47	3.22	0.77637	-0.04541	0.60205	0.18506
3359	IMU1	PARENT_BOTTOM_FIXED	0x33	-79.1	-910.6	427.5	-1.61	-16.10	5.46	0.20288	-0.09943	0.53516	-0.81396
3359	IMU2	CHILD_TOP_MOVING	0x34	3.9	-992.6	-235.7	1.47	-14.70	-2.94	-0.08246	0.13770	-0.77393	0.61230
3359	IMU3	POSITION_3_EXTRA	0x35	106.9	-979.4	-246.9	2.59	-13.23	-2.87	-0.03491	0.16101	-0.77539	0.60986
3359	IMU4	POSITION_4_EXTRA	0x36	127.4	-998.9	112.7	3.36	-15.12	2.45	0.17590	-0.05231	-0.66162	0.72656
3367	IMU0	POSITION_0_EXTRA	0x32	-933.5	171.3	263.0	-12.95	2.66	3.22	0.77588	-0.04593	0.60205	0.18591
3367	IMU1	PARENT_BOTTOM_FIXED	0x33	-78.6	-908.2	425.5	-1.75	-17.36	6.16	0.20398	-0.10010	0.53516	-0.81396
3367	IMU2	CHILD_TOP_MOVING	0x34	4.9	-990.6	-233.8	2.66	-16.45	-3.15	-0.08344	0.13843	-0.77344	0.61230
3367	IMU3	POSITION_3_EXTRA	0x35	106.9	-978.0	-246.4	3.22	-15.19	-3.29	-0.03583	0.16174	-0.77490	0.60986
3367	IMU4	POSITION_4_EXTRA	0x36	127.9	-998.0	111.8	3.71	-16.38	2.80	0.17493	-0.05170	-0.66162	0.72705
3375	IMU0	POSITION_0_EXTRA	0x32	-940.4	168.4	251.3	-14.07	2.80	3.36	0.77588	-0.04654	0.60205	0.18677
3375	IMU1	PARENT_BOTTOM_FIXED	0x33	-79.1	-907.2	424.6	-2.03	-18.69	6.86	0.20520	-0.10077	0.53467	-0.81348
3375	IMU2	CHILD_TOP_MOVING	0x34	7.8	-986.2	-232.8	3.36	-18.62	-3.36	-0.08453	0.13928	-0.77295	0.61230
3375	IMU3	POSITION_3_EXTRA	0x35	109.3	-975.0	-246.0	3.64	-17.43	-3.71	-0.03683	0.16260	-0.77490	0.60986
3375	IMU4	POSITION_4_EXTRA	0x36	128.3	-998.4	109.3	3.85	-17.85	3.08	0.17371	-0.05103	-0.66162	0.72705
3384	IMU0	POSITION_0_EXTRA	0x32	-936.5	168.4	245.0	-15.61	1.40	3.92	0.77539	-0.04718	0.60205	0.18774
3384	IMU1	PARENT_BOTTOM_FIXED	0x33	-80.5	-906.2	424.6	-2.31	-19.88	7.49	0.20654	-0.10150	0.53467	-0.81348
3384	IMU2	CHILD_TOP_MOVING	0x34	9.3	-986.7	-234.2	3.29	-20.44	-3.64	-0.08575	0.14026	-0.77295	0.61230
3384	IMU3	POSITION_3_EXTRA	0x35	110.8	-974.5	-247.4	4.20	-19.25	-4.06	-0.03790	0.16357	-0.77441	0.60986
3384	IMU4	POSITION_4_EXTRA	0x36	128.8	-999.4	108.8	3.99	-19.53	3.36	0.17249	-0.05026	-0.66162	0.72754
3392	IMU0	POSITION_0_EXTRA	0x32	-936.0	169.8	244.0	-17.08	2.31	3.57	0.77490	-0.04794	0.60205	0.18872
3392	IMU1	PARENT_BOTTOM_FIXED	0x33	-82.5	-905.2	425.0	-2.80	-21.14	8.12	0.20789	-0.10229	0.53467	-0.81299
3392	IMU2	CHILD_TOP_MOVING	0x34	8.3	-988.2	-233.8	3.01	-22.05	-3.92	-0.08698	0.14136	-0.77246	0.61230
3392	IMU3	POSITION_3_EXTRA	0x35	111.3	-975.0	-248.9	4.55	-20.44	-4.41	-0.03903	0.16455	-0.77441	0.60986
3392	IMU4	POSITION_4_EXTRA	0x36	128.3	-1000.9	108.8	4.34	-21.21	3.57	0.17114	-0.04944	-0.66211	0.72754
3400	IMU0	POSITION_0_EXTRA	0x32	-939.9	170.8	248.4	-18.41	3.22	3.50	0.77490	-0.04877	0.60205	0.18970
3400	IMU1	PARENT_BOTTOM_FIXED	0x33	-82.5	-905.7	425.5	-3.22	-22.47	8.75	0.20935	-0.10315	0.53418	-0.81250
3400	IMU2	CHILD_TOP_MOVING	0x34	5.4	-989.2	-233.3	3.15	-22.89	-4.06	-0.08832	0.14246	-0.77197	0.61230
3400	IMU3	POSITION_3_EXTRA	0x35	110.3	-977.0	-247.4	5.04	-21.07	-4.76	-0.04019	0.16565	-0.77393	0.61035
3400	IMU4	POSITION_4_EXTRA	0x36	126.4	-999.9	108.8	4.97	-22.96	3.85	0.16980	-0.04852	-0.66211	0.72803
3409	IMU0	POSITION_0_EXTRA	0x32	-936.5	174.2	261.6	-20.09	3.64	3.78	0.77441	-0.04965	0.60205	0.19092
3409	IMU1	PARENT_BOTTOM_FIXED	0x33	-83.0	-906.7	424.1	-3.71	-23.87	9.38	0.21094	-0.10406	0.53418	-0.81201
3409	IMU2	CHILD_TOP_MOVING	0x34	2.4	-989.7	-232.3	3.64	-23.59	-4.06	-0.08966	0.14355	-0.77197	0.61230
3409	IMU3	POSITION_3_EXTRA	0x35	107.4	-977.5	-246.9	5.67	-21.70	-4.97	-0.04141	0.16663	-0.77344	0.61035
3409	IMU4	POSITION_4_EXTRA	0x36	126.4	-997.5	110.3	5.67	-24.64	4.27	0.16821	-0.04752	-0.66211	0.72852
3417	IMU0	POSITION_0_EXTRA	0x32	-935.0	174.7	268.4	-21.14	4.48	4.20	0.77393	-0.05060	0.60205	0.19214
3417	IMU1	PARENT_BOTTOM_FIXED	0x33	-83.0	-907.7	422.1	-4.06	-25.13	10.01	0.21252	-0.10504	0.53418	-0.81152
3417	IMU2	CHILD_TOP_MOVING	0x34	1.0	-988.2	-232.3	4.06	-24.43	-4.27	-0.09113	0.14465	-0.77148	0.61230
3417	IMU3	POSITION_3_EXTRA	0x35	105.9	-976.0	-246.9	6.16	-22.61	-5.11	-0.04266	0.16785	-0.77295	0.61035
3417	IMU4	POSITION_4_EXTRA	0x36	126.4	-997.0	113.7	6.37	-26.11	4.55	0.16663	-0.04645	-0.66211	0.72900
3425	IMU0	POSITION_0_EXTRA	0x32	-942.8	154.7	268.9	-20.72	5.67	5.81	0.77344	-0.05157	0.60205	0.19336
3425	IMU1	PARENT_BOTTOM_FIXED	0x33	-82.0	-908.2	419.2	-4.41	-26.53	10.57	0.21423	-0.10608	0.53418	-0.81104
3425	IMU2	CHILD_TOP_MOVING	0x34	0.5	-987.2	-232.8	4.34	-25.62	-4.34	-0.09259	0.14587	-0.77100	0.61230
3425	IMU3	POSITION_3_EXTRA	0x35	103.5	-974.5	-248.4	6.23	-23.87	-5.18	-0.04401	0.16895	-0.77246	0.61035
3425	IMU4	POSITION_4_EXTRA	0x36	124.9	-997.0	114.7	7.14	-27.44	4.90	0.16504	-0.04532	-0.66211	0.72949
3434	IMU0	POSITION_0_EXTRA	0x32	-925.2	167.4	266.9	-10.57	9.73	9.59	0.77295	-0.05179	0.60254	0.19446
3434	IMU1	PARENT_BOTTOM_FIXED	0x33	-80.5	-908.7	419.2	-4.55	-27.72	11.13	0.21606	-0.10718	0.53369	-0.81055
3434	IMU2	CHILD_TOP_MOVING	0x34	1.5	-987.7	-233.3	5.39	-26.39	-4.62	-0.09406	0.14709	-0.77051	0.61279
3434	IMU3	POSITION_3_EXTRA	0x35	101.5	-975.5	-249.4	6.37	-25.55	-5.46	-0.04544	0.17029	-0.77246	0.61035
3434	IMU4	POSITION_4_EXTRA	0x36	123.0	-995.5	116.1	7.91	-28.98	5.18	0.16321	-0.04410	-0.66211	0.72998
3442	IMU0	POSITION_0_EXTRA	0x32	-947.7	190.8	243.0	-21.77	5.67	4.55	0.77246	-0.05273	0.60254	0.19568
3442	IMU1	PARENT_BOTTOM_FIXED	0x33	-79.5	-910.6	418.2	-4.76	-28.56	11.62	0.21790	-0.10834	0.53369	-0.81006
3442	IMU2	CHILD_TOP_MOVING	0x34	3.4	-985.8	-229.8	6.58	-26.25	-4.69	-0.09558	0.14844	-0.77002	0.61279
3442	IMU3	POSITION_3_EXTRA	0x35	101.5	-974.0	-248.4	7.77	-26.95	-6.09	-0.04694	0.17163	-0.77197	0.61084
3442	IMU4	POSITION_4_EXTRA	0x36	122.5	-993.6	118.6	7.70	-30.80	5.53	0.16138	-0.04282	-0.66162	0.73047
3450	IMU0	POSITION_0_EXTRA	0x32	-937.9	177.1	260.1	-27.65	3.22	7.21	0.77197	-0.05389	0.60254	0.19739
3450	IMU1	PARENT_BOTTOM_FIXED	0x33	-79.5	-912.6	416.3	-4.62	-29.75	11.97	0.21973	-0.10956	0.53369	-0.80957
3450	IMU2	CHILD_TOP_MOVING	0x34	2.0	-982.3	-225.0	8.19	-27.23	-4.90	-0.09717	0.14966	-0.76953	0.61279
3450	IMU3	POSITION_3_EXTRA	0x35	101.5	-970.6	-243.0	8.54	-29.47	-6.65	-0.04855	0.17310	-0.77100	0.61084
3450	IMU4	POSITION_4_EXTRA	0x36	123.0	-991.6	121.5	7.21	-31.78	5.88	0.15942	-0.04150	-0.66162	0.73096
3459	IMU0	POSITION_0_EXTRA	0x32	-936.0	166.9	279.1	-26.39	7.21	7.07	0.77148	-0.05508	0.60254	0.19897
3459	IMU1	PARENT_BOTTOM_FIXED	0x33	-82.5	-916.0	416.3	-4.34	-31.22	12.46	0.22168	-0.11078	0.53320	-0.80908
3459	IMU2	CHILD_TOP_MOVING	0x34	2.0	-984.8	-223.0	8.96	-29.61	-5.25	-0.09882	0.15112	-0.76855	0.61328
3459	IMU3	POSITION_3_EXTRA	0x35	104.9	-969.2	-246.0	9.10	-32.34	-7.14	-0.05029	0.17480	-0.77051	0.61084
3459	IMU4	POSITION_4_EXTRA	0x36	122.5	-993.6	120.5	7.42	-33.39	6.09	0.15747	-0.04010	-0.66162	0.73145
3467	IMU0	POSITION_0_EXTRA	0x32	-944.3	175.2	270.8	-24.29	8.68	7.28	0.77100	-0.05615	0.60254	0.20056
3467	IMU1	PARENT_BOTTOM_FIXED	0x33	-85.9	-919.9	417.2	-3.92	-32.76	12.95	0.22375	-0.11212	0.53320	-0.80859
3467	IMU2	CHILD_TOP_MOVING	0x34	2.9	-987.7	-229.8	9.59	-30.52	-5.25	-0.10059	0.15259	-0.76807	0.61328
3467	IMU3	POSITION_3_EXTRA	0x35	103.9	-969.2	-252.8	9.24	-33.18	-7.35	-0.05209	0.17651	-0.77002	0.61133
3467	IMU4	POSITION_4_EXTRA	0x36	124.9	-996.0	118.1	7.98	-35.00	6.23	0.15540	-0.03860	-0.66162	0.73193
3475	IMU0	POSITION_0_EXTRA	0x32	-951.1	183.5	259.6	-27.30	7.49	7.56	0.77051	-0.05731	0.60303	0.20215
3475	IMU1	PARENT_BOTTOM_FIXED	0x33	-87.4	-924.8	418.2	-3.78	-34.30	13.37	0.22595	-0.11346	0.53320	-0.80762
3475	IMU2	CHILD_TOP_MOVING	0x34	5.9	-988.7	-231.8	10.08	-31.22	-5.39	-0.10236	0.15405	-0.76758	0.61377
3475	IMU3	POSITION_3_EXTRA	0x35	102.0	-975.5	-252.8	9.52	-34.37	-7.70	-0.05392	0.17834	-0.76953	0.61133
3475	IMU4	POSITION_4_EXTRA	0x36	123.5	-998.4	115.7	7.63	-35.56	6.37	0.15320	-0.03708	-0.66162	0.73242
3484	IMU0	POSITION_0_EXTRA	0x32	-948.2	176.7	259.1	-30.45	6.72	8.47	0.76953	-0.05862	0.60303	0.20410
3484	IMU1	PARENT_BOTTOM_FIXED	0x33	-91.3	-928.7	418.7	-3.71	-35.98	13.93	0.22827	-0.11493	0.53271	-0.80713
3484	IMU2	CHILD_TOP_MOVING	0x34	3.9	-989.7	-229.8	10.29	-30.94	-5.60	-0.10406	0.15552	-0.76660	0.61377
3484	IMU3	POSITION_3_EXTRA	0x35	103.9	-975.5	-258.2	11.76	-35.49	-8.61	-0.05582	0.18030	-0.76855	0.61133
3484	IMU4	POSITION_4_EXTRA	0x36	120.0	-999.4	112.7	7.98	-36.82	6.44	0.15100	-0.03552	-0.66162	0.73340
3492	IMU0	POSITION_0_EXTRA	0x32	-945.7	174.7	258.6	-31.50	7.14	8.68	0.76904	-0.06003	0.60303	0.20593
3492	IMU1	PARENT_BOTTOM_FIXED	0x33	-95.2	-931.1	418.7	-3.64	-38.01	14.56	0.23071	-0.11639	0.53223	-0.80615
3492	IMU2	CHILD_TOP_MOVING	0x34	1.0	-989.7	-227.4	10.29	-31.85	-5.88	-0.10583	0.15710	-0.76611	0.61426
3492	IMU3	POSITION_3_EXTRA	0x35	100.5	-975.0	-254.7	13.37	-36.19	-9.31	-0.05774	0.18225	-0.76807	0.61182
3492	IMU4	POSITION_4_EXTRA	0x36	117.6	-998.0	112.7	8.54	-38.57	6.51	0.14868	-0.03387	-0.66162	0.73389
3500	IMU0	POSITION_0_EXTRA	0x32	-944.8	175.7	256.7	-32.48	7.70	9.31	0.76855	-0.06146	0.60303	0.20789
3500	IMU1	PARENT_BOTTOM_FIXED	0x33	-96.6	-929.6	416.3	-3.92	-39.76	15.12	0.23315	-0.11798	0.53223	-0.80566
3500	IMU2	CHILD_TOP_MOVING	0x34	-2.0	-989.2	-226.9	10.08	-32.97	-6.16	-0.10767	0.15869	-0.76514	0.61426
3500	IMU3	POSITION_3_EXTRA	0x35	97.1	-974.0	-255.2	13.23	-37.45	-9.59	-0.05972	0.18420	-0.76709	0.61182
3500	IMU4	POSITION_4_EXTRA	0x36	116.6	-997.5	113.7	8.96	-39.76	6.72	0.14624	-0.03217	-0.66162	0.73438
3509	IMU0	POSITION_0_EXTRA	0x32	-942.8	173.7	260.1	-32.41	8.54	10.29	0.76758	-0.06287	0.60303	0.20996
3509	IMU1	PARENT_BOTTOM_FIXED	0x33	-98.6	-930.1	416.8	-3.78	-40.95	15.75	0.23572	-0.11963	0.53174	-0.80469
3509	IMU2	CHILD_TOP_MOVING	0x34	-3.4	-986.2	-231.3	9.31	-35.07	-6.44	-0.10962	0.16040	-0.76465	0.61426
3509	IMU3	POSITION_3_EXTRA	0x35	95.2	-972.6	-253.8	12.67	-37.45	-9.80	-0.06171	0.18628	-0.76611	0.61230
3509	IMU4	POSITION_4_EXTRA	0x36	115.2	-996.0	113.2	8.96	-41.02	7.00	0.14380	-0.03040	-0.66162	0.73486
3517	IMU0	POSITION_0_EXTRA	0x32	-937.4	180.6	256.7	-33.53	9.10	10.85	0.76709	-0.06427	0.60303	0.21204
3517	IMU1	PARENT_BOTTOM_FIXED	0x33	-100.0	-928.2	417.7	-3.85	-41.93	16.38	0.23840	-0.12128	0.53174	-0.80420
3517	IMU2	CHILD_TOP_MOVING	0x34	-7.8	-984.3	-232.8	8.82	-36.89	-6.86	-0.11163	0.16223	-0.76367	0.61426
3517	IMU3	POSITION_3_EXTRA	0x35	95.2	-974.0	-240.1	12.60	-38.15	-10.01	-0.06372	0.18823	-0.76563	0.61230
3517	IMU4	POSITION_4_EXTRA	0x36	112.2	-994.5	112.7	9.10	-42.49	7.35	0.14124	-0.02858	-0.66162	0.73535
3525	IMU0	POSITION_0_EXTRA	0x32	-937.4	183.0	253.8	-36.05	8.19	10.71	0.76611	-0.06580	0.60303	0.21436
3525	IMU1	PARENT_BOTTOM_FIXED	0x33	-99.6	-924.3	413.3	-3.29	-44.03	17.08	0.24121	-0.12299	0.53125	-0.80322
3525	IMU2	CHILD_TOP_MOVING	0x34	-12.2	-983.8	-233.8	8.19	-38.99	-7.21	-0.11377	0.16406	-0.76318	0.61426
3525	IMU3	POSITION_3_EXTRA	0x35	95.2	-975.0	-232.3	12.95	-40.25	-10.43	-0.06586	0.19043	-0.76465	0.61279
3525	IMU4	POSITION_4_EXTRA	0x36	110.3	-995.0	113.7	9.45	-44.59	7.70	0.13855	-0.02667	-0.66162	0.73584
3534	IMU0	POSITION_0_EXTRA	0x32	-937.0	183.5	251.8	-39.41	7.28	10.85	0.76563	-0.06750	0.60303	0.21667
3534	IMU1	PARENT_BOTTOM_FIXED	0x33	-97.6	-921.8	414.8	-3.08	-45.57	17.78	0.24414	-0.12476	0.53076	-0.80225
3534	IMU2	CHILD_TOP_MOVING	0x34	-16.6	-983.3	-236.7	8.05	-41.65	-7.63	-0.11609	0.16614	-0.76221	0.61426
3534	IMU3	POSITION_3_EXTRA	0x35	92.2	-974.5	-228.9	13.09	-42.42	-10.71	-0.06812	0.19275	-0.76367	0.61279
3534	IMU4	POSITION_4_EXTRA	0x36	109.8	-993.6	115.2	10.08	-46.76	8.12	0.13574	-0.02466	-0.66162	0.73682
3542	IMU0	POSITION_0_EXTRA	0x32	-937.0	181.5	248.9	-41.79	7.35	10.78	0.76465	-0.06934	0.60303	0.21912
3542	IMU1	PARENT_BOTTOM_FIXED	0x33	-94.7	-918.9	410.9	-2.52	-46.90	18.55	0.24707	-0.12671	0.53027	-0.80127
3542	IMU2	CHILD_TOP_MOVING	0x34	-19.5	-983.3	-234.7	7.77	-45.15	-7.91	-0.11853	0.16833	-0.76172	0.61426
3542	IMU3	POSITION_3_EXTRA	0x35	92.2	-975.0	-226.9	12.39	-45.29	-10.85	-0.07050	0.19507	-0.76270	0.61279
3542	IMU4	POSITION_4_EXTRA	0x36	110.8	-993.6	114.7	10.85	-48.93	8.54	0.13293	-0.02252	-0.66162	0.73730
3550	IMU0	POSITION_0_EXTRA	0x32	-937.9	179.6	245.0	-44.03	7.63	10.78	0.76367	-0.07129	0.60303	0.22168
3550	IMU1	PARENT_BOTTOM_FIXED	0x33	-91.3	-915.5	407.5	-2.45	-48.44	19.39	0.25024	-0.12854	0.52979	-0.80078
3550	IMU2	CHILD_TOP_MOVING	0x34	-19.5	-981.4	-234.2	7.63	-48.44	-8.05	-0.12115	0.17078	-0.76074	0.61377
3550	IMU3	POSITION_3_EXTRA	0x35	92.7	-974.5	-228.9	11.76	-48.44	-11.06	-0.07300	0.19763	-0.76172	0.61279
3550	IMU4	POSITION_4_EXTRA	0x36	112.7	-993.1	116.1	11.48	-50.26	9.03	0.12988	-0.02034	-0.66162	0.73828
3559	IMU0	POSITION_0_EXTRA	0x32	-937.9	177.6	245.5	-46.48	7.63	11.06	0.76318	-0.07343	0.60254	0.22437
3559	IMU1	PARENT_BOTTOM_FIXED	0x33	-87.8	-913.5	406.5	-2.73	-50.12	20.09	0.25317	-0.13049	0.52930	-0.79980
3559	IMU2	CHILD_TOP_MOVING	0x34	-14.6	-981.9	-233.3	7.70	-52.50	-8.33	-0.12396	0.17334	-0.75977	0.61377
3559	IMU3	POSITION_3_EXTRA	0x35	93.2	-975.5	-229.4	12.18	-51.73	-11.34	-0.07568	0.20032	-0.76074	0.61328
3559	IMU4	POSITION_4_EXTRA	0x36	112.2	-992.6	115.7	12.18	-51.52	9.31	0.12683	-0.01808	-0.66162	0.73877
3567	IMU0	POSITION_0_EXTRA	0x32	-936.5	174.7	247.9	-48.65	8.26	11.41	0.76221	-0.07568	0.60254	0.22717
3567	IMU1	PARENT_BOTTOM_FIXED	0x33	-86.9	-913.0	404.1	-3.08	-51.52	20.79	0.25659	-0.13257	0.52881	-0.79834
3567	IMU2	CHILD_TOP_MOVING	0x34	-7.3	-981.4	-232.8	7.42	-55.30	-8.68	-0.12695	0.17603	-0.75928	0.61328
3567	IMU3	POSITION_3_EXTRA	0x35	96.1	-976.0	-233.3	13.93	-55.23	-12.04	-0.07855	0.20325	-0.75977	0.61328
3567	IMU4	POSITION_4_EXTRA	0x36	111.8	-991.1	117.1	12.88	-53.69	9.59	0.12360	-0.01572	-0.66113	0.73975
3575	IMU0	POSITION_0_EXTRA	0x32	-938.9	170.3	249.4	-50.26	8.89	11.55	0.76123	-0.07806	0.60205	0.22998
3575	IMU1	PARENT_BOTTOM_FIXED	0x33	-85.9	-914.5	405.0	-3.08	-52.92	21.42	0.25977	-0.13477	0.52783	-0.79736
3575	IMU2	CHILD_TOP_MOVING	0x34	-2.4	-980.4	-230.8	7.77	-57.33	-8.96	-0.12988	0.17896	-0.75830	0.61328
3575	IMU3	POSITION_3_EXTRA	0x35	96.6	-970.1	-241.6	15.96	-57.40	-12.95	-0.08154	0.20630	-0.75830	0.61328
3575	IMU4	POSITION_4_EXTRA	0x36	113.7	-989.7	118.1	12.88	-55.30	9.73	0.12030	-0.01325	-0.66113	0.74023
3584	IMU0	POSITION_0_EXTRA	0x32	-941.4	167.9	255.2	-51.66	8.47	12.25	0.76025	-0.08044	0.60205	0.23291
3584	IMU1	PARENT_BOTTOM_FIXED	0x33	-86.4	-914.5	405.0	-3.36	-54.53	21.91	0.26318	-0.13696	0.52734	-0.79639
3584	IMU2	CHILD_TOP_MOVING	0x34	0.0	-979.4	-225.5	8.54	-58.59	-9.17	-0.13293	0.18188	-0.75732	0.61279
3584	IMU3	POSITION_3_EXTRA	0x35	99.6	-967.2	-239.1	16.80	-58.66	-13.44	-0.08453	0.20947	-0.75732	0.61328
3584	IMU4	POSITION_4_EXTRA	0x36	110.3	-988.2	116.1	12.11	-57.40	9.87	0.11694	-0.01070	-0.66113	0.74121
3592	IMU0	POSITION_0_EXTRA	0x32	-938.9	164.0	257.7	-53.20	9.52	12.74	0.75928	-0.08295	0.60156	0.23596
3592	IMU1	PARENT_BOTTOM_FIXED	0x33	-83.4	-916.5	404.6	-3.99	-55.86	22.40	0.26660	-0.13928	0.52686	-0.79541
3592	IMU2	CHILD_TOP_MOVING	0x34	1.5	-978.9	-223.0	9.03	-59.29	-9.38	-0.13599	0.18494	-0.75635	0.61279
3592	IMU3	POSITION_3_EXTRA	0x35	99.6	-966.7	-241.6	16.87	-59.36	-13.72	-0.08759	0.21265	-0.75586	0.61328
3592	IMU4	POSITION_4_EXTRA	0x36	110.8	-989.2	113.2	12.46	-59.71	9.94	0.11340	-0.00803	-0.66064	0.74170
3600	IMU0	POSITION_0_EXTRA	0x32	-945.3	162.0	245.5	-54.53	10.99	12.53	0.75830	-0.08557	0.60156	0.23901
3600	IMU1	PARENT_BOTTOM_FIXED	0x33	-83.4	-916.5	405.5	-3.57	-56.98	22.89	0.27002	-0.14160	0.52637	-0.79395
3600	IMU2	CHILD_TOP_MOVING	0x34	-3.9	-980.9	-224.0	9.45	-60.27	-9.59	-0.13904	0.18787	-0.75488	0.61230
3600	IMU3	POSITION_3_EXTRA	0x35	97.1	-965.8	-241.6	15.54	-60.06	-13.58	-0.09064	0.21594	-0.75488	0.61328
3600	IMU4	POSITION_4_EXTRA	0x36	113.2	-990.6	114.2	11.97	-60.69	10.08	0.10986	-0.00529	-0.66064	0.74219
3609	IMU0	POSITION_0_EXTRA	0x32	-946.7	159.6	241.6	-55.72	10.43	13.16	0.75732	-0.08826	0.60156	0.24207
3609	IMU1	PARENT_BOTTOM_FIXED	0x33	-80.5	-917.0	402.6	-3.78	-58.45	23.45	0.27368	-0.14404	0.52588	-0.79297
3609	IMU2	CHILD_TOP_MOVING	0x34	-3.4	-983.8	-225.5	8.54	-61.18	-9.94	-0.14221	0.19104	-0.75391	0.61182
3609	IMU3	POSITION_3_EXTRA	0x35	94.2	-972.6	-245.0	15.54	-60.97	-13.86	-0.09375	0.21924	-0.75342	0.61328
3609	IMU4	POSITION_4_EXTRA	0x36	111.3	-991.6	115.7	12.32	-61.53	10.22	0.10626	-0.00252	-0.66064	0.74316
3617	IMU0	POSITION_0_EXTRA	0x32	-940.9	161.5	247.9	-57.19	11.34	13.65	0.75586	-0.09100	0.60107	0.24524
3617	IMU1	PARENT_BOTTOM_FIXED	0x33	-79.5	-917.9	401.1	-3.92	-59.99	24.01	0.27734	-0.14648	0.52490	-0.79150
3617	IMU2	CHILD_TOP_MOVING	0x34	-4.9	-981.9	-226.9	7.84	-59.92	-10.08	-0.14526	0.19409	-0.75293	0.61182
3617	IMU3	POSITION_3_EXTRA	0x35	92.7	-970.1	-246.0	16.17	-61.11	-14.07	-0.09686	0.22241	-0.75195	0.61328
3617	IMU4	POSITION_4_EXTRA	0x36	110.8	-993.6	112.7	13.16	-62.51	10.29	0.10260	0.00030	-0.66064	0.74365
3625	IMU0	POSITION_0_EXTRA	0x32	-942.8	155.7	249.9	-57.05	12.39	13.86	0.75488	-0.09375	0.60107	0.24841
3625	IMU1	PARENT_BOTTOM_FIXED	0x33	-77.6	-917.9	399.2	-4.13	-60.97	24.57	0.28101	-0.14905	0.52441	-0.79004
3625	IMU2	CHILD_TOP_MOVING	0x34	-3.4	-984.3	-222.0	7.84	-59.29	-10.29	-0.14832	0.19714	-0.75195	0.61133
3625	IMU3	POSITION_3_EXTRA	0x35	94.2	-970.6	-240.6	16.10	-61.46	-14.28	-0.09998	0.22571	-0.75098	0.61279
3625	IMU4	POSITION_4_EXTRA	0x36	112.7	-993.6	114.2	13.79	-63.70	10.43	0.09888	0.00320	-0.66016	0.74414
3634	IMU0	POSITION_0_EXTRA	0x32	-938.4	158.1	248.9	-55.16	13.65	15.82	0.75342	-0.09631	0.60107	0.25171
3634	IMU1	PARENT_BOTTOM_FIXED	0x33	-75.6	-919.9	398.7	-4.48	-61.88	25.06	0.28491	-0.15161	0.52344	-0.78906
3634	IMU2	CHILD_TOP_MOVING	0x34	-2.4	-985.8	-218.6	7.70	-58.17	-10.36	-0.15125	0.20007	-0.75098	0.61084
3634	IMU3	POSITION_3_EXTRA	0x35	97.1	-972.1	-239.1	15.75	-61.46	-14.28	-0.10303	0.22913	-0.74951	0.61279
3634	IMU4	POSITION_4_EXTRA	0x36	111.8	-993.6	114.7	14.98	-65.10	10.50	0.09509	0.00618	-0.66016	0.74512
3642	IMU0	POSITION_0_EXTRA	0x32	-942.3	167.9	243.5	-58.66	13.02	14.42	0.75195	-0.09906	0.60059	0.25488
3642	IMU1	PARENT_BOTTOM_FIXED	0x33	-72.7	-920.9	397.2	-4.41	-62.79	25.69	0.28857	-0.15417	0.52295	-0.78760
3642	IMU2	CHILD_TOP_MOVING	0x34	-3.4	-984.3	-217.2	7.98	-58.03	-10.36	-0.15417	0.20300	-0.75000	0.61035
3642	IMU3	POSITION_3_EXTRA	0x35	95.6	-970.6	-234.2	14.84	-61.53	-14.21	-0.10614	0.23242	-0.74805	0.61279
3642	IMU4	POSITION_4_EXTRA	0x36	110.3	-991.1	111.8	15.26	-66.43	10.78	0.09125	0.00922	-0.65967	0.74561
3650	IMU0	POSITION_0_EXTRA	0x32	-942.8	162.5	242.0	-62.09	12.32	14.49	0.75098	-0.10205	0.60059	0.25830
3650	IMU1	PARENT_BOTTOM_FIXED	0x33	-69.8	-921.8	395.3	-4.69	-63.98	26.11	0.29248	-0.15686	0.52246	-0.78613
3650	IMU2	CHILD_TOP_MOVING	0x34	-7.8	-983.8	-216.7	9.45	-59.22	-10.64	-0.15710	0.20605	-0.74854	0.61035
3650	IMU3	POSITION_3_EXTRA	0x35	96.6	-971.1	-227.4	13.23	-63.42	-14.07	-0.10931	0.23572	-0.74707	0.61230
3650	IMU4	POSITION_4_EXTRA	0x36	107.4	-989.7	114.7	15.26	-67.62	10.99	0.08728	0.01230	-0.65967	0.74658
3659	IMU0	POSITION_0_EXTRA	0x32	-943.3	157.1	241.1	-63.84	11.69	14.63	0.74951	-0.10510	0.60010	0.26172
3659	IMU1	PARENT_BOTTOM_FIXED	0x33	-68.8	-924.3	394.8	-4.83	-65.24	26.60	0.29639	-0.15967	0.52148	-0.78467
3659	IMU2	CHILD_TOP_MOVING	0x34	-6.3	-982.3	-218.6	10.50	-62.16	-11.13	-0.16028	0.20923	-0.74707	0.60986
3659	IMU3	POSITION_3_EXTRA	0x35	95.2	-970.6	-230.8	12.74	-64.54	-14.28	-0.11249	0.23926	-0.74561	0.61230
3659	IMU4	POSITION_4_EXTRA	0x36	104.4	-990.2	115.2	15.26	-69.37	11.20	0.08319	0.01545	-0.65918	0.74707
3667	IMU0	POSITION_0_EXTRA	0x32	-942.8	155.7	246.4	-65.52	11.62	14.84	0.74805	-0.10828	0.59961	0.26538
3667	IMU1	PARENT_BOTTOM_FIXED	0x33	-65.9	-926.7	395.3	-4.06	-66.57	27.09	0.30054	-0.16248	0.52100	-0.78271
3667	IMU2	CHILD_TOP_MOVING	0x34	-4.4	-978.9	-225.9	11.48	-64.61	-11.55	-0.16357	0.21252	-0.74609	0.60938
3667	IMU3	POSITION_3_EXTRA	0x35	93.2	-970.6	-231.8	12.95	-66.01	-14.91	-0.11572	0.24268	-0.74414	0.61182
3667	IMU4	POSITION_4_EXTRA	0x36	104.9	-990.2	113.2	15.82	-71.05	11.20	0.07904	0.01871	-0.65869	0.74756
3675	IMU0	POSITION_0_EXTRA	0x32	-940.9	153.2	249.9	-67.34	11.97	15.12	0.74707	-0.11151	0.59912	0.26904
3675	IMU1	PARENT_BOTTOM_FIXED	0x33	-63.9	-925.2	391.9	-3.99	-67.62	27.51	0.30444	-0.16528	0.52002	-0.78125
3675	IMU2	CHILD_TOP_MOVING	0x34	-6.8	-978.4	-228.4	11.97	-67.27	-12.18	-0.16687	0.21594	-0.74463	0.60938
3675	IMU3	POSITION_3_EXTRA	0x35	93.7	-971.1	-230.3	13.44	-68.18	-15.61	-0.11908	0.24634	-0.74316	0.61133
3675	IMU4	POSITION_4_EXTRA	0x36	103.9	-990.2	112.7	16.24	-72.17	11.20	0.07483	0.02202	-0.65869	0.74854
3684	IMU0	POSITION_0_EXTRA	0x32	-939.9	150.3	251.8	-68.88	12.53	15.47	0.74561	-0.11481	0.59863	0.27271
3684	IMU1	PARENT_BOTTOM_FIXED	0x33	-61.5	-927.7	389.4	-4.55	-68.46	27.86	0.30859	-0.16821	0.51904	-0.77979
3684	IMU2	CHILD_TOP_MOVING	0x34	-5.9	-978.9	-227.4	11.69	-69.16	-12.60	-0.17029	0.21948	-0.74316	0.60889
3684	IMU3	POSITION_3_EXTRA	0x35	93.2	-972.6	-232.3	15.54	-70.14	-16.80	-0.12256	0.25024	-0.74121	0.61084
3684	IMU4	POSITION_4_EXTRA	0x36	103.9	-988.7	114.2	16.66	-73.50	11.27	0.07062	0.02541	-0.65820	0.74902
3692	IMU0	POSITION_0_EXTRA	0x32	-938.4	148.4	252.3	-69.79	12.74	15.96	0.74414	-0.11823	0.59814	0.27637
3692	IMU1	PARENT_BOTTOM_FIXED	0x33	-60.0	-929.6	389.9	-3.99	-69.37	28.28	0.31274	-0.17114	0.51807	-0.77783
3692	IMU2	CHILD_TOP_MOVING	0x34	-2.4	-977.5	-225.5	11.90	-70.21	-12.88	-0.17383	0.22302	-0.74170	0.60840
3692	IMU3	POSITION_3_EXTRA	0x35	92.2	-967.7	-232.8	16.87	-72.59	-17.71	-0.12610	0.25415	-0.73975	0.61084
3692	IMU4	POSITION_4_EXTRA	0x36	104.9	-987.2	115.2	16.87	-74.90	11.20	0.06628	0.02888	-0.65771	0.75000
3700	IMU0	POSITION_0_EXTRA	0x32	-939.9	146.9	251.3	-70.84	13.37	16.38	0.74121	-0.12134	0.59668	0.27979
3700	IMU1	PARENT_BOTTOM_FIXED	0x33	-56.6	-928.7	387.5	-3.64	-69.93	28.63	0.31689	-0.17407	0.51709	-0.77637
3700	IMU2	CHILD_TOP_MOVING	0x34	-0.5	-974.5	-224.5	11.97	-70.91	-13.16	-0.17725	0.22668	-0.74023	0.60791
3700	IMU3	POSITION_3_EXTRA	0x35	94.2	-965.3	-238.1	17.43	-74.62	-18.27	-0.12976	0.25806	-0.73828	0.61035
3700	IMU4	POSITION_4_EXTRA	0x36	106.9	-986.2	116.1	16.45	-75.81	11.20	0.06189	0.03241	-0.65723	0.75049
3709	IMU0	POSITION_0_EXTRA	0x32	-939.9	144.4	249.4	-71.68	13.58	16.87	0.73926	-0.12482	0.59570	0.28369
3709	IMU1	PARENT_BOTTOM_FIXED	0x33	-55.1	-928.2	387.5	-3.57	-70.42	29.05	0.32104	-0.17700	0.51611	-0.77441
3709	IMU2	CHILD_TOP_MOVING	0x34	2.9	-975.5	-223.5	10.99	-72.45	-13.65	-0.18079	0.23047	-0.73877	0.60742
3709	IMU3	POSITION_3_EXTRA	0x35	97.1	-963.8	-240.1	17.85	-75.32	-18.83	-0.13330	0.26221	-0.73633	0.60986
3709	IMU4	POSITION_4_EXTRA	0x36	108.8	-986.2	114.2	16.17	-76.65	11.13	0.05753	0.03601	-0.65674	0.75098
3717	IMU0	POSITION_0_EXTRA	0x32	-942.3	143.5	249.9	-72.38	13.79	17.29	0.73779	-0.12830	0.59521	0.28760
3717	IMU1	PARENT_BOTTOM_FIXED	0x33	-51.7	-929.2	387.5	-3.01	-70.98	29.26	0.32520	-0.18005	0.51514	-0.77295
3717	IMU2	CHILD_TOP_MOVING	0x34	7.3	-973.6	-223.5	9.80	-73.99	-14.14	-0.18433	0.23438	-0.73682	0.60645
3717	IMU3	POSITION_3_EXTRA	0x35	99.6	-963.3	-241.6	17.78	-76.09	-19.18	-0.13696	0.26636	-0.73438	0.60938
3717	IMU4	POSITION_4_EXTRA	0x36	110.8	-985.8	113.7	16.24	-77.56	10.99	0.05310	0.03967	-0.65674	0.75146
3725	IMU0	POSITION_0_EXTRA	0x32	-943.8	141.0	248.4	-73.01	14.07	17.64	0.73633	-0.13171	0.59473	0.29150
3725	IMU1	PARENT_BOTTOM_FIXED	0x33	-49.8	-929.6	387.0	-2.87	-71.33	29.54	0.32935	-0.18298	0.51416	-0.77100
3725	IMU2	CHILD_TOP_MOVING	0x34	9.8	-975.5	-224.0	8.33	-75.39	-14.63	-0.18787	0.23840	-0.73535	0.60596
3725	IMU3	POSITION_3_EXTRA	0x35	103.5	-963.3	-244.5	18.27	-76.93	-19.60	-0.14063	0.27075	-0.73291	0.60889
3725	IMU4	POSITION_4_EXTRA	0x36	112.2	-986.7	114.7	16.03	-78.19	10.85	0.04868	0.04337	-0.65625	0.75195
3734	IMU0	POSITION_0_EXTRA	0x32	-946.2	138.6	248.4	-73.99	14.28	18.06	0.73438	-0.13525	0.59424	0.29541
3734	IMU1	PARENT_BOTTOM_FIXED	0x33	-47.3	-931.1	388.0	-2.66	-71.82	29.75	0.33374	-0.18604	0.51318	-0.76904
3734	IMU2	CHILD_TOP_MOVING	0x34	12.7	-977.5	-226.9	7.28	-76.02	-14.98	-0.19128	0.24243	-0.73389	0.60498
3734	IMU3	POSITION_3_EXTRA	0x35	104.4	-964.3	-244.5	18.76	-77.00	-20.16	-0.14417	0.27490	-0.73096	0.60840
3734	IMU4	POSITION_4_EXTRA	0x36	114.2	-987.7	112.2	15.61	-78.68	10.64	0.04422	0.04712	-0.65576	0.75244
3742	IMU0	POSITION_0_EXTRA	0x32	-946.2	135.7	246.0	-74.27	14.63	18.27	0.73291	-0.13892	0.59326	0.29956
3742	IMU1	PARENT_BOTTOM_FIXED	0x33	-44.4	-932.1	388.4	-2.03	-71.96	29.82	0.33789	-0.18896	0.51221	-0.76758
3742	IMU2	CHILD_TOP_MOVING	0x34	16.1	-978.9	-227.4	7.07	-76.44	-15.40	-0.19482	0.24658	-0.73242	0.60400
3742	IMU3	POSITION_3_EXTRA	0x35	107.4	-964.3	-242.0	18.34	-77.42	-20.44	-0.14783	0.27930	-0.72900	0.60791
3742	IMU4	POSITION_4_EXTRA	0x36	114.7	-988.2	111.8	15.61	-79.10	10.36	0.03976	0.05090	-0.65527	0.75293
3750	IMU0	POSITION_0_EXTRA	0x32	-948.7	131.8	247.9	-74.97	14.77	18.69	0.73096	-0.14246	0.59277	0.30347
3750	IMU1	PARENT_BOTTOM_FIXED	0x33	-40.5	-931.1	388.0	-2.03	-71.89	29.89	0.34204	-0.19202	0.51074	-0.76563
3750	IMU2	CHILD_TOP_MOVING	0x34	16.6	-980.4	-225.5	6.93	-76.23	-15.75	-0.19824	0.25073	-0.73096	0.60303
3750	IMU3	POSITION_3_EXTRA	0x35	108.8	-964.8	-242.0	17.29	-77.49	-20.51	-0.15137	0.28369	-0.72705	0.60742
3750	IMU4	POSITION_4_EXTRA	0x36	116.6	-987.7	112.2	15.82	-79.38	10.29	0.03534	0.05472	-0.65479	0.75293
3759	IMU0	POSITION_0_EXTRA	0x32	-946.7	124.0	253.3	-74.20	14.98	19.46	0.72900	-0.14600	0.59229	0.30737
3759	IMU1	PARENT_BOTTOM_FIXED	0x33	-37.1	-932.1	389.9	-2.10	-71.75	29.75	0.34619	-0.19507	0.50977	-0.76367
3759	IMU2	CHILD_TOP_MOVING	0x34	20.5	-981.4	-224.0	7.42	-75.67	-16.03	-0.20154	0.25488	-0.72949	0.60254
3759	IMU3	POSITION_3_EXTRA	0x35	111.8	-966.2	-239.1	16.10	-77.56	-20.51	-0.15491	0.28784	-0.72510	0.60693
3759	IMU4	POSITION_4_EXTRA	0x36	119.6	-988.2	112.7	16.03	-79.45	10.01	0.03091	0.05856	-0.65430	0.75342
3767	IMU0	POSITION_0_EXTRA	0x32	-940.4	121.5	255.2	-70.28	16.94	20.79	0.72705	-0.14941	0.59180	0.31128
3767	IMU1	PARENT_BOTTOM_FIXED	0x33	-33.2	-932.1	391.4	-1.54	-71.54	29.68	0.35034	-0.19812	0.50830	-0.76172
3767	IMU2	CHILD_TOP_MOVING	0x34	23.4	-981.4	-225.9	8.33	-74.48	-16.17	-0.20496	0.25903	-0.72754	0.60156
3767	IMU3	POSITION_3_EXTRA	0x35	112.7	-967.7	-240.1	15.61	-78.05	-20.65	-0.15845	0.29224	-0.72314	0.60645
3767	IMU4	POSITION_4_EXTRA	0x36	121.0	-990.2	112.7	16.17	-79.38	9.87	0.02650	0.06241	-0.65381	0.75391
3775	IMU0	POSITION_0_EXTRA	0x32	-944.3	135.2	249.4	-72.73	17.57	19.11	0.72510	-0.15283	0.59131	0.31519
3775	IMU1	PARENT_BOTTOM_FIXED	0x33	-30.3	-931.6	391.4	-1.12	-70.98	29.54	0.35449	-0.20105	0.50732	-0.76025
3775	IMU2	CHILD_TOP_MOVING	0x34	25.4	-983.3	-225.0	9.38	-72.38	-16.31	-0.20813	0.26294	-0.72607	0.60059
3775	IMU3	POSITION_3_EXTRA	0x35	115.7	-967.2	-241.1	15.47	-77.56	-20.93	-0.16187	0.29663	-0.72119	0.60547
3775	IMU4	POSITION_4_EXTRA	0x36	124.4	-992.6	112.2	16.17	-79.59	9.66	0.02211	0.06635	-0.65332	0.75391
3784	IMU0	POSITION_0_EXTRA	0x32	-944.3	124.0	252.3	-75.74	18.41	18.90	0.72314	-0.15662	0.59033	0.31909
3784	IMU1	PARENT_BOTTOM_FIXED	0x33	-28.3	-931.6	394.8	-0.84	-70.56	29.33	0.35864	-0.20398	0.50586	-0.75830
3784	IMU2	CHILD_TOP_MOVING	0x34	27.3	-985.8	-218.6	10.50	-71.12	-16.38	-0.21130	0.26685	-0.72412	0.60010
3784	IMU3	POSITION_3_EXTRA	0x35	120.5	-967.7	-237.2	14.07	-77.28	-20.72	-0.16528	0.30103	-0.71924	0.60449
3784	IMU4	POSITION_4_EXTRA	0x36	127.4	-992.6	110.8	16.24	-79.73	9.52	0.01772	0.07019	-0.65283	0.75439
3792	IMU0	POSITION_0_EXTRA	0x32	-948.7	117.6	247.4	-78.89	21.49	19.74	0.72119	-0.16052	0.58984	0.32324
3792	IMU1	PARENT_BOTTOM_FIXED	0x33	-26.8	-930.1	395.8	0.07	-70.28	29.12	0.36255	-0.20691	0.50439	-0.75635
3792	IMU2	CHILD_TOP_MOVING	0x34	30.7	-984.8	-213.3	10.85	-70.84	-16.45	-0.21436	0.27051	-0.72217	0.59961
3792	IMU3	POSITION_3_EXTRA	0x35	124.9	-966.7	-243.0	12.39	-76.02	-20.23	-0.16858	0.30518	-0.71777	0.60400
3792	IMU4	POSITION_4_EXTRA	0x36	131.3	-991.6	111.3	16.66	-79.87	9.24	0.01335	0.07416	-0.65234	0.75488
3800	IMU0	POSITION_0_EXTRA	0x32	-949.6	111.8	255.2	-76.44	16.31	18.90	0.71924	-0.16431	0.58936	0.32715
3800	IMU1	PARENT_BOTTOM_FIXED	0x33	-26.4	-929.2	396.3	0.35	-69.65	28.91	0.36670	-0.20972	0.50293	-0.75488
3800	IMU2	CHILD_TOP_MOVING	0x34	36.1	-985.3	-213.7	10.99	-70.35	-16.66	-0.21741	0.27441	-0.72070	0.59912
3800	IMU3	POSITION_3_EXTRA	0x35	126.9	-965.8	-245.5	11.27	-74.27	-19.95	-0.17175	0.30957	-0.71582	0.60303
3800	IMU4	POSITION_4_EXTRA	0x36	135.7	-989.2	111.8	16.80	-79.59	9.03	0.00903	0.07813	-0.65137	0.75488
3809	IMU0	POSITION_0_EXTRA	0x32	-945.3	114.2	251.8	-75.95	14.42	19.32	0.71729	-0.16785	0.58838	0.33130
3809	IMU1	PARENT_BOTTOM_FIXED	0x33	-27.3	-928.7	397.2	0.70	-69.02	28.70	0.37061	-0.21265	0.50195	-0.75293
3809	IMU2	CHILD_TOP_MOVING	0x34	39.5	-985.3	-212.8	11.20	-69.30	-16.73	-0.22046	0.27832	-0.71875	0.59814
3809	IMU3	POSITION_3_EXTRA	0x35	131.3	-967.7	-244.5	11.62	-73.50	-20.16	-0.17493	0.31372	-0.71387	0.60205
3809	IMU4	POSITION_4_EXTRA	0x36	140.5	-989.7	111.3	16.52	-78.61	8.75	0.00478	0.08209	-0.65088	0.75488
3817	IMU0	POSITION_0_EXTRA	0x32	-944.3	110.3	261.6	-75.39	15.89	18.83	0.71533	-0.17151	0.58740	0.33521
3817	IMU1	PARENT_BOTTOM_FIXED	0x33	-28.3	-928.2	399.2	0.91	-68.39	28.56	0.37451	-0.21533	0.50049	-0.75098
3817	IMU2	CHILD_TOP_MOVING	0x34	43.9	-983.8	-208.9	11.41	-67.20	-16.66	-0.22327	0.28198	-0.71680	0.59766
3817	IMU3	POSITION_3_EXTRA	0x35	134.7	-966.7	-249.4	13.51	-72.45	-20.79	-0.17798	0.31787	-0.71240	0.60107
3817	IMU4	POSITION_4_EXTRA	0x36	143.0	-989.7	113.2	16.45	-77.84	8.47	0.00060	0.08600	-0.64990	0.75537
3825	IMU0	POSITION_0_EXTRA	0x32	-949.6	107.4	254.7	-74.20	15.54	18.76	0.71338	-0.17517	0.58643	0.33887
3825	IMU1	PARENT_BOTTOM_FIXED	0x33	-29.3	-927.7	398.7	1.12	-67.83	28.42	0.37842	-0.21802	0.49878	-0.74951
3825	IMU2	CHILD_TOP_MOVING	0x34	45.9	-985.8	-205.0	11.41	-64.75	-16.52	-0.22327	0.28198	-0.71484	0.59717
3825	IMU3	POSITION_3_EXTRA	0x35	137.6	-964.3	-249.4	15.05	-71.19	-21.14	-0.18091	0.32202	-0.70996	0.60059
3825	IMU4	POSITION_4_EXTRA	0x36	146.4	-988.2	114.7	16.45	-77.14	8.12	-0.00352	0.08990	-0.64941	0.75537
3834	IMU0	POSITION_0_EXTRA	0x32	-949.2	106.4	257.2	-73.71	15.19	18.90	0.71143	-0.17871	0.58545	0.34277
3834	IMU1	PARENT_BOTTOM_FIXED	0x33	-29.3	-927.7	400.6	1.26	-67.34	28.28	0.38232	-0.22083	0.49756	-0.74756
3834	IMU2	CHILD_TOP_MOVING	0x34	46.8	-985.8	-200.6	10.99	-62.86	-16.38	-0.22607	0.28564	-0.71484	0.59717
3834	IMU3	POSITION_3_EXTRA	0x35	141.5	-963.3	-249.4	15.75	-70.14	-21.28	-0.18384	0.32617	-0.70801	0.59961
3834	IMU4	POSITION_4_EXTRA	0x36	149.3	-988.2	113.7	16.59	-76.09	7.77	-0.00757	0.09375	-0.64893	0.75586
3842	IMU0	POSITION_0_EXTRA	0x32	-947.2	106.4	256.2	-72.73	14.91	18.90	0.70947	-0.18225	0.58447	0.34644
3842	IMU1	PARENT_BOTTOM_FIXED	0x33	-29.8	-928.2	401.6	1.54	-66.78	28.14	0.38623	-0.22339	0.49609	-0.74609
3842	IMU2	CHILD_TOP_MOVING	0x34	46.4	-986.2	-198.1	10.50	-61.95	-16.24	-0.22864	0.28906	-0.71289	0.59668
3842	IMU3	POSITION_3_EXTRA	0x35	144.4	-962.3	-247.4	15.68	-68.88	-21.21	-0.18677	0.33008	-0.70605	0.59912
3842	IMU4	POSITION_4_EXTRA	0x36	150.8	-985.8	115.7	16.31	-75.04	7.49	-0.01154	0.09760	-0.64795	0.75586
3850	IMU0	POSITION_0_EXTRA	0x32	-950.6	104.4	254.7	-71.96	15.33	18.83	0.70752	-0.18567	0.58398	0.35010
3850	IMU1	PARENT_BOTTOM_FIXED	0x33	-29.3	-927.7	401.6	1.75	-66.29	28.07	0.39014	-0.22607	0.49463	-0.74414
3850	IMU2	CHILD_TOP_MOVING	0x34	48.8	-985.3	-198.1	9.73	-61.39	-16.17	-0.23132	0.29272	-0.70947	0.59570
3850	IMU3	POSITION_3_EXTRA	0x35	146.4	-961.8	-243.0	15.54	-67.76	-21.00	-0.18945	0.33398	-0.70410	0.59814
3850	IMU4	POSITION_4_EXTRA	0x36	152.7	-985.3	119.1	15.96	-73.99	7.21	-0.01544	0.10138	-0.64697	0.75586
3859	IMU0	POSITION_0_EXTRA	0x32	-951.1	104.9	252.8	-71.12	14.56	18.90	0.70557	-0.18909	0.58301	0.35400
3859	IMU1	PARENT_BOTTOM_FIXED	0x33	-27.3	-927.2	402.6	1.89	-65.80	27.93	0.39380	-0.22864	0.49292	-0.74219
3859	IMU2	CHILD_TOP_MOVING	0x34	49.8	-985.8	-200.1	9.38	-61.74	-15.96	-0.23376	0.29614	-0.70947	0.59570
3859	IMU3	POSITION_3_EXTRA	0x35	150.8	-962.3	-240.6	15.40	-67.27	-20.93	-0.19226	0.33789	-0.70215	0.59766
3859	IMU4	POSITION_4_EXTRA	0x36	155.7	-982.8	120.5	15.68	-73.08	6.93	-0.01927	0.10510	-0.64648	0.75586
3867	IMU0	POSITION_0_EXTRA	0x32	-948.7	105.4	251.8	-70.21	14.70	18.76	0.70361	-0.19250	0.58203	0.35742
3867	IMU1	PARENT_BOTTOM_FIXED	0x33	-26.8	-926.7	405.0	2.10	-65.24	27.79	0.39697	-0.23071	0.49048	-0.73926
3867	IMU2	CHILD_TOP_MOVING	0x34	52.7	-983.3	-201.5	9.45	-62.37	-15.82	-0.23633	0.29956	-0.70752	0.59521
3867	IMU3	POSITION_3_EXTRA	0x35	152.7	-960.9	-236.7	14.98	-66.50	-20.65	-0.19495	0.34180	-0.70020	0.59717
3867	IMU4	POSITION_4_EXTRA	0x36	156.6	-981.4	121.0	15.61	-72.24	6.65	-0.02304	0.10883	-0.64551	0.75586
3875	IMU0	POSITION_0_EXTRA	0x32	-948.7	106.9	251.3	-69.30	14.70	18.69	0.70166	-0.19580	0.58105	0.36108
3875	IMU1	PARENT_BOTTOM_FIXED	0x33	-24.9	-926.7	405.5	2.31	-64.89	27.72	0.40063	-0.23315	0.48901	-0.73730
3875	IMU2	CHILD_TOP_MOVING	0x34	54.7	-983.3	-202.0	9.52	-63.14	-15.89	-0.23889	0.30298	-0.70605	0.59473
3875	IMU3	POSITION_3_EXTRA	0x35	155.2	-959.4	-235.2	14.28	-65.94	-20.44	-0.19763	0.34546	-0.69824	0.59619
3875	IMU4	POSITION_4_EXTRA	0x36	157.1	-979.9	124.4	15.68	-71.47	6.30	-0.02675	0.11255	-0.64453	0.75586
3884	IMU0	POSITION_0_EXTRA	0x32	-950.1	106.4	250.8	-68.53	14.56	18.55	0.69971	-0.19897	0.58008	0.36450
3884	IMU1	PARENT_BOTTOM_FIXED	0x33	-23.4	-925.7	405.5	2.59	-64.61	27.58	0.40430	-0.23572	0.48755	-0.73535
3884	IMU2	CHILD_TOP_MOVING	0x34	54.2	-982.3	-200.1	9.45	-64.05	-15.89	-0.24146	0.30664	-0.70410	0.59375
3884	IMU3	POSITION_3_EXTRA	0x35	156.6	-959.4	-231.8	13.30	-65.45	-20.16	-0.20032	0.34937	-0.69629	0.59570
3884	IMU4	POSITION_4_EXTRA	0x36	159.1	-978.4	124.9	15.54	-70.70	5.95	-0.03041	0.11621	-0.64404	0.75635
3892	IMU0	POSITION_0_EXTRA	0x32	-948.2	107.4	252.8	-67.48	14.35	18.62	0.69775	-0.20215	0.57959	0.36816
3892	IMU1	PARENT_BOTTOM_FIXED	0x33	-20.0	-923.8	403.6	2.66	-64.12	27.58	0.40796	-0.23816	0.48584	-0.73389
3892	IMU2	CHILD_TOP_MOVING	0x34	54.7	-982.3	-198.6	9.38	-64.82	-15.75	-0.24414	0.31006	-0.70215	0.59326
3892	IMU3	POSITION_3_EXTRA	0x35	157.1	-957.9	-230.3	12.46	-65.17	-19.81	-0.20288	0.35303	-0.69434	0.59473
3892	IMU4	POSITION_4_EXTRA	0x36	160.1	-978.9	124.4	15.40	-69.72	5.74	-0.03400	0.11981	-0.64307	0.75635
3900	IMU0	POSITION_0_EXTRA	0x32	-948.7	107.8	253.3	-66.64	14.63	18.48	0.69531	-0.20532	0.57861	0.37158
3900	IMU1	PARENT_BOTTOM_FIXED	0x33	-18.1	-921.8	402.1	2.73	-63.49	27.44	0.41162	-0.24060	0.48438	-0.73193
3900	IMU2	CHILD_TOP_MOVING	0x34	57.6	-981.4	-198.1	9.10	-65.66	-15.61	-0.24683	0.31372	-0.70020	0.59229
3900	IMU3	POSITION_3_EXTRA	0x35	158.6	-958.9	-229.8	11.90	-65.10	-19.46	-0.20508	0.35620	-0.69092	0.59326
3900	IMU4	POSITION_4_EXTRA	0x36	161.0	-978.0	124.9	15.26	-68.88	5.46	-0.03754	0.12341	-0.64209	0.75635
3909	IMU0	POSITION_0_EXTRA	0x32	-949.2	107.4	250.8	-65.59	14.77	18.34	0.69336	-0.20837	0.57764	0.37476
3909	IMU1	PARENT_BOTTOM_FIXED	0x33	-15.1	-918.9	400.2	2.73	-62.86	27.23	0.41528	-0.24304	0.48267	-0.72998
3909	IMU2	CHILD_TOP_MOVING	0x34	61.0	-981.9	-196.7	8.75	-66.50	-15.75	-0.24951	0.31714	-0.69824	0.59180
3909	IMU3	POSITION_3_EXTRA	0x35	161.0	-958.4	-231.3	11.97	-65.24	-19.53	-0.20764	0.35986	-0.68848	0.59229
3909	IMU4	POSITION_4_EXTRA	0x36	163.5	-978.4	126.9	15.12	-67.90	5.18	-0.04102	0.12708	-0.64111	0.75635
3917	IMU0	POSITION_0_EXTRA	0x32	-949.6	106.4	247.4	-64.68	14.84	18.27	0.69141	-0.21143	0.57666	0.37817
3917	IMU1	PARENT_BOTTOM_FIXED	0x33	-12.7	-916.0	399.7	2.94	-62.02	27.09	0.41870	-0.24548	0.48120	-0.72852
3917	IMU2	CHILD_TOP_MOVING	0x34	64.9	-981.4	-193.7	8.33	-66.78	-15.75	-0.25220	0.32080	-0.69629	0.59082
3917	IMU3	POSITION_3_EXTRA	0x35	164.0	-959.4	-231.8	12.11	-65.03	-19.60	-0.21021	0.36353	-0.68652	0.59131
3917	IMU4	POSITION_4_EXTRA	0x36	165.4	-976.0	129.3	14.77	-66.85	4.83	-0.04440	0.13049	-0.64063	0.75635
3925	IMU0	POSITION_0_EXTRA	0x32	-950.1	107.4	247.4	-63.77	14.21	18.34	0.68945	-0.21448	0.57617	0.38135
3925	IMU1	PARENT_BOTTOM_FIXED	0x33	-8.8	-915.0	397.2	3.01	-61.18	26.95	0.42212	-0.24780	0.47974	-0.72656
3925	IMU2	CHILD_TOP_MOVING	0x34	68.3	-980.4	-189.8	7.91	-66.78	-15.68	-0.25488	0.32446	-0.69434	0.58984
3925	IMU3	POSITION_3_EXTRA	0x35	166.4	-957.5	-231.8	12.18	-64.47	-19.60	-0.21277	0.36719	-0.68457	0.59033
3925	IMU4	POSITION_4_EXTRA	0x36	168.4	-974.5	133.7	14.14	-65.66	4.55	-0.04770	0.13403	-0.63965	0.75586
3934	IMU0	POSITION_0_EXTRA	0x32	-948.2	108.3	247.9	-62.72	14.07	18.34	0.68750	-0.21729	0.57520	0.38477
3934	IMU1	PARENT_BOTTOM_FIXED	0x33	-4.4	-914.0	394.3	3.22	-60.06	26.74	0.42554	-0.25024	0.47803	-0.72510
3934	IMU2	CHILD_TOP_MOVING	0x34	72.2	-979.9	-186.4	7.91	-66.29	-15.61	-0.25757	0.32813	-0.69238	0.58887
3934	IMU3	POSITION_3_EXTRA	0x35	171.3	-954.5	-231.3	12.32	-63.42	-19.53	-0.21521	0.37085	-0.68262	0.58984
3934	IMU4	POSITION_4_EXTRA	0x36	173.2	-972.1	138.1	13.58	-64.19	4.20	-0.05090	0.13733	-0.63867	0.75586
3942	IMU0	POSITION_0_EXTRA	0x32	-949.2	106.4	249.9	-61.74	13.93	18.27	0.68555	-0.22021	0.57422	0.38794
3942	IMU1	PARENT_BOTTOM_FIXED	0x33	0.0	-914.5	393.3	3.01	-59.01	26.53	0.42896	-0.25244	0.47656	-0.72314
3942	IMU2	CHILD_TOP_MOVING	0x34	72.2	-979.9	-186.4	7.49	-66.29	-15.61	-0.26025	0.33179	-0.69043	0.58838
3942	IMU3	POSITION_3_EXTRA	0x35	175.7	-953.1	-230.8	12.32	-62.30	-19.32	-0.21753	0.37451	-0.68066	0.58887
3942	IMU4	POSITION_4_EXTRA	0x36	177.1	-969.7	140.5	13.16	-62.86	3.78	-0.05402	0.14075	-0.63770	0.75586
3950	IMU0	POSITION_0_EXTRA	0x32	-950.6	105.9	249.9	-60.41	13.37	18.27	0.68359	-0.22290	0.57324	0.39087
3950	IMU1	PARENT_BOTTOM_FIXED	0x33	3.4	-915.5	395.3	2.52	-57.75	26.39	0.43213	-0.25464	0.47510	-0.72119
3950	IMU2	CHILD_TOP_MOVING	0x34	77.6	-978.0	-184.5	7.00	-65.59	-15.54	-0.26294	0.33545	-0.68848	0.58740
3950	IMU3	POSITION_3_EXTRA	0x35	182.0	-949.2	-232.3	12.46	-60.55	-19.04	-0.21985	0.37793	-0.67871	0.58838
3950	IMU4	POSITION_4_EXTRA	0x36	182.5	-965.8	141.5	12.81	-61.53	3.43	-0.05701	0.14404	-0.63672	0.75586
3959	IMU0	POSITION_0_EXTRA	0x32	-952.1	104.4	251.3	-59.15	13.02	18.34	0.68164	-0.22559	0.57227	0.39404
3959	IMU1	PARENT_BOTTOM_FIXED	0x33	7.8	-918.4	397.7	1.96	-56.49	26.11	0.43530	-0.25708	0.47363	-0.71973
3959	IMU2	CHILD_TOP_MOVING	0x34	85.4	-972.6	-183.0	6.30	-63.91	-15.33	-0.26538	0.33911	-0.68701	0.58643
3959	IMU3	POSITION_3_EXTRA	0x35	187.4	-944.8	-228.9	12.39	-58.80	-18.90	-0.22205	0.38159	-0.67676	0.58740
3959	IMU4	POSITION_4_EXTRA	0x36	187.4	-963.3	143.0	12.53	-59.92	2.94	-0.05988	0.14734	-0.63574	0.75586
3967	IMU0	POSITION_0_EXTRA	0x32	-953.6	103.5	251.8	-57.54	12.81	18.20	0.67969	-0.22827	0.57178	0.39697
3967	IMU1	PARENT_BOTTOM_FIXED	0x33	13.2	-920.4	398.2	1.54	-54.88	25.76	0.43848	-0.25928	0.47241	-0.71777
3967	IMU2	CHILD_TOP_MOVING	0x34	91.7	-972.6	-183.0	5.60	-62.16	-15.12	-0.26758	0.34253	-0.68506	0.58545
3967	IMU3	POSITION_3_EXTRA	0x35	194.7	-943.3	-228.4	11.62	-56.91	-18.48	-0.22412	0.38477	-0.67480	0.58691
3967	IMU4	POSITION_4_EXTRA	0x36	191.8	-962.3	144.4	12.11	-58.17	2.45	-0.06262	0.15063	-0.63525	0.75586
3975	IMU0	POSITION_0_EXTRA	0x32	-956.5	101.5	255.7	-56.00	12.67	18.13	0.67822	-0.23083	0.57080	0.39990
3975	IMU1	PARENT_BOTTOM_FIXED	0x33	16.6	-922.8	399.7	1.26	-53.34	25.20	0.44141	-0.26123	0.47095	-0.71631
3975	IMU2	CHILD_TOP_MOVING	0x34	97.1	-973.1	-178.1	4.69	-60.55	-14.98	-0.26978	0.34595	-0.68311	0.58447
3975	IMU3	POSITION_3_EXTRA	0x35	200.1	-944.8	-226.4	10.43	-54.95	-17.99	-0.22595	0.38818	-0.67285	0.58594
3975	IMU4	POSITION_4_EXTRA	0x36	195.7	-963.3	143.5	11.90	-56.56	1.89	-0.06525	0.15381	-0.63428	0.75586
3984	IMU0	POSITION_0_EXTRA	0x32	-956.5	101.5	255.7	-54.11	12.25	17.78	0.67627	-0.23328	0.56982	0.40283
3984	IMU1	PARENT_BOTTOM_FIXED	0x33	18.5	-924.3	401.6	1.19	-51.66	24.50	0.44409	-0.26343	0.46973	-0.71436
3984	IMU2	CHILD_TOP_MOVING	0x34	102.0	-976.5	-176.2	3.64	-59.08	-14.91	-0.27197	0.34937	-0.68115	0.58350
3984	IMU3	POSITION_3_EXTRA	0x35	204.5	-946.2	-226.9	8.68	-52.99	-17.29	-0.22778	0.39136	-0.67090	0.58545
3984	IMU4	POSITION_4_EXTRA	0x36	198.1	-966.2	142.5	10.99	-54.53	1.40	-0.06775	0.15686	-0.63330	0.75537
3992	IMU0	POSITION_0_EXTRA	0x32	-958.4	99.6	256.7	-52.29	11.90	17.50	0.67432	-0.23560	0.56934	0.40552
3992	IMU1	PARENT_BOTTOM_FIXED	0x33	20.0	-925.7	403.1	0.91	-49.77	23.66	0.44678	-0.26538	0.46851	-0.71289
3992	IMU2	CHILD_TOP_MOVING	0x34	103.9	-980.4	-174.7	3.08	-57.96	-14.84	-0.27393	0.35278	-0.67969	0.58252
3992	IMU3	POSITION_3_EXTRA	0x35	206.9	-950.6	-227.4	7.28	-51.17	-16.73	-0.22949	0.39453	-0.66943	0.58447
3992	IMU4	POSITION_4_EXTRA	0x36	202.0	-969.7	142.0	10.29	-52.36	0.91	-0.07007	0.15991	-0.63232	0.75537
4000	IMU0	POSITION_0_EXTRA	0x32	-958.4	99.1	255.2	-50.26	11.06	17.29	0.67285	-0.23779	0.56836	0.40796
4000	IMU1	PARENT_BOTTOM_FIXED	0x33	22.0	-927.2	405.0	0.56	-47.74	22.68	0.44946	-0.26733	0.46729	-0.71143
4000	IMU2	CHILD_TOP_MOVING	0x34	102.0	-980.9	-169.3	2.24	-57.05	-14.63	-0.27588	0.35620	-0.67773	0.58203
4000	IMU3	POSITION_3_EXTRA	0x35	207.4	-952.6	-230.3	6.58	-49.42	-16.38	-0.23108	0.39746	-0.66748	0.58350
4000	IMU4	POSITION_4_EXTRA	0x36	204.0	-970.6	144.4	10.15	-50.19	0.28	-0.07233	0.16272	-0.63184	0.75537
4009	IMU0	POSITION_0_EXTRA	0x32	-958.9	96.6	256.2	-48.23	10.57	16.73	0.67139	-0.23999	0.56738	0.41064
4009	IMU1	PARENT_BOTTOM_FIXED	0x33	26.4	-928.7	407.0	0.35	-45.64	21.49	0.45190	-0.26929	0.46606	-0.70996
4009	IMU2	CHILD_TOP_MOVING	0x34	93.7	-997.5	-180.6	0.42	-65.10	-15.26	-0.27832	0.35986	-0.67578	0.58057
4009	IMU3	POSITION_3_EXTRA	0x35	207.9	-958.4	-231.8	6.65	-46.83	-16.10	-0.23254	0.40039	-0.66602	0.58301
4009	IMU4	POSITION_4_EXTRA	0x36	209.4	-972.1	146.4	9.80	-48.23	-0.14	-0.07440	0.16565	-0.63086	0.75488
4017	IMU0	POSITION_0_EXTRA	0x32	-957.9	95.2	258.2	-46.55	10.22	16.03	0.66943	-0.24207	0.56689	0.41309
4017	IMU1	PARENT_BOTTOM_FIXED	0x33	29.3	-928.7	408.5	0.14	-43.40	20.30	0.45410	-0.27124	0.46484	-0.70850
4017	IMU2	CHILD_TOP_MOVING	0x34	93.2	-979.4	-179.1	7.56	-71.26	-14.49	-0.28125	0.36353	-0.67383	0.57959
4017	IMU3	POSITION_3_EXTRA	0x35	212.3	-954.5	-224.5	7.07	-46.41	-16.17	-0.23401	0.40308	-0.66455	0.58252
4017	IMU4	POSITION_4_EXTRA	0x36	212.3	-971.6	145.9	9.38	-45.78	-0.56	-0.07635	0.16833	-0.62988	0.75488
4025	IMU0	POSITION_0_EXTRA	0x32	-957.5	94.7	259.1	-44.73	10.36	15.33	0.66797	-0.24414	0.56592	0.41528
4025	IMU1	PARENT_BOTTOM_FIXED	0x33	32.2	-928.2	408.0	-0.21	-41.30	18.97	0.45630	-0.27295	0.46387	-0.70703
4025	IMU2	CHILD_TOP_MOVING	0x34	114.7	-982.8	-176.7	-3.85	-72.24	-16.17	-0.28369	0.36768	-0.67188	0.57764
4025	IMU3	POSITION_3_EXTRA	0x35	214.2	-955.0	-237.7	6.16	-43.61	-15.26	-0.23535	0.40576	-0.66309	0.58154
4025	IMU4	POSITION_4_EXTRA	0x36	216.2	-974.5	150.8	9.17	-43.54	-0.91	-0.07813	0.17090	-0.62939	0.75488
4034	IMU0	POSITION_0_EXTRA	0x32	-960.4	91.7	254.2	-42.91	9.73	14.63	0.66650	-0.24609	0.56543	0.41748
4034	IMU1	PARENT_BOTTOM_FIXED	0x33	36.1	-928.7	410.4	-0.21	-39.27	17.64	0.45825	-0.27466	0.46265	-0.70605
4034	IMU2	CHILD_TOP_MOVING	0x34	114.7	-995.0	-177.6	0.42	-64.75	-14.70	-0.28589	0.37134	-0.66992	0.57666
4034	IMU3	POSITION_3_EXTRA	0x35	220.6	-957.9	-226.9	6.09	-40.67	-14.98	-0.23645	0.40845	-0.66162	0.58105
4034	IMU4	POSITION_4_EXTRA	0x36	220.6	-973.1	148.8	8.33	-41.23	-1.26	-0.07983	0.17346	-0.62842	0.75488
4042	IMU0	POSITION_0_EXTRA	0x32	-961.4	93.7	263.5	-40.18	7.42	14.35	0.66553	-0.24780	0.56445	0.41968
4042	IMU1	PARENT_BOTTOM_FIXED	0x33	42.0	-926.2	409.9	-0.28	-37.10	16.17	0.46021	-0.27637	0.46167	-0.70459
4042	IMU2	CHILD_TOP_MOVING	0x34	133.7	-987.7	-167.9	2.59	-56.35	-13.65	-0.28784	0.37476	-0.66846	0.57568
4042	IMU3	POSITION_3_EXTRA	0x35	225.0	-958.4	-219.1	6.02	-39.41	-14.70	-0.23767	0.41089	-0.66016	0.58057
4042	IMU4	POSITION_4_EXTRA	0x36	222.0	-970.6	148.8	7.42	-38.43	-1.61	-0.08130	0.17590	-0.62793	0.75439
4050	IMU0	POSITION_0_EXTRA	0x32	-956.5	96.1	276.7	-37.17	7.21	13.51	0.66406	-0.24939	0.56348	0.42163
4050	IMU1	PARENT_BOTTOM_FIXED	0x33	48.8	-927.2	411.4	-0.49	-34.23	14.84	0.46167	-0.27808	0.46069	-0.70361
4050	IMU2	CHILD_TOP_MOVING	0x34	135.2	-994.1	-165.9	-0.35	-40.88	-13.02	-0.28882	0.37720	-0.66699	0.57520
4050	IMU3	POSITION_3_EXTRA	0x35	227.4	-951.6	-231.8	5.46	-36.82	-14.14	-0.23865	0.41333	-0.65869	0.58008
4050	IMU4	POSITION_4_EXTRA	0x36	225.5	-971.6	151.3	7.91	-35.35	-2.03	-0.08264	0.17810	-0.62695	0.75439
4059	IMU0	POSITION_0_EXTRA	0x32	-956.5	95.6	279.1	-33.46	7.70	12.67	0.66309	-0.25098	0.56299	0.42334
4059	IMU1	PARENT_BOTTOM_FIXED	0x33	54.7	-923.3	410.9	-0.84	-31.08	13.44	0.46313	-0.27954	0.45972	-0.70264
4059	IMU2	CHILD_TOP_MOVING	0x34	137.1	-988.2	-156.6	1.89	-31.57	-11.62	-0.28955	0.37939	-0.66553	0.57471
4059	IMU3	POSITION_3_EXTRA	0x35	229.4	-954.0	-227.9	4.55	-32.34	-13.30	-0.23938	0.41553	-0.65723	0.57959
4059	IMU4	POSITION_4_EXTRA	0x36	226.4	-967.7	151.8	7.56	-32.41	-2.38	-0.08386	0.18018	-0.62646	0.75439
4067	IMU0	POSITION_0_EXTRA	0x32	-958.4	93.2	275.2	-30.66	6.16	12.81	0.66211	-0.25220	0.56250	0.42505
4067	IMU1	PARENT_BOTTOM_FIXED	0x33	58.1	-922.8	410.9	-0.77	-28.21	12.11	0.46460	-0.28101	0.45898	-0.70166
4067	IMU2	CHILD_TOP_MOVING	0x34	131.8	-986.2	-165.4	0.91	-22.33	-10.92	-0.29004	0.38110	-0.66455	0.57471
4067	IMU3	POSITION_3_EXTRA	0x35	232.8	-951.1	-227.9	5.04	-28.35	-13.30	-0.23999	0.41748	-0.65625	0.57910
4067	IMU4	POSITION_4_EXTRA	0x36	229.4	-965.8	152.3	7.77	-29.82	-2.80	-0.08490	0.18225	-0.62549	0.75439
4075	IMU0	POSITION_0_EXTRA	0x32	-955.5	93.2	275.7	-26.95	4.55	12.67	0.66162	-0.25317	0.56152	0.42651
4075	IMU1	PARENT_BOTTOM_FIXED	0x33	61.0	-920.4	410.9	-0.91	-25.06	10.85	0.46558	-0.28247	0.45801	-0.70117
4075	IMU2	CHILD_TOP_MOVING	0x34	128.8	-986.7	-178.1	0.49	-21.21	-11.06	-0.29028	0.38281	-0.66357	0.57422
4075	IMU3	POSITION_3_EXTRA	0x35	236.7	-945.3	-226.4	3.08	-23.03	-12.53	-0.24023	0.41919	-0.65527	0.57910
4075	IMU4	POSITION_4_EXTRA	0x36	234.2	-965.3	151.3	6.37	-26.88	-3.08	-0.08575	0.18408	-0.62500	0.75439
4084	IMU0	POSITION_0_EXTRA	0x32	-954.0	91.7	271.8	-23.80	3.50	12.39	0.66064	-0.25415	0.56104	0.42798
4084	IMU1	PARENT_BOTTOM_FIXED	0x33	63.4	-916.5	408.5	-1.26	-22.05	9.52	0.46655	-0.28369	0.45752	-0.70068
4084	IMU2	CHILD_TOP_MOVING	0x34	129.3	-982.3	-168.4	1.26	-21.91	-11.13	-0.29053	0.38452	-0.66260	0.57422
4084	IMU3	POSITION_3_EXTRA	0x35	244.0	-945.7	-223.5	0.98	-19.39	-11.41	-0.24036	0.42090	-0.65430	0.57861
4084	IMU4	POSITION_4_EXTRA	0x36	238.6	-962.8	151.8	6.09	-24.29	-3.64	-0.08643	0.18579	-0.62451	0.75439
4092	IMU0	POSITION_0_EXTRA	0x32	-957.0	90.8	261.6	-20.72	3.22	11.83	0.66016	-0.25488	0.56055	0.42920
4092	IMU1	PARENT_BOTTOM_FIXED	0x33	64.4	-916.0	408.0	-1.54	-19.18	8.19	0.46729	-0.28491	0.45679	-0.69971
4092	IMU2	CHILD_TOP_MOVING	0x34	133.7	-983.8	-165.4	1.33	-22.82	-10.99	-0.29102	0.38623	-0.66162	0.57422
4092	IMU3	POSITION_3_EXTRA	0x35	245.0	-944.8	-230.3	-0.91	-16.73	-10.29	-0.24036	0.42236	-0.65381	0.57861
4092	IMU4	POSITION_4_EXTRA	0x36	244.0	-961.8	149.3	5.11	-21.35	-4.06	-0.08698	0.18738	-0.62402	0.75439
4100	IMU0	POSITION_0_EXTRA	0x32	-956.0	89.3	255.2	-17.50	2.10	11.27	0.65918	-0.25562	0.56006	0.43018
4100	IMU1	PARENT_BOTTOM_FIXED	0x33	65.9	-915.0	406.0	-1.54	-16.45	6.86	0.46777	-0.28589	0.45630	-0.69922
4100	IMU2	CHILD_TOP_MOVING	0x34	141.5	-984.8	-170.8	1.19	-22.54	-10.71	-0.29126	0.38794	-0.66064	0.57373
4100	IMU3	POSITION_3_EXTRA	0x35	248.9	-945.7	-233.3	-1.26	-15.82	-9.80	-0.24023	0.42383	-0.65283	0.57813
4100	IMU4	POSITION_4_EXTRA	0x36	250.8	-960.9	153.2	3.64	-18.13	-4.48	-0.08728	0.18896	-0.62354	0.75439
4109	IMU0	POSITION_0_EXTRA	0x32	-954.5	93.7	256.7	-14.98	1.96	10.43	0.65869	-0.25610	0.55957	0.43115
4109	IMU1	PARENT_BOTTOM_FIXED	0x33	67.3	-916.5	405.5	-1.61	-13.51	5.53	0.46826	-0.28687	0.45581	-0.69922
4109	IMU2	CHILD_TOP_MOVING	0x34	151.3	-981.9	-170.3	1.12	-20.93	-10.43	-0.29150	0.38940	-0.65967	0.57373
4109	IMU3	POSITION_3_EXTRA	0x35	254.2	-942.3	-237.2	0.14	-14.98	-9.87	-0.24011	0.42505	-0.65234	0.57813
4109	IMU4	POSITION_4_EXTRA	0x36	255.7	-957.5	159.1	2.45	-14.91	-4.97	-0.08734	0.19031	-0.62305	0.75439
4117	IMU0	POSITION_0_EXTRA	0x32	-951.1	94.7	263.0	-11.76	2.38	9.24	0.65820	-0.25659	0.55957	0.43188
4117	IMU1	PARENT_BOTTOM_FIXED	0x33	68.8	-917.4	405.5	-1.68	-10.36	4.20	0.46851	-0.28784	0.45532	-0.69873
4117	IMU2	CHILD_TOP_MOVING	0x34	159.6	-977.5	-171.8	-0.35	-15.54	-9.87	-0.29150	0.39087	-0.65869	0.57373
4117	IMU3	POSITION_3_EXTRA	0x35	261.6	-938.9	-235.7	1.33	-12.74	-9.87	-0.23987	0.42651	-0.65186	0.57764
4117	IMU4	POSITION_4_EXTRA	0x36	259.6	-955.5	159.6	1.96	-11.90	-5.53	-0.08728	0.19153	-0.62256	0.75439
4125	IMU0	POSITION_0_EXTRA	0x32	-948.7	97.6	271.3	-8.89	2.45	8.26	0.65820	-0.25684	0.55908	0.43262
4125	IMU1	PARENT_BOTTOM_FIXED	0x33	69.3	-918.4	405.5	-1.75	-7.00	2.87	0.46851	-0.28857	0.45508	-0.69873
4125	IMU2	CHILD_TOP_MOVING	0x34	163.5	-975.0	-176.2	-1.89	-10.57	-9.31	-0.29102	0.39209	-0.65820	0.57373
4125	IMU3	POSITION_3_EXTRA	0x35	267.9	-935.5	-232.3	2.17	-9.80	-9.66	-0.23950	0.42773	-0.65088	0.57813
4125	IMU4	POSITION_4_EXTRA	0x36	264.0	-951.1	158.1	1.54	-8.68	-6.16	-0.08698	0.19263	-0.62256	0.75439
4134	IMU0	POSITION_0_EXTRA	0x32	-947.7	100.0	273.8	-5.60	1.89	7.49	0.65771	-0.25708	0.55908	0.43311
4134	IMU1	PARENT_BOTTOM_FIXED	0x33	69.8	-919.4	405.0	-1.96	-3.57	1.61	0.46851	-0.28906	0.45483	-0.69873
4134	IMU2	CHILD_TOP_MOVING	0x34	167.4	-972.6	-173.2	-3.99	-6.16	-9.03	-0.29053	0.39331	-0.65771	0.57373
4134	IMU3	POSITION_3_EXTRA	0x35	273.8	-931.6	-229.8	1.54	-5.46	-8.82	-0.23901	0.42847	-0.65039	0.57813
4134	IMU4	POSITION_4_EXTRA	0x36	268.4	-949.2	159.6	1.05	-5.18	-6.79	-0.08655	0.19360	-0.62207	0.75439
4142	IMU0	POSITION_0_EXTRA	0x32	-950.1	100.0	273.8	-2.66	0.70	6.86	0.65771	-0.25708	0.55859	0.43335
4142	IMU1	PARENT_BOTTOM_FIXED	0x33	69.8	-922.8	404.6	-1.82	-0.14	0.28	0.46826	-0.28955	0.45483	-0.69873
4142	IMU2	CHILD_TOP_MOVING	0x34	168.4	-972.6	-169.3	-6.02	-1.47	-8.40	-0.28955	0.39429	-0.65771	0.57373
4142	IMU3	POSITION_3_EXTRA	0x35	276.2	-930.6	-228.9	-0.77	-0.35	-7.49	-0.23816	0.42920	-0.64990	0.57813
4142	IMU4	POSITION_4_EXTRA	0x36	271.3	-950.1	161.0	0.42	-1.61	-7.28	-0.08582	0.19434	-0.62158	0.75439
4150	IMU0	POSITION_0_EXTRA	0x32	-951.6	99.1	267.9	0.63	-0.56	6.09	0.65771	-0.25684	0.55859	0.43359
4150	IMU1	PARENT_BOTTOM_FIXED	0x33	70.8	-926.2	404.1	-1.68	3.36	-1.05	0.46777	-0.29004	0.45483	-0.69873
4150	IMU2	CHILD_TOP_MOVING	0x34	169.8	-974.5	-168.4	-6.72	2.66	-7.56	-0.28857	0.39502	-0.65771	0.57422
4150	IMU3	POSITION_3_EXTRA	0x35	278.6	-930.6	-231.3	-3.99	5.18	-5.74	-0.23706	0.42969	-0.64990	0.57861
4150	IMU4	POSITION_4_EXTRA	0x36	274.3	-950.6	160.6	-0.42	2.10	-7.84	-0.08496	0.19507	-0.62158	0.75488
4159	IMU0	POSITION_0_EXTRA	0x32	-955.5	99.6	267.4	3.85	-1.40	5.32	0.65820	-0.25659	0.55859	0.43359
4159	IMU1	PARENT_BOTTOM_FIXED	0x33	70.8	-929.2	404.1	-1.40	6.65	-2.52	0.46704	-0.29028	0.45483	-0.69922
4159	IMU2	CHILD_TOP_MOVING	0x34	172.3	-977.5	-168.4	-6.86	6.79	-6.72	-0.28735	0.39551	-0.65771	0.57422
4159	IMU3	POSITION_3_EXTRA	0x35	279.1	-932.1	-234.2	-7.28	10.15	-4.06	-0.23572	0.42993	-0.64990	0.57861
4159	IMU4	POSITION_4_EXTRA	0x36	278.6	-950.6	163.0	-1.54	5.74	-8.26	-0.08380	0.19543	-0.62158	0.75488
4167	IMU0	POSITION_0_EXTRA	0x32	-955.5	100.0	268.4	7.35	-1.96	4.34	0.65820	-0.25610	0.55859	0.43359
4167	IMU1	PARENT_BOTTOM_FIXED	0x33	72.7	-932.1	405.5	-1.05	10.15	-4.13	0.46631	-0.29028	0.45508	-0.69971
4167	IMU2	CHILD_TOP_MOVING	0x34	177.6	-979.4	-168.8	-6.72	10.78	-6.09	-0.28589	0.39575	-0.65771	0.57471
4167	IMU3	POSITION_3_EXTRA	0x35	280.6	-932.1	-239.6	-9.59	14.00	-2.66	-0.23413	0.42993	-0.65039	0.57861
4167	IMU4	POSITION_4_EXTRA	0x36	285.0	-949.2	165.4	-2.38	9.52	-8.75	-0.08252	0.19580	-0.62109	0.75488
4175	IMU0	POSITION_0_EXTRA	0x32	-957.0	103.0	274.3	11.27	-1.89	3.36	0.65869	-0.25562	0.55859	0.43311
4175	IMU1	PARENT_BOTTOM_FIXED	0x33	73.7	-934.5	408.9	-0.49	13.72	-5.74	0.46509	-0.29028	0.45508	-0.70020
4175	IMU2	CHILD_TOP_MOVING	0x34	180.6	-979.4	-169.8	-6.16	15.12	-5.39	-0.28442	0.39575	-0.65771	0.57520
4175	IMU3	POSITION_3_EXTRA	0x35	285.0	-932.6	-243.0	-10.50	16.87	-1.68	-0.23242	0.42993	-0.65088	0.57910
4175	IMU4	POSITION_4_EXTRA	0x36	290.8	-949.2	162.0	-3.43	13.44	-9.17	-0.08093	0.19580	-0.62109	0.75537
4184	IMU0	POSITION_0_EXTRA	0x32	-959.9	103.9	279.1	15.26	-2.17	2.45	0.65918	-0.25464	0.55908	0.43262
4184	IMU1	PARENT_BOTTOM_FIXED	0x33	72.2	-936.0	409.4	-0.14	17.36	-7.42	0.46411	-0.29004	0.45532	-0.70068
4184	IMU2	CHILD_TOP_MOVING	0x34	183.0	-978.4	-170.8	-5.81	18.97	-4.62	-0.28271	0.39575	-0.65820	0.57568
4184	IMU3	POSITION_3_EXTRA	0x35	290.4	-931.6	-247.9	-10.43	19.04	-1.12	-0.23059	0.42969	-0.65186	0.57910
4184	IMU4	POSITION_4_EXTRA	0x36	296.7	-950.1	157.1	-4.41	17.57	-9.66	-0.07892	0.19543	-0.62061	0.75391
4192	IMU0	POSITION_0_EXTRA	0x32	-958.4	103.9	280.6	19.25	-3.15	1.82	0.65967	-0.25366	0.55908	0.43188
4192	IMU1	PARENT_BOTTOM_FIXED	0x33	71.7	-936.0	410.9	0.14	20.86	-8.96	0.46265	-0.28955	0.45581	-0.70166
4192	IMU2	CHILD_TOP_MOVING	0x34	186.4	-978.9	-176.2	-6.16	21.14	-3.92	-0.28101	0.39551	-0.65869	0.57617
4192	IMU3	POSITION_3_EXTRA	0x35	295.2	-933.5	-254.2	-9.80	21.84	-0.56	-0.22876	0.42944	-0.65234	0.57959
4192	IMU4	POSITION_4_EXTRA	0x36	301.6	-953.1	151.8	-5.25	21.70	-10.15	-0.07690	0.19519	-0.62061	0.75391
4200	IMU0	POSITION_0_EXTRA	0x32	-956.0	103.9	277.2	23.59	-4.20	0.84	0.66064	-0.25269	0.55957	0.43115
4200	IMU1	PARENT_BOTTOM_FIXED	0x33	70.8	-936.0	412.8	0.35	24.29	-10.57	0.46094	-0.28906	0.45605	-0.70264
4200	IMU2	CHILD_TOP_MOVING	0x34	188.4	-978.0	-178.1	-6.44	22.26	-3.29	-0.27930	0.39502	-0.65869	0.57715
4200	IMU3	POSITION_3_EXTRA	0x35	300.1	-934.0	-255.7	-8.89	24.92	0.07	-0.22668	0.42871	-0.65283	0.58008
4200	IMU4	POSITION_4_EXTRA	0x36	305.0	-954.0	148.4	-6.16	25.90	-10.71	-0.07465	0.19470	-0.62061	0.75439
4209	IMU0	POSITION_0_EXTRA	0x32	-954.0	103.5	271.3	27.58	-4.83	-0.14	0.66162	-0.25122	0.56006	0.42993
4209	IMU1	PARENT_BOTTOM_FIXED	0x33	69.8	-935.5	411.9	0.77	27.65	-12.25	0.45923	-0.28833	0.45654	-0.70410
4209	IMU2	CHILD_TOP_MOVING	0x34	194.2	-980.4	-179.6	-8.54	24.08	-2.66	-0.27734	0.39478	-0.65918	0.57764
4209	IMU3	POSITION_3_EXTRA	0x35	301.1	-933.5	-259.1	-8.61	28.63	0.84	-0.22461	0.42822	-0.65381	0.58057
4209	IMU4	POSITION_4_EXTRA	0x36	306.0	-955.5	146.9	-7.07	30.10	-11.27	-0.07214	0.19409	-0.62109	0.75439
4217	IMU0	POSITION_0_EXTRA	0x32	-954.0	103.0	266.0	31.15	-5.53	-1.19	0.66260	-0.24976	0.56055	0.42871
4217	IMU1	PARENT_BOTTOM_FIXED	0x33	68.3	-932.6	411.9	0.91	31.01	-13.86	0.45728	-0.28760	0.45703	-0.70508
4217	IMU2	CHILD_TOP_MOVING	0x34	195.2	-982.3	-178.1	-9.31	26.32	-1.75	-0.27515	0.39429	-0.66016	0.57813
4217	IMU3	POSITION_3_EXTRA	0x35	302.1	-933.1	-259.6	-9.17	32.83	1.75	-0.22229	0.42725	-0.65479	0.58105
4217	IMU4	POSITION_4_EXTRA	0x36	306.0	-954.5	143.5	-7.77	34.23	-11.97	-0.06940	0.19324	-0.62158	0.75439
4225	IMU0	POSITION_0_EXTRA	0x32	-951.1	104.4	266.4	34.58	-6.65	-2.24	0.66357	-0.24817	0.56104	0.42725
4225	IMU1	PARENT_BOTTOM_FIXED	0x33	66.4	-930.6	410.4	0.77	34.44	-15.47	0.45532	-0.28662	0.45752	-0.70654
4225	IMU2	CHILD_TOP_MOVING	0x34	198.6	-981.4	-180.6	-10.15	30.73	-0.56	-0.27295	0.39355	-0.66064	0.57861
4225	IMU3	POSITION_3_EXTRA	0x35	301.1	-931.1	-257.7	-10.22	37.31	3.01	-0.21973	0.42603	-0.65576	0.58154
4225	IMU4	POSITION_4_EXTRA	0x36	306.0	-955.5	143.0	-8.61	38.36	-12.39	-0.06647	0.19214	-0.62158	0.75488
4234	IMU0	POSITION_0_EXTRA	0x32	-948.2	107.8	268.9	38.29	-7.42	-3.57	0.66504	-0.24634	0.56152	0.42554
4234	IMU1	PARENT_BOTTOM_FIXED	0x33	63.9	-928.7	409.4	0.84	37.73	-17.08	0.45288	-0.28564	0.45825	-0.70801
4234	IMU2	CHILD_TOP_MOVING	0x34	198.1	-979.4	-186.9	-11.48	36.33	0.56	-0.27051	0.39258	-0.66211	0.57959
4234	IMU3	POSITION_3_EXTRA	0x35	299.1	-930.1	-257.2	-11.76	42.07	4.48	-0.21704	0.42456	-0.65674	0.58252
4234	IMU4	POSITION_4_EXTRA	0x36	306.5	-954.5	143.5	-9.38	42.07	-12.81	-0.06335	0.19092	-0.62207	0.75488
4242	IMU0	POSITION_0_EXTRA	0x32	-947.7	105.9	268.4	42.28	-8.33	-4.76	0.66602	-0.24438	0.56201	0.42358
4242	IMU1	PARENT_BOTTOM_FIXED	0x33	62.0	-926.2	407.0	0.84	41.09	-18.55	0.45044	-0.28442	0.45898	-0.70947
4242	IMU2	CHILD_TOP_MOVING	0x34	197.2	-978.9	-189.3	-12.39	42.28	1.68	-0.26782	0.39136	-0.66309	0.58008
4242	IMU3	POSITION_3_EXTRA	0x35	297.2	-930.1	-257.7	-13.51	46.41	6.02	-0.21423	0.42285	-0.65820	0.58301
4242	IMU4	POSITION_4_EXTRA	0x36	306.5	-954.0	144.9	-10.08	46.13	-13.30	-0.06000	0.18945	-0.62256	0.75537
4250	IMU0	POSITION_0_EXTRA	0x32	-947.7	105.9	265.0	46.34	-9.17	-5.74	0.66797	-0.24231	0.56299	0.42139
4250	IMU1	PARENT_BOTTOM_FIXED	0x33	60.5	-925.7	406.0	0.84	44.24	-20.02	0.44775	-0.28320	0.45996	-0.71143
4250	IMU2	CHILD_TOP_MOVING	0x34	193.7	-977.0	-191.8	-12.81	48.44	2.80	-0.26465	0.38965	-0.66455	0.58105
4250	IMU3	POSITION_3_EXTRA	0x35	296.7	-930.1	-259.6	-15.19	50.54	7.56	-0.21106	0.42090	-0.65967	0.58398
4250	IMU4	POSITION_4_EXTRA	0x36	307.4	-955.5	141.5	-10.43	49.70	-13.65	-0.05646	0.18787	-0.62305	0.75537
4259	IMU0	POSITION_0_EXTRA	0x32	-949.2	106.9	261.6	49.77	-9.80	-6.93	0.66943	-0.23999	0.56348	0.41919
4259	IMU1	PARENT_BOTTOM_FIXED	0x33	58.1	-923.8	405.0	0.77	47.53	-21.49	0.44482	-0.28174	0.46094	-0.71289
4259	IMU2	CHILD_TOP_MOVING	0x34	188.9	-980.9	-196.2	-12.04	52.71	3.92	-0.26172	0.38770	-0.66602	0.58203
4259	IMU3	POSITION_3_EXTRA	0x35	295.2	-930.6	-262.1	-16.94	54.32	9.24	-0.20789	0.41870	-0.66162	0.58447
4259	IMU4	POSITION_4_EXTRA	0x36	309.4	-956.0	137.1	-10.85	53.27	-14.07	-0.05273	0.18604	-0.62402	0.75586
4267	IMU0	POSITION_0_EXTRA	0x32	-950.1	107.8	256.7	53.41	-10.36	-8.26	0.67090	-0.23755	0.56445	0.41675
4267	IMU1	PARENT_BOTTOM_FIXED	0x33	56.6	-923.8	404.1	0.98	50.54	-22.96	0.44189	-0.28027	0.46191	-0.71484
4267	IMU2	CHILD_TOP_MOVING	0x34	186.4	-979.9	-195.2	-11.06	55.02	5.11	-0.25854	0.38574	-0.66748	0.58301
4267	IMU3	POSITION_3_EXTRA	0x35	295.2	-931.6	-268.9	-18.20	57.61	10.78	-0.20459	0.41626	-0.66357	0.58545
4267	IMU4	POSITION_4_EXTRA	0x36	308.9	-956.0	136.2	-11.41	56.98	-14.42	-0.04883	0.18396	-0.62451	0.75586
4275	IMU0	POSITION_0_EXTRA	0x32	-949.2	110.3	256.7	56.77	-10.85	-9.24	0.67285	-0.23499	0.56543	0.41406
4275	IMU1	PARENT_BOTTOM_FIXED	0x33	55.6	-925.2	402.1	0.91	53.62	-24.29	0.43872	-0.27856	0.46289	-0.71680
4275	IMU2	CHILD_TOP_MOVING	0x34	187.4	-979.9	-197.6	-10.99	56.56	6.09	-0.25537	0.38354	-0.66895	0.58398
4275	IMU3	POSITION_3_EXTRA	0x35	291.3	-930.6	-271.8	-18.55	61.04	11.90	-0.20105	0.41382	-0.66553	0.58594
4275	IMU4	POSITION_4_EXTRA	0x36	307.4	-955.5	133.2	-12.25	60.83	-14.77	-0.04474	0.18176	-0.62500	0.75635
4284	IMU0	POSITION_0_EXTRA	0x32	-948.7	112.7	260.6	60.34	-11.06	-10.43	0.67480	-0.23230	0.56641	0.41113
4284	IMU1	PARENT_BOTTOM_FIXED	0x33	54.7	-925.7	399.7	0.91	56.63	-25.69	0.43530	-0.27661	0.46411	-0.71875
4284	IMU2	CHILD_TOP_MOVING	0x34	186.4	-977.5	-203.0	-11.27	57.89	7.07	-0.25220	0.38110	-0.67090	0.58496
4284	IMU3	POSITION_3_EXTRA	0x35	288.9	-929.2	-272.3	-18.55	64.05	12.88	-0.20105	0.41382	-0.66797	0.58691
4284	IMU4	POSITION_4_EXTRA	0x36	305.0	-954.5	132.2	-13.16	64.47	-15.19	-0.04047	0.17932	-0.62598	0.75635
4292	IMU0	POSITION_0_EXTRA	0x32	-947.7	112.7	260.6	64.26	-11.27	-11.62	0.67676	-0.22949	0.56738	0.40796
4292	IMU1	PARENT_BOTTOM_FIXED	0x33	52.7	-927.2	397.7	0.84	59.57	-27.09	0.43164	-0.27466	0.46533	-0.72119
4292	IMU2	CHILD_TOP_MOVING	0x34	186.9	-976.0	-201.1	-11.41	59.99	8.05	-0.24890	0.37866	-0.67236	0.58643
4292	IMU3	POSITION_3_EXTRA	0x35	286.9	-927.7	-274.7	-18.55	67.06	13.65	-0.19751	0.41089	-0.66797	0.58691
4292	IMU4	POSITION_4_EXTRA	0x36	302.1	-955.0	131.3	-14.00	68.18	-15.68	-0.03598	0.17676	-0.62646	0.75684
4300	IMU0	POSITION_0_EXTRA	0x32	-951.6	118.1	263.5	67.97	-12.88	-12.18	0.67920	-0.22632	0.56836	0.40479
4300	IMU1	PARENT_BOTTOM_FIXED	0x33	51.2	-926.7	396.7	0.70	62.58	-28.49	0.42798	-0.27271	0.46655	-0.72314
4300	IMU2	CHILD_TOP_MOVING	0x34	185.4	-975.5	-203.5	-11.41	63.21	8.96	-0.24561	0.37622	-0.67432	0.58740
4300	IMU3	POSITION_3_EXTRA	0x35	281.6	-927.2	-275.7	-18.97	70.56	14.70	-0.19385	0.40796	-0.66992	0.58740
4300	IMU4	POSITION_4_EXTRA	0x36	299.1	-955.0	127.4	-14.63	71.75	-16.10	-0.03134	0.17383	-0.62744	0.75684
4309	IMU0	POSITION_0_EXTRA	0x32	-945.7	115.7	267.9	71.47	-13.16	-12.95	0.68115	-0.22314	0.56934	0.40112
4309	IMU1	PARENT_BOTTOM_FIXED	0x33	49.3	-928.2	396.7	0.77	65.45	-29.82	0.42407	-0.27051	0.46777	-0.72559
4309	IMU2	CHILD_TOP_MOVING	0x34	183.5	-972.6	-206.9	-11.41	66.64	10.08	-0.24207	0.37329	-0.67627	0.58838
4309	IMU3	POSITION_3_EXTRA	0x35	276.7	-926.2	-277.7	-19.04	73.57	15.61	-0.19006	0.40479	-0.67236	0.58838
4309	IMU4	POSITION_4_EXTRA	0x36	295.2	-955.5	122.5	-14.84	75.18	-16.59	-0.02652	0.17090	-0.62842	0.75732
4317	IMU0	POSITION_0_EXTRA	0x32	-949.2	116.1	255.7	74.41	-13.16	-13.93	0.68359	-0.21973	0.57080	0.39771
4317	IMU1	PARENT_BOTTOM_FIXED	0x33	46.8	-931.1	394.3	0.84	68.25	-31.15	0.41992	-0.26831	0.46924	-0.72803
4317	IMU2	CHILD_TOP_MOVING	0x34	181.0	-970.1	-210.8	-12.11	70.77	10.78	-0.23840	0.37012	-0.67822	0.58984
4317	IMU3	POSITION_3_EXTRA	0x35	271.8	-926.2	-280.6	-19.46	76.72	16.45	-0.18628	0.40137	-0.67432	0.58936
4317	IMU4	POSITION_4_EXTRA	0x36	294.3	-957.0	122.0	-15.47	78.40	-16.87	-0.02155	0.16772	-0.62891	0.75732
4325	IMU0	POSITION_0_EXTRA	0x32	-952.1	115.7	247.9	77.63	-14.98	-14.42	0.68604	-0.21631	0.57178	0.39380
4325	IMU1	PARENT_BOTTOM_FIXED	0x33	44.4	-933.5	392.4	1.26	71.12	-32.41	0.41577	-0.26587	0.47070	-0.72998
4325	IMU2	CHILD_TOP_MOVING	0x34	176.7	-969.7	-215.2	-13.09	74.55	11.41	-0.23462	0.36694	-0.68018	0.59082
4325	IMU3	POSITION_3_EXTRA	0x35	269.4	-926.7	-282.6	-19.95	80.01	17.36	-0.18225	0.39795	-0.67676	0.59033
4325	IMU4	POSITION_4_EXTRA	0x36	291.8	-958.9	120.5	-16.38	81.41	-17.01	-0.01643	0.16431	-0.62988	0.75732
4334	IMU0	POSITION_0_EXTRA	0x32	-948.2	120.5	248.4	80.85	-15.68	-15.33	0.68848	-0.21252	0.57324	0.38989
4334	IMU1	PARENT_BOTTOM_FIXED	0x33	42.0	-934.5	391.9	1.33	74.06	-33.81	0.41138	-0.26343	0.47217	-0.73291
4334	IMU2	CHILD_TOP_MOVING	0x34	173.7	-970.1	-218.1	-13.44	78.12	12.18	-0.23010	0.36279	-0.68115	0.59082
4334	IMU3	POSITION_3_EXTRA	0x35	266.0	-928.2	-283.5	-21.28	84.00	18.62	-0.17810	0.39404	-0.67920	0.59131
4334	IMU4	POSITION_4_EXTRA	0x36	287.4	-959.9	116.1	-16.59	84.14	-17.36	-0.01119	0.16077	-0.63086	0.75781
4342	IMU0	POSITION_0_EXTRA	0x32	-949.6	126.4	251.3	83.79	-15.12	-16.52	0.69092	-0.20874	0.57422	0.38550
4342	IMU1	PARENT_BOTTOM_FIXED	0x33	37.6	-937.0	393.8	1.40	76.86	-35.00	0.40674	-0.26074	0.47388	-0.73535
4342	IMU2	CHILD_TOP_MOVING	0x34	169.3	-973.1	-220.6	-13.58	81.41	13.02	-0.22595	0.35889	-0.68311	0.59229
4342	IMU3	POSITION_3_EXTRA	0x35	261.1	-930.6	-284.5	-21.28	87.29	19.67	-0.17383	0.39014	-0.68213	0.59229
4342	IMU4	POSITION_4_EXTRA	0x36	286.0	-961.4	112.7	-17.43	87.08	-17.57	-0.00581	0.15710	-0.63184	0.75781
4350	IMU0	POSITION_0_EXTRA	0x32	-947.7	128.3	251.8	85.82	-15.40	-17.22	0.69336	-0.20483	0.57568	0.38135
4350	IMU1	PARENT_BOTTOM_FIXED	0x33	34.6	-938.9	392.8	1.89	79.45	-36.19	0.40186	-0.25781	0.47534	-0.73779
4350	IMU2	CHILD_TOP_MOVING	0x34	164.0	-972.6	-223.5	-13.37	82.95	13.72	-0.22192	0.35522	-0.68555	0.59375
4350	IMU3	POSITION_3_EXTRA	0x35	261.1	-932.6	-287.4	-22.19	87.29	19.67	-0.16943	0.38574	-0.68457	0.59326
4350	IMU4	POSITION_4_EXTRA	0x36	284.0	-963.8	112.2	-18.13	89.95	-17.64	-0.00030	0.15320	-0.63281	0.75781
4359	IMU0	POSITION_0_EXTRA	0x32	-948.7	130.3	251.8	88.27	-15.89	-18.06	0.69580	-0.20081	0.57715	0.37695
4359	IMU1	PARENT_BOTTOM_FIXED	0x33	28.8	-940.9	393.3	1.96	81.90	-37.38	0.39697	-0.25488	0.47705	-0.74023
4359	IMU2	CHILD_TOP_MOVING	0x34	163.0	-971.6	-227.9	-14.70	85.05	14.28	-0.21765	0.35132	-0.68799	0.59473
4359	IMU3	POSITION_3_EXTRA	0x35	255.7	-932.6	-287.4	-22.19	89.46	20.37	-0.16504	0.38135	-0.68750	0.59424
4359	IMU4	POSITION_4_EXTRA	0x36	280.1	-967.2	109.8	-18.41	92.47	-17.85	0.00531	0.14917	-0.63379	0.75781
4367	IMU0	POSITION_0_EXTRA	0x32	-949.2	131.8	247.4	90.72	-16.66	-18.90	0.69824	-0.19666	0.57861	0.37231
4367	IMU1	PARENT_BOTTOM_FIXED	0x33	24.9	-941.4	392.8	2.31	84.35	-38.50	0.39209	-0.25171	0.47876	-0.74316
4367	IMU2	CHILD_TOP_MOVING	0x34	158.1	-974.5	-235.2	-15.47	88.41	15.05	-0.21326	0.34717	-0.69043	0.59570
4367	IMU3	POSITION_3_EXTRA	0x35	250.8	-934.5	-291.8	-21.35	91.70	20.79	-0.16052	0.37671	-0.68994	0.59521
4367	IMU4	POSITION_4_EXTRA	0x36	275.7	-969.7	106.9	-18.76	94.92	-17.92	0.01103	0.14502	-0.63477	0.75781
4375	IMU0	POSITION_0_EXTRA	0x32	-950.6	131.8	240.1	93.10	-17.08	-19.88	0.70068	-0.19250	0.57959	0.36743
4375	IMU1	PARENT_BOTTOM_FIXED	0x33	20.5	-942.3	395.3	2.52	86.59	-39.62	0.38696	-0.24866	0.48022	-0.74609
4375	IMU2	CHILD_TOP_MOVING	0x34	151.8	-975.0	-237.7	-15.75	91.84	15.89	-0.20874	0.34277	-0.69287	0.59717
4375	IMU3	POSITION_3_EXTRA	0x35	245.5	-937.0	-291.3	-20.72	93.80	21.14	-0.15588	0.37207	-0.69287	0.59668
4375	IMU4	POSITION_4_EXTRA	0x36	272.3	-974.5	104.9	-19.04	97.65	-17.92	0.01685	0.14063	-0.63574	0.75781
4384	IMU0	POSITION_0_EXTRA	0x32	-950.6	134.2	235.2	95.48	-17.71	-20.86	0.70361	-0.18811	0.58105	0.36255
4384	IMU1	PARENT_BOTTOM_FIXED	0x33	14.6	-942.8	396.3	3.01	88.76	-40.74	0.38159	-0.24524	0.48193	-0.74854
4384	IMU2	CHILD_TOP_MOVING	0x34	145.4	-978.4	-241.1	-16.24	95.55	16.80	-0.20410	0.33813	-0.69580	0.59814
4384	IMU3	POSITION_3_EXTRA	0x35	241.6	-939.9	-293.8	-20.58	95.97	21.63	-0.15137	0.36719	-0.69580	0.59766
4384	IMU4	POSITION_4_EXTRA	0x36	268.9	-978.0	102.0	-19.46	99.89	-17.99	0.02277	0.13611	-0.63672	0.75732
4392	IMU0	POSITION_0_EXTRA	0x32	-950.1	136.6	237.7	97.51	-18.06	-21.77	0.70605	-0.18372	0.58252	0.35742
4392	IMU1	PARENT_BOTTOM_FIXED	0x33	8.8	-942.3	395.8	3.36	90.72	-41.86	0.37622	-0.24182	0.48364	-0.75146
4392	IMU2	CHILD_TOP_MOVING	0x34	141.5	-980.9	-246.0	-16.52	98.49	17.57	-0.19934	0.33325	-0.69824	0.59961
4392	IMU3	POSITION_3_EXTRA	0x35	237.2	-941.8	-296.2	-20.93	97.86	22.47	-0.14661	0.36206	-0.69824	0.59863
4392	IMU4	POSITION_4_EXTRA	0x36	267.4	-978.4	98.6	-19.95	101.99	-17.99	0.02876	0.13135	-0.63770	0.75732
4400	IMU0	POSITION_0_EXTRA	0x32	-950.6	137.6	242.0	99.47	-18.55	-22.47	0.70898	-0.17920	0.58398	0.35229
4400	IMU1	PARENT_BOTTOM_FIXED	0x33	3.9	-942.3	396.7	3.85	92.75	-42.91	0.37061	-0.23828	0.48535	-0.75439
4400	IMU2	CHILD_TOP_MOVING	0x34	138.6	-982.8	-249.9	-15.96	100.59	18.34	-0.19458	0.32837	-0.70117	0.60059
4400	IMU3	POSITION_3_EXTRA	0x35	233.8	-944.8	-297.7	-21.42	99.61	23.38	-0.14185	0.35693	-0.70117	0.59961
4400	IMU4	POSITION_4_EXTRA	0x36	264.0	-979.9	98.1	-20.58	104.23	-17.99	0.03485	0.12659	-0.63867	0.75732
4409	IMU0	POSITION_0_EXTRA	0x32	-951.6	141.0	243.0	101.85	-19.18	-23.17	0.71143	-0.17444	0.58545	0.34692
4409	IMU1	PARENT_BOTTOM_FIXED	0x33	-1.5	-940.9	396.3	4.13	94.57	-43.82	0.36499	-0.23462	0.48706	-0.75732
4409	IMU2	CHILD_TOP_MOVING	0x34	133.2	-984.3	-252.3	-14.77	102.34	19.11	-0.18970	0.32324	-0.70361	0.60205
4409	IMU3	POSITION_3_EXTRA	0x35	230.3	-945.3	-300.6	-21.98	101.43	24.22	-0.13708	0.35156	-0.70410	0.60059
4409	IMU4	POSITION_4_EXTRA	0x36	261.6	-980.9	95.6	-20.72	106.40	-17.99	0.04102	0.12164	-0.63965	0.75684
4417	IMU0	POSITION_0_EXTRA	0x32	-952.1	140.5	241.1	103.67	-19.88	-23.66	0.71436	-0.16968	0.58643	0.34155
4417	IMU1	PARENT_BOTTOM_FIXED	0x33	-5.4	-940.4	396.3	4.48	96.32	-44.66	0.35938	-0.23083	0.48853	-0.76025
4417	IMU2	CHILD_TOP_MOVING	0x34	129.8	-984.8	-256.2	-13.16	104.02	19.88	-0.18481	0.31787	-0.70654	0.60303
4417	IMU3	POSITION_3_EXTRA	0x35	226.4	-945.3	-304.0	-22.89	103.81	25.27	-0.13220	0.34595	-0.70703	0.60156
4417	IMU4	POSITION_4_EXTRA	0x36	258.2	-982.8	94.7	-20.93	108.36	-18.06	0.04727	0.11658	-0.64063	0.75635
4425	IMU0	POSITION_0_EXTRA	0x32	-950.6	140.1	234.2	105.63	-20.65	-24.29	0.71729	-0.16492	0.58789	0.33594
4425	IMU1	PARENT_BOTTOM_FIXED	0x33	-10.2	-938.9	396.3	4.69	97.79	-45.50	0.35352	-0.22693	0.49023	-0.76270
4425	IMU2	CHILD_TOP_MOVING	0x34	125.9	-983.3	-256.2	-11.97	105.28	20.65	-0.18005	0.31250	-0.70898	0.60449
4425	IMU3	POSITION_3_EXTRA	0x35	222.5	-945.7	-307.0	-23.87	106.68	26.53	-0.12720	0.34033	-0.70996	0.60254
4425	IMU4	POSITION_4_EXTRA	0x36	255.2	-983.3	91.3	-21.07	110.11	-18.13	0.05362	0.11139	-0.64160	0.75635
4434	IMU0	POSITION_0_EXTRA	0x32	-951.1	140.5	228.4	107.59	-21.00	-24.99	0.71973	-0.15991	0.58936	0.33008
4434	IMU1	PARENT_BOTTOM_FIXED	0x33	-15.6	-936.5	396.7	4.90	99.33	-46.13	0.34741	-0.22290	0.49194	-0.76563
4434	IMU2	CHILD_TOP_MOVING	0x34	124.0	-981.4	-257.2	-11.62	106.75	21.42	-0.17517	0.30688	-0.71143	0.60596
4434	IMU3	POSITION_3_EXTRA	0x35	218.6	-946.2	-307.4	-24.50	109.06	27.58	-0.12213	0.33423	-0.71289	0.60352
4434	IMU4	POSITION_4_EXTRA	0x36	251.8	-982.8	89.3	-21.28	111.86	-18.06	0.06000	0.10608	-0.64258	0.75586
4442	IMU0	POSITION_0_EXTRA	0x32	-950.6	141.0	225.0	108.99	-21.28	-25.55	0.72266	-0.15491	0.59033	0.32422
4442	IMU1	PARENT_BOTTOM_FIXED	0x33	-19.5	-936.5	396.3	5.18	100.73	-46.62	0.34155	-0.21887	0.49365	-0.76855
4442	IMU2	CHILD_TOP_MOVING	0x34	119.6	-980.4	-260.6	-11.55	108.01	21.98	-0.17029	0.30127	-0.71387	0.60693
4442	IMU3	POSITION_3_EXTRA	0x35	214.2	-945.7	-309.4	-24.50	111.37	28.35	-0.11694	0.32813	-0.71582	0.60449
4442	IMU4	POSITION_4_EXTRA	0x36	248.9	-983.3	87.4	-21.49	113.61	-18.13	0.06647	0.10065	-0.64307	0.75537
4450	IMU0	POSITION_0_EXTRA	0x32	-948.2	143.0	222.0	110.67	-21.21	-26.39	0.72510	-0.14990	0.59180	0.31836
4450	IMU1	PARENT_BOTTOM_FIXED	0x33	-24.9	-934.5	398.2	5.32	101.92	-46.97	0.33545	-0.21460	0.49512	-0.77148
4450	IMU2	CHILD_TOP_MOVING	0x34	117.1	-978.9	-262.1	-11.48	108.92	22.61	-0.16528	0.29541	-0.71680	0.60840
4450	IMU3	POSITION_3_EXTRA	0x35	210.3	-945.7	-308.9	-24.15	113.33	28.98	-0.11169	0.32202	-0.71875	0.60498
4450	IMU4	POSITION_4_EXTRA	0x36	245.5	-983.8	84.4	-21.77	114.94	-18.13	0.07294	0.09509	-0.64404	0.75488
4459	IMU0	POSITION_0_EXTRA	0x32	-949.2	145.4	222.5	111.72	-20.79	-27.09	0.72803	-0.14478	0.59326	0.31226
4459	IMU1	PARENT_BOTTOM_FIXED	0x33	-28.8	-932.1	399.2	5.60	102.97	-47.32	0.32935	-0.21033	0.49683	-0.77441
4459	IMU2	CHILD_TOP_MOVING	0x34	112.7	-977.5	-263.0	-11.69	109.69	23.17	-0.16040	0.28955	-0.71924	0.60938
4459	IMU3	POSITION_3_EXTRA	0x35	207.9	-945.7	-307.0	-23.66	114.24	29.47	-0.10651	0.31567	-0.72168	0.60596
4459	IMU4	POSITION_4_EXTRA	0x36	242.0	-983.8	81.5	-22.05	116.13	-18.06	0.07947	0.08948	-0.64502	0.75391
4467	IMU0	POSITION_0_EXTRA	0x32	-947.7	147.9	223.0	112.98	-20.51	-27.86	0.73047	-0.13965	0.59424	0.30591
4467	IMU1	PARENT_BOTTOM_FIXED	0x33	-34.2	-930.1	399.7	5.74	103.88	-47.53	0.32300	-0.20605	0.49854	-0.77734
4467	IMU2	CHILD_TOP_MOVING	0x34	108.3	-976.5	-265.0	-12.11	109.69	23.73	-0.15540	0.28369	-0.72168	0.61084
4467	IMU3	POSITION_3_EXTRA	0x35	204.0	-946.2	-306.0	-23.10	114.52	29.82	-0.10126	0.30908	-0.72461	0.60693
4467	IMU4	POSITION_4_EXTRA	0x36	237.7	-984.3	79.5	-22.26	117.53	-18.06	0.08606	0.08380	-0.64551	0.75342
4475	IMU0	POSITION_0_EXTRA	0x32	-947.7	151.3	221.6	114.24	-20.02	-28.56	0.73291	-0.13440	0.59570	0.29980
4475	IMU1	PARENT_BOTTOM_FIXED	0x33	-39.0	-930.1	398.7	5.81	104.72	-47.67	0.31689	-0.20154	0.50000	-0.77979
4475	IMU2	CHILD_TOP_MOVING	0x34	103.0	-976.5	-266.9	-12.32	109.48	24.22	-0.15051	0.27759	-0.72412	0.61182
4475	IMU3	POSITION_3_EXTRA	0x35	198.1	-946.7	-306.0	-22.26	114.45	30.03	-0.09613	0.30249	-0.72754	0.60791
4475	IMU4	POSITION_4_EXTRA	0x36	232.3	-986.2	79.5	-22.68	119.00	-17.99	0.09265	0.07794	-0.64648	0.75244
4484	IMU0	POSITION_0_EXTRA	0x32	-948.2	153.7	219.6	115.43	-19.88	-29.12	0.73535	-0.12915	0.59717	0.29321
4484	IMU1	PARENT_BOTTOM_FIXED	0x33	-44.4	-928.2	400.2	5.88	105.28	-47.74	0.31055	-0.19702	0.50146	-0.78271
4484	IMU2	CHILD_TOP_MOVING	0x34	98.1	-977.5	-266.4	-12.53	109.27	24.78	-0.14575	0.27148	-0.72656	0.61279
4484	IMU3	POSITION_3_EXTRA	0x35	192.8	-948.2	-308.4	-21.35	114.31	30.24	-0.09100	0.29614	-0.72998	0.60889
4484	IMU4	POSITION_4_EXTRA	0x36	227.9	-988.7	79.5	-22.89	119.98	-17.85	0.09930	0.07202	-0.64697	0.75195
4492	IMU0	POSITION_0_EXTRA	0x32	-950.1	157.1	220.1	116.41	-20.09	-29.47	0.73828	-0.12384	0.59814	0.28687
4492	IMU1	PARENT_BOTTOM_FIXED	0x33	-48.8	-928.2	400.6	5.95	105.77	-47.74	0.30420	-0.19250	0.50293	-0.78516
4492	IMU2	CHILD_TOP_MOVING	0x34	90.8	-979.9	-267.9	-12.67	109.06	25.27	-0.14087	0.26538	-0.72900	0.61377
4492	IMU3	POSITION_3_EXTRA	0x35	186.4	-949.6	-309.4	-20.51	114.24	30.45	-0.08594	0.28931	-0.73291	0.60938
4492	IMU4	POSITION_4_EXTRA	0x36	223.0	-989.7	80.0	-22.82	120.82	-17.71	0.10596	0.06604	-0.64795	0.75098
4500	IMU0	POSITION_0_EXTRA	0x32	-952.1	158.6	220.6	117.39	-20.37	-29.75	0.74072	-0.11847	0.59961	0.28027
4500	IMU1	PARENT_BOTTOM_FIXED	0x33	-54.7	-926.2	403.1	6.02	106.19	-47.74	0.29785	-0.18787	0.50488	-0.78809
4500	IMU2	CHILD_TOP_MOVING	0x34	84.4	-979.4	-268.4	-12.11	108.85	25.90	-0.13623	0.25928	-0.73145	0.61426
4500	IMU3	POSITION_3_EXTRA	0x35	181.5	-950.6	-309.4	-19.81	114.52	30.73	-0.08093	0.28271	-0.73535	0.61035
4500	IMU4	POSITION_4_EXTRA	0x36	217.2	-989.7	80.0	-22.68	121.38	-17.64	0.11255	0.05997	-0.64844	0.75000
4509	IMU0	POSITION_0_EXTRA	0x32	-953.6	163.0	219.1	117.67	-20.86	-29.89	0.74268	-0.11304	0.60059	0.27368
4509	IMU1	PARENT_BOTTOM_FIXED	0x33	-58.6	-926.2	401.6	6.23	106.26	-47.60	0.29150	-0.18323	0.50635	-0.79053
4509	IMU2	CHILD_TOP_MOVING	0x34	79.1	-979.9	-267.9	-11.41	109.13	26.53	-0.13147	0.25293	-0.73389	0.61523
4509	IMU3	POSITION_3_EXTRA	0x35	174.7	-950.6	-308.9	-19.11	115.22	31.15	-0.07593	0.27588	-0.73779	0.61133
4509	IMU4	POSITION_4_EXTRA	0x36	212.8	-989.7	81.0	-22.61	121.87	-17.50	0.11920	0.05383	-0.64893	0.74902
4517	IMU0	POSITION_0_EXTRA	0x32	-955.5	164.9	216.2	118.09	-21.07	-30.24	0.74512	-0.10754	0.60205	0.26709
4517	IMU1	PARENT_BOTTOM_FIXED	0x33	-61.5	-926.7	404.1	6.44	106.47	-47.60	0.28516	-0.17847	0.50732	-0.79297
4517	IMU2	CHILD_TOP_MOVING	0x34	75.2	-980.9	-267.4	-10.01	109.76	27.09	-0.12683	0.24670	-0.73633	0.61621
4517	IMU3	POSITION_3_EXTRA	0x35	169.3	-951.1	-307.4	-18.69	116.13	31.57	-0.07092	0.26904	-0.74023	0.61182
4517	IMU4	POSITION_4_EXTRA	0x36	207.4	-990.2	81.0	-22.47	122.36	-17.22	0.12585	0.04767	-0.64941	0.74805
4525	IMU0	POSITION_0_EXTRA	0x32	-954.5	165.9	211.8	118.02	-21.28	-30.45	0.74756	-0.10211	0.60303	0.26025
4525	IMU1	PARENT_BOTTOM_FIXED	0x33	-64.9	-927.2	403.1	6.79	106.61	-47.60	0.27881	-0.17371	0.50879	-0.79541
4525	IMU2	CHILD_TOP_MOVING	0x34	68.8	-980.4	-266.4	-8.54	110.32	27.72	-0.12225	0.24023	-0.73828	0.61719
4525	IMU3	POSITION_3_EXTRA	0x35	164.9	-952.6	-305.5	-18.48	117.18	32.06	-0.06586	0.26196	-0.74268	0.61279
4525	IMU4	POSITION_4_EXTRA	0x36	202.0	-991.6	82.0	-22.19	122.64	-17.01	0.13232	0.04141	-0.64990	0.74707
4534	IMU0	POSITION_0_EXTRA	0x32	-953.1	169.8	207.9	117.53	-21.00	-30.80	0.74951	-0.09668	0.60400	0.25366
4534	IMU1	PARENT_BOTTOM_FIXED	0x33	-67.3	-926.7	404.1	7.14	106.54	-47.60	0.27246	-0.16895	0.51025	-0.79785
4534	IMU2	CHILD_TOP_MOVING	0x34	63.9	-981.4	-265.5	-7.21	110.74	28.35	-0.11761	0.23364	-0.74023	0.61816
4534	IMU3	POSITION_3_EXTRA	0x35	158.6	-954.5	-304.5	-18.55	118.37	32.69	-0.06082	0.25488	-0.74463	0.61377
4534	IMU4	POSITION_4_EXTRA	0x36	198.6	-992.6	81.0	-21.91	122.64	-16.80	0.13892	0.03516	-0.64990	0.74609
4542	IMU0	POSITION_0_EXTRA	0x32	-952.6	170.3	205.4	117.11	-20.30	-31.22	0.75195	-0.09131	0.60498	0.24695
4542	IMU1	PARENT_BOTTOM_FIXED	0x33	-70.8	-926.2	403.6	7.42	106.33	-47.53	0.26611	-0.16418	0.51172	-0.80029
4542	IMU2	CHILD_TOP_MOVING	0x34	58.6	-981.4	-266.4	-5.81	111.09	28.77	-0.11310	0.22693	-0.74219	0.61914
4542	IMU3	POSITION_3_EXTRA	0x35	155.2	-955.5	-302.1	-18.76	119.14	33.25	-0.05576	0.24768	-0.74707	0.61426
4542	IMU4	POSITION_4_EXTRA	0x36	192.3	-993.6	81.0	-21.56	122.43	-16.59	0.14539	0.02888	-0.65039	0.74463
4550	IMU0	POSITION_0_EXTRA	0x32	-951.6	174.7	203.0	116.48	-20.02	-31.43	0.75391	-0.08588	0.60645	0.24023
4550	IMU1	PARENT_BOTTOM_FIXED	0x33	-74.2	-925.2	402.1	7.77	106.12	-47.46	0.25977	-0.15930	0.51270	-0.80225
4550	IMU2	CHILD_TOP_MOVING	0x34	53.7	-983.8	-264.0	-4.27	111.16	29.26	-0.10858	0.22021	-0.74414	0.62012
4550	IMU3	POSITION_3_EXTRA	0x35	151.3	-957.5	-296.2	-18.76	119.70	33.67	-0.05066	0.24036	-0.74951	0.61475
4550	IMU4	POSITION_4_EXTRA	0x36	187.9	-992.6	84.4	-21.21	122.15	-16.31	0.15186	0.02258	-0.65039	0.74365
4559	IMU0	POSITION_0_EXTRA	0x32	-950.6	175.7	204.5	116.06	-19.81	-31.71	0.75586	-0.08057	0.60742	0.23352
4559	IMU1	PARENT_BOTTOM_FIXED	0x33	-76.1	-924.8	400.2	7.98	105.77	-47.39	0.25342	-0.15454	0.51416	-0.80469
4559	IMU2	CHILD_TOP_MOVING	0x34	52.2	-981.4	-262.5	-2.80	111.16	29.61	-0.10413	0.21350	-0.74609	0.62158
4559	IMU3	POSITION_3_EXTRA	0x35	147.4	-957.0	-292.3	-18.55	119.91	34.02	-0.04562	0.23303	-0.75146	0.61572
4559	IMU4	POSITION_4_EXTRA	0x36	182.0	-991.1	88.3	-21.00	121.87	-16.10	0.15820	0.01628	-0.65039	0.74268
4567	IMU0	POSITION_0_EXTRA	0x32	-948.7	175.7	204.0	115.36	-19.67	-31.85	0.75781	-0.07526	0.60791	0.22681
4567	IMU1	PARENT_BOTTOM_FIXED	0x33	-77.6	-924.8	400.2	8.33	105.35	-47.11	0.24707	-0.14978	0.51514	-0.80713
4567	IMU2	CHILD_TOP_MOVING	0x34	47.8	-980.9	-259.6	-1.19	110.88	29.82	-0.09973	0.20667	-0.74756	0.62256
4567	IMU3	POSITION_3_EXTRA	0x35	144.4	-957.5	-286.5	-18.34	119.56	34.09	-0.04059	0.22559	-0.75342	0.61621
4567	IMU4	POSITION_4_EXTRA	0x36	174.7	-989.7	88.8	-20.79	121.24	-15.82	0.16455	0.00995	-0.65039	0.74121
4575	IMU0	POSITION_0_EXTRA	0x32	-948.7	176.7	203.5	114.10	-19.46	-31.85	0.75977	-0.07001	0.60889	0.22009
4575	IMU1	PARENT_BOTTOM_FIXED	0x33	-80.0	-923.8	400.2	8.54	104.72	-46.83	0.24072	-0.14490	0.51611	-0.80908
4575	IMU2	CHILD_TOP_MOVING	0x34	43.4	-978.0	-255.2	-0.28	110.04	30.10	-0.09540	0.19983	-0.74902	0.62354
4575	IMU3	POSITION_3_EXTRA	0x35	140.1	-957.5	-280.6	-18.27	119.63	34.09	-0.03558	0.21814	-0.75537	0.61719
4575	IMU4	POSITION_4_EXTRA	0x36	170.3	-989.2	92.2	-20.44	120.26	-15.54	0.17078	0.00366	-0.65039	0.73975
4584	IMU0	POSITION_0_EXTRA	0x32	-949.6	175.2	201.1	113.12	-19.46	-31.85	0.76123	-0.06482	0.60986	0.21338
4584	IMU1	PARENT_BOTTOM_FIXED	0x33	-81.0	-923.3	402.1	8.61	104.02	-46.48	0.23450	-0.14014	0.51709	-0.81104
4584	IMU2	CHILD_TOP_MOVING	0x34	40.5	-977.0	-251.3	0.14	109.27	30.31	-0.09113	0.19312	-0.75049	0.62500
4584	IMU3	POSITION_3_EXTRA	0x35	136.2	-957.5	-278.2	-17.99	119.00	33.95	-0.03059	0.21069	-0.75732	0.61768
4584	IMU4	POSITION_4_EXTRA	0x36	166.9	-985.8	94.7	-20.09	119.21	-15.26	0.17688	-0.00259	-0.65039	0.73877
4592	IMU0	POSITION_0_EXTRA	0x32	-949.6	175.2	198.1	111.79	-19.60	-31.85	0.76318	-0.05969	0.61035	0.20679
4592	IMU1	PARENT_BOTTOM_FIXED	0x33	-83.9	-922.8	402.1	8.54	103.32	-46.06	0.22815	-0.13538	0.51855	-0.81299
4592	IMU2	CHILD_TOP_MOVING	0x34	43.9	-977.0	-256.2	2.38	111.72	30.73	-0.08667	0.18616	-0.75195	0.62598
4592	IMU3	POSITION_3_EXTRA	0x35	132.2	-956.5	-272.3	-17.71	118.02	33.67	-0.02568	0.20337	-0.75928	0.61816
4592	IMU4	POSITION_4_EXTRA	0x36	163.5	-985.3	95.6	-19.88	118.02	-14.91	0.18286	-0.00880	-0.65039	0.73730
4600	IMU0	POSITION_0_EXTRA	0x32	-949.6	176.2	198.1	110.46	-19.53	-31.85	0.76465	-0.05463	0.61133	0.20020
4600	IMU1	PARENT_BOTTOM_FIXED	0x33	-85.9	-922.8	402.1	8.61	102.34	-45.57	0.22205	-0.13062	0.51904	-0.81494
4600	IMU2	CHILD_TOP_MOVING	0x34	42.5	-968.7	-237.2	-1.75	118.93	31.01	-0.08185	0.17883	-0.75342	0.62695
4600	IMU3	POSITION_3_EXTRA	0x35	128.3	-953.6	-265.0	-17.29	116.27	33.18	-0.02084	0.19604	-0.76074	0.61865
4600	IMU4	POSITION_4_EXTRA	0x36	159.1	-982.3	97.6	-19.74	116.76	-14.49	0.18884	-0.01498	-0.64990	0.73584
4609	IMU0	POSITION_0_EXTRA	0x32	-949.2	176.7	197.2	109.20	-19.53	-31.71	0.76611	-0.04962	0.61182	0.19373
4609	IMU1	PARENT_BOTTOM_FIXED	0x33	-88.3	-921.8	402.6	8.75	101.15	-45.01	0.21582	-0.12585	0.52002	-0.81689
4609	IMU2	CHILD_TOP_MOVING	0x34	32.7	-973.6	-233.8	1.19	126.56	32.13	-0.07672	0.17102	-0.75439	0.62842
4609	IMU3	POSITION_3_EXTRA	0x35	128.3	-957.0	-265.5	-16.80	114.73	32.76	-0.01608	0.18872	-0.76270	0.61914
4609	IMU4	POSITION_4_EXTRA	0x36	155.7	-981.9	102.5	-19.25	115.36	-14.14	0.19470	-0.02110	-0.64990	0.73486
4617	IMU0	POSITION_0_EXTRA	0x32	-948.7	177.1	198.6	108.08	-19.74	-31.78	0.76758	-0.04468	0.61230	0.18726
4617	IMU1	PARENT_BOTTOM_FIXED	0x33	-88.8	-920.9	401.1	9.17	100.03	-44.59	0.20984	-0.12115	0.52100	-0.81885
4617	IMU2	CHILD_TOP_MOVING	0x34	23.9	-975.5	-234.2	3.15	124.04	32.20	-0.07178	0.16333	-0.75586	0.62988
4617	IMU3	POSITION_3_EXTRA	0x35	121.0	-956.0	-260.6	-15.61	113.12	32.06	-0.01142	0.18152	-0.76416	0.61963
4617	IMU4	POSITION_4_EXTRA	0x36	152.3	-982.8	105.9	-19.18	114.10	-13.58	0.20044	-0.02719	-0.64941	0.73340
4625	IMU0	POSITION_0_EXTRA	0x32	-950.1	180.1	197.6	106.75	-19.67	-31.78	0.76758	-0.03979	0.61279	0.18079
4625	IMU1	PARENT_BOTTOM_FIXED	0x33	-90.8	-920.4	403.6	9.17	98.84	-44.17	0.20374	-0.11652	0.52197	-0.82031
4625	IMU2	CHILD_TOP_MOVING	0x34	18.5	-972.6	-232.3	0.28	122.50	31.29	-0.06683	0.15576	-0.75684	0.63086
4625	IMU3	POSITION_3_EXTRA	0x35	117.6	-958.4	-256.7	-14.63	110.88	31.36	-0.00687	0.17456	-0.76514	0.62012
4625	IMU4	POSITION_4_EXTRA	0x36	150.3	-981.4	108.8	-18.97	112.42	-13.09	0.20605	-0.03320	-0.64893	0.73193
4634	IMU0	POSITION_0_EXTRA	0x32	-949.2	182.0	200.6	105.07	-19.81	-31.57	0.76904	-0.03979	0.61279	0.17444
4634	IMU1	PARENT_BOTTOM_FIXED	0x33	-91.3	-917.9	401.6	9.24	97.79	-43.68	0.19775	-0.11188	0.52246	-0.82227
4634	IMU2	CHILD_TOP_MOVING	0x34	5.4	-975.0	-227.4	-1.19	114.73	30.38	-0.06235	0.14844	-0.75830	0.63184
4634	IMU3	POSITION_3_EXTRA	0x35	114.7	-957.0	-256.7	-13.93	108.85	30.73	-0.00241	0.16760	-0.76660	0.62061
4634	IMU4	POSITION_4_EXTRA	0x36	146.9	-981.4	109.8	-18.69	110.81	-12.46	0.21155	-0.03918	-0.64893	0.73047
4642	IMU0	POSITION_0_EXTRA	0x32	-948.2	184.0	198.6	103.67	-19.67	-31.50	0.77051	-0.03497	0.61328	0.17444
4642	IMU1	PARENT_BOTTOM_FIXED	0x33	-95.2	-919.4	402.6	9.03	96.81	-43.19	0.19189	-0.10730	0.52344	-0.82373
4642	IMU2	CHILD_TOP_MOVING	0x34	3.9	-975.0	-231.8	0.84	108.22	30.03	-0.05817	0.14148	-0.75928	0.63281
4642	IMU3	POSITION_3_EXTRA	0x35	112.2	-959.4	-250.8	-13.51	107.45	30.24	0.00197	0.16064	-0.76758	0.62109
4642	IMU4	POSITION_4_EXTRA	0x36	143.0	-981.9	112.7	-18.48	109.20	-11.90	0.21692	-0.04507	-0.64844	0.72900
4650	IMU0	POSITION_0_EXTRA	0x32	-948.2	185.9	199.1	101.71	-19.60	-31.15	0.77197	-0.03021	0.61377	0.16821
4650	IMU1	PARENT_BOTTOM_FIXED	0x33	-97.1	-917.9	403.6	9.38	95.41	-42.70	0.18604	-0.10278	0.52393	-0.82520
4650	IMU2	CHILD_TOP_MOVING	0x34	1.5	-970.6	-229.4	-0.70	101.85	29.40	-0.05432	0.13489	-0.76025	0.63330
4650	IMU3	POSITION_3_EXTRA	0x35	109.8	-960.9	-244.0	-12.67	104.86	29.61	0.00623	0.15393	-0.76904	0.62158
4650	IMU4	POSITION_4_EXTRA	0x36	140.1	-982.3	115.2	-18.34	107.10	-11.27	0.22217	-0.05090	-0.64795	0.72754
4659	IMU0	POSITION_0_EXTRA	0x32	-948.2	185.4	199.1	100.17	-19.53	-31.01	0.77295	-0.02553	0.61426	0.16199
4659	IMU1	PARENT_BOTTOM_FIXED	0x33	-97.1	-916.5	405.5	9.38	93.66	-42.21	0.18030	-0.09833	0.52441	-0.82666
4659	IMU2	CHILD_TOP_MOVING	0x34	-2.0	-978.9	-227.9	-0.35	99.40	29.05	-0.05060	0.12842	-0.76123	0.63379
4659	IMU3	POSITION_3_EXTRA	0x35	107.8	-964.3	-243.0	-11.76	102.41	29.12	0.01037	0.14722	-0.76953	0.62207
4659	IMU4	POSITION_4_EXTRA	0x36	137.1	-983.8	116.1	-17.92	105.14	-10.85	0.22729	-0.05664	-0.64697	0.72607
4667	IMU0	POSITION_0_EXTRA	0x32	-949.2	185.4	197.2	98.21	-19.04	-30.73	0.77441	-0.02094	0.61426	0.15588
4667	IMU1	PARENT_BOTTOM_FIXED	0x33	-97.1	-915.0	404.6	8.96	92.19	-41.65	0.17456	-0.09393	0.52490	-0.82812
4667	IMU2	CHILD_TOP_MOVING	0x34	-4.4	-977.0	-220.1	0.28	94.50	28.91	-0.04712	0.12207	-0.76172	0.63477
4667	IMU3	POSITION_3_EXTRA	0x35	106.4	-965.8	-238.6	-10.29	99.47	28.28	0.01436	0.14087	-0.77051	0.62256
4667	IMU4	POSITION_4_EXTRA	0x36	133.2	-984.8	118.6	-17.57	103.04	-10.29	0.23218	-0.06232	-0.64648	0.72461
4675	IMU0	POSITION_0_EXTRA	0x32	-949.6	184.5	194.2	96.04	-18.83	-30.38	0.77539	-0.01643	0.61475	0.14990
4675	IMU1	PARENT_BOTTOM_FIXED	0x33	-99.1	-914.5	408.5	8.68	90.79	-41.09	0.16895	-0.08960	0.52588	-0.82959
4675	IMU2	CHILD_TOP_MOVING	0x34	-1.5	-978.4	-222.5	0.21	92.12	28.49	-0.04376	0.11591	-0.76270	0.63525
4675	IMU3	POSITION_3_EXTRA	0x35	105.9	-966.7	-238.1	-9.10	96.46	27.58	0.01820	0.13452	-0.77148	0.62256
4675	IMU4	POSITION_4_EXTRA	0x36	130.3	-983.3	123.0	-17.08	100.59	-9.80	0.23706	-0.06787	-0.64600	0.72314
4684	IMU0	POSITION_0_EXTRA	0x32	-951.6	186.9	193.2	93.94	-18.62	-30.10	0.77637	-0.01205	0.61475	0.14404
4684	IMU1	PARENT_BOTTOM_FIXED	0x33	-102.0	-911.1	409.9	8.61	89.18	-40.39	0.16345	-0.08533	0.52637	-0.83057
4684	IMU2	CHILD_TOP_MOVING	0x34	-2.4	-976.5	-221.1	-0.42	89.32	28.07	-0.04050	0.10992	-0.76318	0.63574
4684	IMU3	POSITION_3_EXTRA	0x35	103.5	-965.8	-236.2	-8.12	93.94	26.81	0.02193	0.12842	-0.77197	0.62305
4684	IMU4	POSITION_4_EXTRA	0x36	128.3	-981.9	125.9	-16.80	98.56	-9.24	0.24170	-0.07330	-0.64551	0.72168
4692	IMU0	POSITION_0_EXTRA	0x32	-951.6	186.4	195.7	91.56	-18.20	-29.75	0.77783	-0.00776	0.61475	0.13818
4692	IMU1	PARENT_BOTTOM_FIXED	0x33	-104.4	-910.1	414.8	8.05	87.50	-39.62	0.15808	-0.08112	0.52637	-0.83203
4692	IMU2	CHILD_TOP_MOVING	0x34	-2.4	-975.5	-218.6	-1.54	90.51	27.65	-0.03711	0.10388	-0.76416	0.63574
4692	IMU3	POSITION_3_EXTRA	0x35	100.5	-965.8	-232.8	-7.98	92.19	26.32	0.02557	0.12231	-0.77246	0.62354
4692	IMU4	POSITION_4_EXTRA	0x36	124.4	-982.8	129.8	-16.31	96.39	-8.82	0.24622	-0.07867	-0.64453	0.72021
4700	IMU0	POSITION_0_EXTRA	0x32	-953.1	187.9	196.2	88.69	-18.34	-28.91	0.77734	-0.00357	0.61426	0.13220
4700	IMU1	PARENT_BOTTOM_FIXED	0x33	-107.8	-909.1	416.8	7.98	85.68	-38.85	0.15283	-0.07697	0.52686	-0.83301
4700	IMU2	CHILD_TOP_MOVING	0x34	-6.8	-975.5	-216.7	-2.45	90.23	27.09	-0.03375	0.09790	-0.76465	0.63623
4700	IMU3	POSITION_3_EXTRA	0x35	100.0	-966.2	-230.3	-7.98	90.44	25.76	0.02916	0.11639	-0.77295	0.62402
4700	IMU4	POSITION_4_EXTRA	0x36	121.5	-983.3	131.8	-15.89	93.94	-8.40	0.25073	-0.08392	-0.64404	0.71875
4709	IMU0	POSITION_0_EXTRA	0x32	-949.6	190.3	203.5	87.15	-17.99	-28.77	0.77783	0.00048	0.61426	0.12671
4709	IMU1	PARENT_BOTTOM_FIXED	0x33	-110.8	-906.7	419.2	7.98	83.79	-37.87	0.14771	-0.07288	0.52734	-0.83398
4709	IMU2	CHILD_TOP_MOVING	0x34	-13.7	-977.5	-216.2	-2.73	89.74	26.88	-0.03038	0.09198	-0.76514	0.63672
4709	IMU3	POSITION_3_EXTRA	0x35	99.6	-968.2	-227.9	-7.91	88.69	25.34	0.03265	0.11060	-0.77344	0.62451
4709	IMU4	POSITION_4_EXTRA	0x36	119.6	-984.3	134.7	-15.26	91.63	-7.98	0.25488	-0.08899	-0.64307	0.71729
4717	IMU0	POSITION_0_EXTRA	0x32	-952.1	191.8	203.5	84.42	-16.80	-28.28	0.77881	0.00445	0.61426	0.12134
4717	IMU1	PARENT_BOTTOM_FIXED	0x33	-113.2	-905.2	419.7	7.70	81.69	-36.96	0.14258	-0.06885	0.52783	-0.83496
4717	IMU2	CHILD_TOP_MOVING	0x34	-18.5	-980.4	-216.7	-2.73	88.27	26.60	-0.02713	0.08606	-0.76611	0.63672
4717	IMU3	POSITION_3_EXTRA	0x35	97.1	-971.6	-223.5	-7.63	87.08	24.78	0.03610	0.10480	-0.77393	0.62451
4717	IMU4	POSITION_4_EXTRA	0x36	115.2	-984.3	135.2	-15.12	89.32	-7.42	0.25903	-0.09406	-0.64258	0.71582
4725	IMU0	POSITION_0_EXTRA	0x32	-953.6	191.8	202.5	82.18	-16.59	-27.72	0.77979	0.00830	0.61426	0.11609
4725	IMU1	PARENT_BOTTOM_FIXED	0x33	-115.7	-903.3	421.6	7.42	79.66	-35.98	0.13770	-0.06494	0.52783	-0.83594
4725	IMU2	CHILD_TOP_MOVING	0x34	-22.4	-980.9	-216.7	-1.75	86.59	26.11	-0.02394	0.08026	-0.76660	0.63721
4725	IMU3	POSITION_3_EXTRA	0x35	95.2	-972.1	-218.1	-7.28	85.19	24.36	0.03943	0.09918	-0.77441	0.62500
4725	IMU4	POSITION_4_EXTRA	0x36	111.3	-985.8	138.6	-14.77	86.66	-7.00	0.26294	-0.09894	-0.64160	0.71436
4734	IMU0	POSITION_0_EXTRA	0x32	-954.5	192.3	200.6	79.66	-16.59	-26.95	0.78027	0.01204	0.61426	0.11096
4734	IMU1	PARENT_BOTTOM_FIXED	0x33	-117.1	-901.8	422.6	7.35	77.21	-35.07	0.13293	-0.06113	0.52832	-0.83691
4734	IMU2	CHILD_TOP_MOVING	0x34	-22.4	-978.9	-216.2	0.42	87.50	25.83	-0.02069	0.07440	-0.76709	0.63721
4734	IMU3	POSITION_3_EXTRA	0x35	90.8	-974.5	-214.7	-7.49	83.30	24.01	0.04266	0.09363	-0.77441	0.62549
4734	IMU4	POSITION_4_EXTRA	0x36	107.8	-988.2	142.5	-14.21	84.07	-6.58	0.26660	-0.10376	-0.64111	0.71289
4742	IMU0	POSITION_0_EXTRA	0x32	-955.5	191.8	199.1	79.66	-16.24	-26.25	0.78125	0.01569	0.61426	0.10602
4742	IMU1	PARENT_BOTTOM_FIXED	0x33	-119.1	-900.4	424.6	7.07	74.76	-34.09	0.12842	-0.05740	0.52832	-0.83789
4742	IMU2	CHILD_TOP_MOVING	0x34	-23.9	-981.9	-209.4	-2.38	90.72	25.41	-0.01721	0.06842	-0.76758	0.63770
4742	IMU3	POSITION_3_EXTRA	0x35	87.8	-976.0	-211.3	-7.84	80.85	23.66	0.04578	0.08820	-0.77490	0.62549
4742	IMU4	POSITION_4_EXTRA	0x36	103.9	-989.7	144.4	-14.00	81.13	-5.95	0.27026	-0.10840	-0.64014	0.71191
4750	IMU0	POSITION_0_EXTRA	0x32	-955.5	192.8	196.7	77.00	-16.24	-26.25	0.78174	0.01920	0.61377	0.10120
4750	IMU1	PARENT_BOTTOM_FIXED	0x33	-120.0	-900.4	428.5	6.79	72.31	-33.11	0.12390	-0.05380	0.52881	-0.83887
4750	IMU2	CHILD_TOP_MOVING	0x34	-38.6	-985.8	-209.4	-0.91	91.00	25.13	-0.01378	0.06244	-0.76807	0.63770
4750	IMU3	POSITION_3_EXTRA	0x35	84.9	-979.4	-212.8	-8.05	78.68	23.31	0.04877	0.08289	-0.77539	0.62549
4750	IMU4	POSITION_4_EXTRA	0x36	101.0	-989.7	148.4	-13.44	78.05	-5.60	0.27368	-0.11292	-0.63916	0.71045
4759	IMU0	POSITION_0_EXTRA	0x32	-957.0	192.8	196.7	74.34	-15.61	-25.55	0.78223	0.02258	0.61377	0.09650
4759	IMU1	PARENT_BOTTOM_FIXED	0x33	-119.6	-900.4	432.9	6.65	69.86	-31.99	0.11963	-0.05032	0.52881	-0.83936
4759	IMU2	CHILD_TOP_MOVING	0x34	-38.1	-988.7	-208.9	0.70	87.22	24.15	-0.01050	0.05664	-0.76807	0.63818
4759	IMU3	POSITION_3_EXTRA	0x35	83.9	-983.8	-204.0	-7.56	76.02	22.61	0.05164	0.07770	-0.77539	0.62598
4759	IMU4	POSITION_4_EXTRA	0x36	99.1	-991.1	151.8	-13.23	75.11	-5.18	0.27368	-0.11292	-0.63867	0.70947
4767	IMU0	POSITION_0_EXTRA	0x32	-956.5	194.2	197.6	71.47	-14.98	-24.71	0.78271	0.02585	0.61377	0.09204
4767	IMU1	PARENT_BOTTOM_FIXED	0x33	-118.1	-901.3	431.9	6.37	67.20	-30.73	0.11548	-0.04697	0.52881	-0.84033
4767	IMU2	CHILD_TOP_MOVING	0x34	-39.5	-985.8	-207.9	-1.68	84.98	23.24	-0.00729	0.05103	-0.76855	0.63818
4767	IMU3	POSITION_3_EXTRA	0x35	85.4	-983.8	-200.1	-6.72	72.52	21.63	0.05438	0.07275	-0.77539	0.62598
4767	IMU4	POSITION_4_EXTRA	0x36	97.6	-992.6	155.7	-13.09	72.31	-4.76	0.27710	-0.11725	-0.63867	0.70947
4775	IMU0	POSITION_0_EXTRA	0x32	-957.5	195.7	197.2	68.74	-14.28	-24.08	0.78320	0.02899	0.61377	0.08771
4775	IMU1	PARENT_BOTTOM_FIXED	0x33	-116.6	-901.8	433.3	5.95	64.75	-29.33	0.11151	-0.04370	0.52930	-0.84082
4775	IMU2	CHILD_TOP_MOVING	0x34	-49.3	-992.1	-205.9	-1.12	78.40	22.33	-0.00444	0.04575	-0.76904	0.63818
4775	IMU3	POSITION_3_EXTRA	0x35	83.9	-985.8	-197.6	-6.44	69.72	20.93	0.05688	0.06787	-0.77441	0.62500
4775	IMU4	POSITION_4_EXTRA	0x36	94.2	-992.6	157.1	-12.39	69.23	-4.34	0.28320	-0.12561	-0.63672	0.70703
4784	IMU0	POSITION_0_EXTRA	0x32	-959.4	198.1	196.2	65.87	-14.07	-23.17	0.78369	0.03204	0.61377	0.08356
4784	IMU1	PARENT_BOTTOM_FIXED	0x33	-115.7	-900.8	435.3	5.39	62.37	-27.93	0.10767	-0.04056	0.52930	-0.84131
4784	IMU2	CHILD_TOP_MOVING	0x34	-52.2	-990.6	-204.0	0.07	70.35	21.21	-0.00200	0.04086	-0.76904	0.63867
4784	IMU3	POSITION_3_EXTRA	0x35	83.0	-987.2	-190.8	-6.44	66.71	20.30	0.05936	0.06329	-0.77441	0.62500
4784	IMU4	POSITION_4_EXTRA	0x36	92.7	-991.1	158.1	-11.69	66.01	-3.99	0.28589	-0.12952	-0.63623	0.70557
4792	IMU0	POSITION_0_EXTRA	0x32	-957.0	199.1	195.7	62.86	-13.86	-22.26	0.78418	0.03494	0.61328	0.07959
4792	IMU1	PARENT_BOTTOM_FIXED	0x33	-115.7	-900.4	437.7	4.97	60.20	-26.60	0.10400	-0.03751	0.52930	-0.84180
4792	IMU2	CHILD_TOP_MOVING	0x34	-50.3	-986.7	-203.5	-1.47	64.96	19.88	0.00023	0.03635	-0.76904	0.63867
4792	IMU3	POSITION_3_EXTRA	0x35	82.5	-987.7	-189.3	-6.79	63.35	19.74	0.06165	0.05890	-0.77441	0.62500
4792	IMU4	POSITION_4_EXTRA	0x36	91.7	-990.2	160.1	-11.13	62.86	-3.57	0.28589	-0.12952	-0.63623	0.70557
4800	IMU0	POSITION_0_EXTRA	0x32	-955.0	202.0	199.6	59.64	-12.67	-21.49	0.78467	0.03772	0.61328	0.07587
4800	IMU1	PARENT_BOTTOM_FIXED	0x33	-115.2	-899.9	437.7	4.83	58.03	-25.20	0.10052	-0.03455	0.52930	-0.84229
4800	IMU2	CHILD_TOP_MOVING	0x34	-50.3	-991.6	-202.5	-1.82	59.43	18.83	0.00221	0.03214	-0.76953	0.63867
4800	IMU3	POSITION_3_EXTRA	0x35	83.0	-987.2	-189.8	-6.72	60.62	19.11	0.06384	0.05466	-0.77441	0.62549
4800	IMU4	POSITION_4_EXTRA	0x36	91.3	-991.6	163.0	-10.36	59.85	-3.15	0.28857	-0.13318	-0.63525	0.70459
4809	IMU0	POSITION_0_EXTRA	0x32	-951.1	202.0	197.6	56.49	-11.34	-20.72	0.78467	0.04034	0.61328	0.07233
4809	IMU1	PARENT_BOTTOM_FIXED	0x33	-115.7	-898.9	437.2	4.48	55.79	-23.87	0.09717	-0.03165	0.52979	-0.84277
4809	IMU2	CHILD_TOP_MOVING	0x34	-49.3	-989.2	-197.6	-1.89	53.69	17.71	0.00394	0.02827	-0.76953	0.63867
4809	IMU3	POSITION_3_EXTRA	0x35	84.9	-989.2	-184.0	-6.23	57.61	18.34	0.06592	0.05063	-0.77441	0.62549
4809	IMU4	POSITION_4_EXTRA	0x36	90.8	-992.6	165.4	-9.87	56.70	-2.87	0.29102	-0.14014	-0.63379	0.70264
4817	IMU0	POSITION_0_EXTRA	0x32	-954.0	202.0	196.2	53.55	-11.34	-19.81	0.78516	0.04282	0.61328	0.06897
4817	IMU1	PARENT_BOTTOM_FIXED	0x33	-115.7	-898.9	438.7	4.27	53.48	-22.54	0.09399	-0.02888	0.52979	-0.84326
4817	IMU2	CHILD_TOP_MOVING	0x34	-47.3	-992.1	-198.1	-2.10	49.21	16.66	0.00548	0.02470	-0.77002	0.63818
4817	IMU3	POSITION_3_EXTRA	0x35	85.4	-991.1	-182.0	-5.74	54.60	17.50	0.06787	0.04678	-0.77441	0.62549
4817	IMU4	POSITION_4_EXTRA	0x36	89.3	-992.1	167.4	-9.17	53.41	-2.66	0.29565	-0.14343	-0.63281	0.70215
4825	IMU0	POSITION_0_EXTRA	0x32	-952.1	202.5	202.5	51.17	-12.32	-18.55	0.78564	0.04523	0.61279	0.06573
4825	IMU1	PARENT_BOTTOM_FIXED	0x33	-114.7	-898.4	439.7	4.06	51.10	-21.35	0.09100	-0.02621	0.52979	-0.84375
4825	IMU2	CHILD_TOP_MOVING	0x34	-47.3	-993.1	-191.8	-2.17	45.64	15.68	0.00689	0.02135	-0.77002	0.63818
4825	IMU3	POSITION_3_EXTRA	0x35	84.9	-989.2	-182.5	-5.18	51.45	16.66	0.06970	0.04312	-0.77441	0.62549
4825	IMU4	POSITION_4_EXTRA	0x36	89.8	-990.6	167.4	-8.40	50.26	-2.38	0.29565	-0.14343	-0.63281	0.70215
4834	IMU0	POSITION_0_EXTRA	0x32	-950.1	204.5	211.3	48.30	-10.99	-17.71	0.78564	0.04755	0.61279	0.06274
4834	IMU1	PARENT_BOTTOM_FIXED	0x33	-115.2	-897.9	439.2	3.78	48.72	-20.09	0.08813	-0.02365	0.52979	-0.84424
4834	IMU2	CHILD_TOP_MOVING	0x34	-43.4	-994.1	-184.5	-2.52	45.22	14.84	0.00833	0.01808	-0.77002	0.63818
4834	IMU3	POSITION_3_EXTRA	0x35	85.4	-989.7	-182.0	-5.25	48.65	15.89	0.07141	0.03967	-0.77441	0.62598
4834	IMU4	POSITION_4_EXTRA	0x36	89.3	-988.7	167.4	-8.05	47.32	-2.03	0.29761	-0.14648	-0.63232	0.70117
4842	IMU0	POSITION_0_EXTRA	0x32	-953.1	204.0	215.7	45.85	-9.31	-16.87	0.78613	0.04971	0.61279	0.05991
4842	IMU1	PARENT_BOTTOM_FIXED	0x33	-115.2	-897.4	439.7	3.36	46.41	-18.83	0.08539	-0.02118	0.52979	-0.84424
4842	IMU2	CHILD_TOP_MOVING	0x34	-43.4	-993.6	-181.5	-2.17	44.31	14.21	0.00977	0.01491	-0.77002	0.63818
4842	IMU3	POSITION_3_EXTRA	0x35	87.4	-987.7	-182.0	-5.32	45.92	15.26	0.07300	0.03638	-0.77441	0.62598
4842	IMU4	POSITION_4_EXTRA	0x36	92.2	-988.7	167.4	-7.63	44.52	-1.75	0.29956	-0.14929	-0.63086	0.69971
4850	IMU0	POSITION_0_EXTRA	0x32	-956.0	198.6	206.9	43.12	-9.03	-15.68	0.78613	0.05176	0.61230	0.05722
4850	IMU1	PARENT_BOTTOM_FIXED	0x33	-113.7	-897.9	440.7	3.15	43.96	-17.71	0.08289	-0.01884	0.52979	-0.84473
4850	IMU2	CHILD_TOP_MOVING	0x34	-42.5	-995.0	-178.1	-1.54	43.33	13.37	0.01120	0.01183	-0.77002	0.63818
4850	IMU3	POSITION_3_EXTRA	0x35	89.8	-988.2	-180.6	-5.46	43.61	14.63	0.07452	0.03323	-0.77393	0.62598
4850	IMU4	POSITION_4_EXTRA	0x36	95.2	-989.7	165.9	-7.07	41.65	-1.54	0.30127	-0.15210	-0.63086	0.69971
4859	IMU0	POSITION_0_EXTRA	0x32	-958.9	195.7	203.5	40.74	-10.92	-14.07	0.78613	0.05374	0.61230	0.05475
4859	IMU1	PARENT_BOTTOM_FIXED	0x33	-113.7	-897.4	439.7	2.52	41.86	-16.52	0.08044	-0.01659	0.52979	-0.84473
4859	IMU2	CHILD_TOP_MOVING	0x34	-40.5	-995.0	-176.7	-1.05	41.23	12.67	0.01257	0.00891	-0.77002	0.63818
4859	IMU3	POSITION_3_EXTRA	0x35	94.7	-987.7	-180.6	-5.18	41.09	13.79	0.07599	0.03029	-0.77393	0.62598
4859	IMU4	POSITION_4_EXTRA	0x36	98.6	-988.2	166.4	-6.37	38.78	-1.40	0.30298	-0.15466	-0.63037	0.69873
4867	IMU0	POSITION_0_EXTRA	0x32	-953.1	194.2	200.6	38.01	-11.62	-12.88	0.78662	0.05560	0.61182	0.05243
4867	IMU1	PARENT_BOTTOM_FIXED	0x33	-112.7	-896.5	439.7	2.10	39.69	-15.33	0.07819	-0.01443	0.52979	-0.84521
4867	IMU2	CHILD_TOP_MOVING	0x34	-37.6	-993.6	-176.7	-0.77	38.36	11.90	0.01382	0.00618	-0.77002	0.63867
4867	IMU3	POSITION_3_EXTRA	0x35	96.1	-984.8	-182.0	-5.11	38.43	13.09	0.07733	0.02753	-0.77393	0.62598
4867	IMU4	POSITION_4_EXTRA	0x36	101.0	-987.2	165.9	-5.88	36.12	-1.19	0.30444	-0.15698	-0.62988	0.69824
4875	IMU0	POSITION_0_EXTRA	0x32	-954.0	191.8	200.1	34.86	-10.78	-12.18	0.78662	0.05731	0.61182	0.05026
4875	IMU1	PARENT_BOTTOM_FIXED	0x33	-112.7	-895.0	437.2	1.47	37.45	-14.14	0.07611	-0.01238	0.53027	-0.84521
4875	IMU2	CHILD_TOP_MOVING	0x34	-37.6	-993.1	-177.1	-0.63	34.79	11.20	0.01492	0.00366	-0.77002	0.63867
4875	IMU3	POSITION_3_EXTRA	0x35	98.1	-984.3	-184.0	-5.39	35.70	12.46	0.07855	0.02492	-0.77393	0.62598
4875	IMU4	POSITION_4_EXTRA	0x36	101.5	-987.7	167.4	-5.67	33.60	-1.05	0.30591	-0.15918	-0.62891	0.69775
4884	IMU0	POSITION_0_EXTRA	0x32	-952.6	190.8	200.6	31.71	-10.57	-11.48	0.78711	0.05887	0.61133	0.04831
4884	IMU1	PARENT_BOTTOM_FIXED	0x33	-111.8	-895.5	437.7	0.42	32.90	-11.76	0.07416	-0.01044	0.53027	-0.84521
4884	IMU2	CHILD_TOP_MOVING	0x34	-36.6	-991.6	-178.1	-1.12	31.57	10.57	0.01588	0.00134	-0.77002	0.63867
4884	IMU3	POSITION_3_EXTRA	0x35	98.6	-984.8	-183.5	-5.32	33.25	11.69	0.07965	0.02248	-0.77393	0.62598
4884	IMU4	POSITION_4_EXTRA	0x36	101.0	-986.7	170.8	-5.18	31.08	-0.84	0.30713	-0.16125	-0.62842	0.69727
4892	IMU0	POSITION_0_EXTRA	0x32	-950.1	189.8	205.0	28.70	-9.80	-10.99	0.78711	0.06027	0.61133	0.04651
4892	IMU1	PARENT_BOTTOM_FIXED	0x33	-112.7	-895.0	437.2	0.42	30.80	-10.71	0.07239	-0.00860	0.53027	-0.84570
4892	IMU2	CHILD_TOP_MOVING	0x34	-35.1	-989.7	-182.0	-1.68	28.91	9.94	0.01674	-0.00082	-0.77002	0.63867
4892	IMU3	POSITION_3_EXTRA	0x35	97.6	-985.8	-181.5	-4.69	30.66	10.78	0.08069	0.02022	-0.77393	0.62598
4892	IMU4	POSITION_4_EXTRA	0x36	101.0	-986.2	171.8	-4.76	28.63	-0.63	0.30835	-0.16321	-0.62793	0.69678
4900	IMU0	POSITION_0_EXTRA	0x32	-948.7	187.9	212.3	25.97	-9.10	-10.50	0.78760	0.06152	0.61084	0.04486
4900	IMU1	PARENT_BOTTOM_FIXED	0x33	-112.7	-894.5	435.8	0.07	30.80	-10.71	0.07068	-0.00685	0.53076	-0.84570
4900	IMU2	CHILD_TOP_MOVING	0x34	-35.1	-988.7	-183.5	-1.96	27.51	9.31	0.01755	-0.00287	-0.77002	0.63818
4900	IMU3	POSITION_3_EXTRA	0x35	97.6	-984.8	-179.6	-3.36	28.14	9.80	0.08167	0.01813	-0.77393	0.62598
4900	IMU4	POSITION_4_EXTRA	0x36	102.5	-984.3	170.8	-4.13	26.04	-0.49	0.30933	-0.16504	-0.62744	0.69629
4909	IMU0	POSITION_0_EXTRA	0x32	-945.3	185.9	221.6	23.17	-8.12	-10.08	0.78760	0.06262	0.61084	0.04333
4909	IMU1	PARENT_BOTTOM_FIXED	0x33	-112.2	-895.5	435.8	-0.70	26.60	-8.75	0.06921	-0.00520	0.53076	-0.84570
4909	IMU2	CHILD_TOP_MOVING	0x34	-37.6	-988.7	-182.5	-1.89	26.60	8.75	0.01833	-0.00485	-0.77002	0.63818
4909	IMU3	POSITION_3_EXTRA	0x35	97.6	-983.8	-178.6	-2.24	25.90	8.96	0.08252	0.01620	-0.77393	0.62598
4909	IMU4	POSITION_4_EXTRA	0x36	103.9	-983.3	168.4	-3.43	23.73	-0.28	0.31030	-0.16675	-0.62695	0.69580
4917	IMU0	POSITION_0_EXTRA	0x32	-944.8	182.5	227.4	20.51	-6.72	-9.52	0.78760	0.06354	0.61035	0.04199
4917	IMU1	PARENT_BOTTOM_FIXED	0x33	-110.8	-896.0	432.4	-0.91	24.43	-7.98	0.06781	-0.00364	0.53076	-0.84570
4917	IMU2	CHILD_TOP_MOVING	0x34	-38.6	-988.2	-181.0	-1.89	24.57	8.26	0.01901	-0.00670	-0.77002	0.63818
4917	IMU3	POSITION_3_EXTRA	0x35	99.6	-981.4	-180.1	-2.10	23.45	8.47	0.08331	0.01446	-0.77441	0.62646
4917	IMU4	POSITION_4_EXTRA	0x36	104.4	-982.8	165.9	-2.59	21.42	0.00	0.31128	-0.16821	-0.62646	0.69531
4925	IMU0	POSITION_0_EXTRA	0x32	-943.8	178.6	230.3	18.13	-6.02	-8.82	0.78809	0.06439	0.61035	0.04074
4925	IMU1	PARENT_BOTTOM_FIXED	0x33	-109.3	-897.9	433.3	-1.05	22.40	-7.21	0.06653	-0.00221	0.53125	-0.84570
4925	IMU2	CHILD_TOP_MOVING	0x34	-35.6	-986.2	-182.0	-2.52	22.40	7.70	0.01964	-0.00842	-0.77002	0.63818
4925	IMU3	POSITION_3_EXTRA	0x35	100.0	-979.9	-182.5	-2.03	20.72	8.05	0.08392	0.01285	-0.77441	0.62695
4925	IMU4	POSITION_4_EXTRA	0x36	106.9	-981.4	163.0	-2.10	19.25	0.28	0.31201	-0.16968	-0.62598	0.69531
4934	IMU0	POSITION_0_EXTRA	0x32	-942.8	173.7	231.3	16.31	-6.16	-7.91	0.78809	0.06512	0.60986	0.03964
4934	IMU1	PARENT_BOTTOM_FIXED	0x33	-106.9	-898.9	429.4	-1.19	20.23	-6.58	0.06537	-0.00089	0.53125	-0.84570
4934	IMU2	CHILD_TOP_MOVING	0x34	-34.6	-985.3	-184.0	-2.52	20.44	7.21	0.02017	-0.00999	-0.77051	0.63818
4934	IMU3	POSITION_3_EXTRA	0x35	101.0	-978.0	-185.0	-1.68	18.13	7.49	0.08441	0.01140	-0.77441	0.62695
4934	IMU4	POSITION_4_EXTRA	0x36	107.8	-981.9	162.0	-2.31	17.50	0.56	0.31274	-0.17090	-0.62598	0.69482
4942	IMU0	POSITION_0_EXTRA	0x32	-941.4	170.8	233.8	15.05	-6.44	-7.28	0.78809	0.06580	0.60986	0.03860
4942	IMU1	PARENT_BOTTOM_FIXED	0x33	-106.9	-900.4	428.5	-1.54	18.27	-5.95	0.06433	0.00031	0.53125	-0.84570
4942	IMU2	CHILD_TOP_MOVING	0x34	-32.7	-985.8	-182.5	-1.61	18.48	6.79	0.02063	-0.01144	-0.77051	0.63770
4942	IMU3	POSITION_3_EXTRA	0x35	102.0	-977.0	-188.4	-1.40	15.89	6.93	0.08484	0.01009	-0.77441	0.62695
4942	IMU4	POSITION_4_EXTRA	0x36	108.8	-982.8	160.1	-2.38	15.61	0.77	0.31323	-0.17212	-0.62549	0.69482
4950	IMU0	POSITION_0_EXTRA	0x32	-942.3	170.8	235.2	13.79	-6.09	-6.65	0.78857	0.06641	0.60938	0.03769
4950	IMU1	PARENT_BOTTOM_FIXED	0x33	-105.9	-901.3	429.0	-1.68	16.31	-5.32	0.06342	0.00141	0.53174	-0.84570
4950	IMU2	CHILD_TOP_MOVING	0x34	-31.2	-986.2	-182.5	-0.77	16.87	6.44	0.02104	-0.01279	-0.77051	0.63770
4950	IMU3	POSITION_3_EXTRA	0x35	101.0	-975.5	-192.8	-1.05	13.79	6.44	0.08514	0.00891	-0.77441	0.62695
4950	IMU4	POSITION_4_EXTRA	0x36	108.8	-982.8	160.1	-2.38	15.61	0.77	0.31372	-0.17322	-0.62500	0.69434
4959	IMU0	POSITION_0_EXTRA	0x32	-943.3	173.2	238.1	12.32	-5.60	-5.95	0.78857	0.06696	0.60938	0.03687
4959	IMU1	PARENT_BOTTOM_FIXED	0x33	-105.4	-902.3	428.0	-1.89	14.42	-4.69	0.06256	0.00240	0.53174	-0.84521
4959	IMU2	CHILD_TOP_MOVING	0x34	-30.3	-985.3	-183.5	-0.21	15.12	6.02	0.02138	-0.01402	-0.77051	0.63770
4959	IMU3	POSITION_3_EXTRA	0x35	99.1	-976.0	-195.7	-0.98	12.04	6.02	0.08539	0.00783	-0.77441	0.62695
4959	IMU4	POSITION_4_EXTRA	0x36	103.0	-981.4	157.1	-1.82	11.69	1.12	0.31396	-0.17432	-0.62500	0.69434
4967	IMU0	POSITION_0_EXTRA	0x32	-941.8	174.7	242.5	10.78	-5.53	-5.04	0.78906	0.06750	0.60889	0.03616
4967	IMU1	PARENT_BOTTOM_FIXED	0x33	-106.4	-905.2	428.0	-1.96	12.60	-4.06	0.06186	0.00329	0.53223	-0.84521
4967	IMU2	CHILD_TOP_MOVING	0x34	-32.7	-984.8	-185.9	-0.21	12.74	5.46	0.02159	-0.01512	-0.77002	0.63770
4967	IMU3	POSITION_3_EXTRA	0x35	96.1	-976.5	-197.6	-0.70	10.43	5.32	0.08557	0.00686	-0.77441	0.62695
4967	IMU4	POSITION_4_EXTRA	0x36	99.6	-982.3	160.1	-1.54	9.87	1.26	0.31421	-0.17517	-0.62451	0.69385
4975	IMU0	POSITION_0_EXTRA	0x32	-938.9	177.6	244.0	9.45	-5.53	-4.20	0.78906	0.06805	0.60889	0.03558
4975	IMU1	PARENT_BOTTOM_FIXED	0x33	-105.4	-906.7	429.9	-2.17	10.78	-3.29	0.06125	0.00409	0.53223	-0.84521
4975	IMU2	CHILD_TOP_MOVING	0x34	-32.7	-984.3	-189.8	-0.77	10.64	4.76	0.02173	-0.01608	-0.77051	0.63770
4975	IMU3	POSITION_3_EXTRA	0x35	94.2	-978.0	-196.2	-0.14	8.89	4.55	0.08563	0.00600	-0.77393	0.62695
4975	IMU4	POSITION_4_EXTRA	0x36	98.1	-983.3	162.5	-1.54	9.87	1.26	0.31445	-0.17603	-0.62451	0.69385
4984	IMU0	POSITION_0_EXTRA	0x32	-937.9	178.1	239.6	8.33	-5.04	-3.50	0.78906	0.06854	0.60840	0.03513
4984	IMU1	PARENT_BOTTOM_FIXED	0x33	-104.9	-908.2	430.4	-2.31	8.82	-2.66	0.06076	0.00480	0.53271	-0.84521
4984	IMU2	CHILD_TOP_MOVING	0x34	-35.6	-986.2	-191.8	-1.75	8.96	4.06	0.02180	-0.01694	-0.77051	0.63770
4984	IMU3	POSITION_3_EXTRA	0x35	92.7	-981.4	-192.8	0.70	7.07	3.71	0.08569	0.00527	-0.77393	0.62744
4984	IMU4	POSITION_4_EXTRA	0x36	98.1	-983.3	163.5	-1.40	7.91	1.40	0.31470	-0.17676	-0.62451	0.69385
4992	IMU0	POSITION_0_EXTRA	0x32	-939.4	178.1	233.3	6.86	-4.55	-2.87	0.78955	0.06897	0.60840	0.03473
4992	IMU1	PARENT_BOTTOM_FIXED	0x33	-103.9	-909.1	432.4	-2.38	6.93	-2.03	0.06036	0.00541	0.53271	-0.84521
4992	IMU2	CHILD_TOP_MOVING	0x34	-36.6	-987.7	-191.8	-1.96	7.35	3.36	0.02182	-0.01767	-0.77051	0.63770
4992	IMU3	POSITION_3_EXTRA	0x35	95.2	-982.3	-190.3	1.19	4.83	2.87	0.08569	0.00471	-0.77393	0.62744
4992	IMU4	POSITION_4_EXTRA	0x36	100.0	-986.2	163.5	-1.12	5.81	1.54	0.31470	-0.17749	-0.62402	0.69385
5000	IMU0	POSITION_0_EXTRA	0x32	-940.9	177.6	229.8	5.04	-4.41	-2.17	0.78955	0.06934	0.60840	0.03448
5000	IMU1	PARENT_BOTTOM_FIXED	0x33	-103.5	-908.7	432.9	-2.52	4.97	-1.40	0.06006	0.00591	0.53320	-0.84473
5000	IMU2	CHILD_TOP_MOVING	0x34	-35.6	-989.2	-191.8	-2.10	5.32	2.66	0.02176	-0.01826	-0.77051	0.63770
5000	IMU3	POSITION_3_EXTRA	0x35	98.1	-982.8	-187.9	1.12	2.45	2.38	0.08551	0.00430	-0.77393	0.62744
5000	IMU4	POSITION_4_EXTRA	0x36	102.5	-986.7	161.0	-0.84	3.64	1.68	0.31445	-0.17798	-0.62402	0.69385
5009	IMU0	POSITION_0_EXTRA	0x32	-941.4	177.6	231.3	2.66	-3.99	-1.47	0.78955	0.06958	0.60791	0.03436
5009	IMU1	PARENT_BOTTOM_FIXED	0x33	-103.5	-909.1	433.3	-2.59	3.08	-0.70	0.05991	0.00632	0.53320	-0.84473
5009	IMU2	CHILD_TOP_MOVING	0x34	-33.7	-990.6	-190.3	-2.17	3.15	2.03	0.02162	-0.01871	-0.77051	0.63721
5009	IMU3	POSITION_3_EXTRA	0x35	102.5	-983.3	-186.9	0.84	0.21	1.96	0.08533	0.00404	-0.77393	0.62744
5009	IMU4	POSITION_4_EXTRA	0x36	105.4	-988.2	161.5	-0.63	1.61	1.96	0.31421	-0.17834	-0.62402	0.69385
5017	IMU0	POSITION_0_EXTRA	0x32	-940.9	176.2	238.6	0.56	-3.43	-0.91	0.78955	0.06970	0.60791	0.03436
5017	IMU1	PARENT_BOTTOM_FIXED	0x33	-102.5	-909.1	434.3	-2.73	1.19	-0.07	0.05984	0.00663	0.53320	-0.84473
5017	IMU2	CHILD_TOP_MOVING	0x34	-29.8	-991.6	-190.3	-2.24	0.28	1.54	0.02136	-0.01898	-0.77051	0.63721
5017	IMU3	POSITION_3_EXTRA	0x35	105.9	-984.3	-185.0	0.70	-2.38	1.54	0.08502	0.00393	-0.77344	0.62793
5017	IMU4	POSITION_4_EXTRA	0x36	109.8	-988.2	161.0	-0.49	-0.42	2.17	0.31396	-0.17859	-0.62402	0.69385
5025	IMU0	POSITION_0_EXTRA	0x32	-944.3	175.7	243.0	-1.40	-2.66	-0.42	0.78955	0.06976	0.60791	0.03448
5025	IMU1	PARENT_BOTTOM_FIXED	0x33	-102.5	-909.1	433.8	-2.80	-0.63	0.63	0.06003	0.00698	0.53369	-0.84424
5025	IMU2	CHILD_TOP_MOVING	0x34	-28.3	-991.6	-190.3	-2.17	-2.24	0.98	0.02100	-0.01909	-0.77100	0.63721
5025	IMU3	POSITION_3_EXTRA	0x35	106.4	-984.3	-189.3	0.77	-4.97	1.05	0.08459	0.00397	-0.77344	0.62793
5025	IMU4	POSITION_4_EXTRA	0x36	110.3	-988.7	161.5	-0.07	-2.31	2.31	0.31372	-0.17883	-0.62402	0.69434
5034	IMU0	POSITION_0_EXTRA	0x32	-944.3	176.2	244.5	-3.43	-2.17	0.21	0.79004	0.06970	0.60742	0.03476
5034	IMU1	PARENT_BOTTOM_FIXED	0x33	-102.0	-908.2	435.8	-2.87	-2.24	1.40	0.06030	0.00703	0.53369	-0.84424
5034	IMU2	CHILD_TOP_MOVING	0x34	-28.3	-992.1	-192.3	-2.10	-4.62	0.49	0.02054	-0.01907	-0.77100	0.63721
5034	IMU3	POSITION_3_EXTRA	0x35	104.4	-984.3	-194.7	1.05	-6.79	0.49	0.08405	0.00412	-0.77344	0.62793
5034	IMU4	POSITION_4_EXTRA	0x36	109.8	-988.7	161.0	0.63	-4.27	2.38	0.31323	-0.17883	-0.62402	0.69434
5042	IMU0	POSITION_0_EXTRA	0x32	-943.8	175.7	244.0	-5.46	-1.61	0.84	0.79004	0.06952	0.60742	0.03513
5042	IMU1	PARENT_BOTTOM_FIXED	0x33	-101.5	-907.7	435.3	-2.94	-3.85	2.10	0.06067	0.00702	0.53418	-0.84424
5042	IMU2	CHILD_TOP_MOVING	0x34	-27.3	-992.6	-191.8	-2.10	-6.93	-0.14	0.01997	-0.01889	-0.77100	0.63672
5042	IMU3	POSITION_3_EXTRA	0x35	104.4	-984.3	-196.7	1.54	-8.33	-0.14	0.08350	0.00439	-0.77344	0.62793
5042	IMU4	POSITION_4_EXTRA	0x36	109.8	-990.2	159.6	0.98	-5.95	2.52	0.31274	-0.17883	-0.62402	0.69434
5050	IMU0	POSITION_0_EXTRA	0x32	-942.8	175.7	243.5	-7.21	-0.98	1.40	0.79004	0.06934	0.60742	0.03561
5050	IMU1	PARENT_BOTTOM_FIXED	0x33	-99.6	-907.2	436.8	-3.08	-5.32	2.87	0.06113	0.00692	0.53418	-0.84424
5050	IMU2	CHILD_TOP_MOVING	0x34	-24.4	-992.1	-190.8	-2.24	-8.96	-0.77	0.01935	-0.01857	-0.77100	0.63672
5050	IMU3	POSITION_3_EXTRA	0x35	105.9	-985.3	-197.6	2.24	-9.66	-0.84	0.08289	0.00476	-0.77344	0.62842
5050	IMU4	POSITION_4_EXTRA	0x36	109.8	-990.2	159.6	1.26	-7.49	2.66	0.31226	-0.17871	-0.62402	0.69482
5059	IMU0	POSITION_0_EXTRA	0x32	-943.8	174.2	244.5	-8.96	-0.35	1.89	0.79004	0.06903	0.60742	0.03619
5059	IMU1	PARENT_BOTTOM_FIXED	0x33	-99.1	-905.2	437.2	-3.01	-6.86	3.57	0.06168	0.00676	0.53418	-0.84375
5059	IMU2	CHILD_TOP_MOVING	0x34	-23.9	-993.6	-192.3	-2.73	-10.22	-1.33	0.01868	-0.01816	-0.77148	0.63672
5059	IMU3	POSITION_3_EXTRA	0x35	107.8	-985.3	-195.7	2.87	-11.13	-1.47	0.08221	0.00526	-0.77344	0.62842
5059	IMU4	POSITION_4_EXTRA	0x36	110.8	-990.2	159.6	1.33	-9.24	2.73	0.31104	-0.17822	-0.62305	0.69385
5067	IMU0	POSITION_0_EXTRA	0x32	-943.8	173.7	243.5	-10.71	0.28	2.31	0.79004	0.06860	0.60742	0.03690
5067	IMU1	PARENT_BOTTOM_FIXED	0x33	-98.6	-905.2	436.3	-2.87	-8.33	4.27	0.06235	0.00653	0.53418	-0.84375
5067	IMU2	CHILD_TOP_MOVING	0x34	-22.9	-994.5	-193.2	-2.24	-11.69	-1.89	0.01796	-0.01764	-0.77148	0.63672
5067	IMU3	POSITION_3_EXTRA	0x35	107.8	-984.8	-194.2	2.94	-12.39	-2.10	0.08148	0.00585	-0.77344	0.62842
5067	IMU4	POSITION_4_EXTRA	0x36	111.8	-990.6	159.1	1.54	-10.92	2.87	0.31030	-0.17786	-0.62305	0.69385
5075	IMU0	POSITION_0_EXTRA	0x32	-943.8	172.8	240.6	-12.11	0.77	2.73	0.79004	0.06818	0.60742	0.03769
5075	IMU1	PARENT_BOTTOM_FIXED	0x33	-98.6	-904.8	437.7	-2.87	-9.73	4.90	0.06311	0.00624	0.53418	-0.84375
5075	IMU2	CHILD_TOP_MOVING	0x34	-21.5	-995.0	-191.8	-1.54	-12.88	-2.45	0.01721	-0.01701	-0.77148	0.63672
5075	IMU3	POSITION_3_EXTRA	0x35	109.8	-983.3	-193.2	2.94	-13.93	-2.45	0.08075	0.00654	-0.77344	0.62891
5075	IMU4	POSITION_4_EXTRA	0x36	112.7	-989.7	161.0	1.68	-12.60	2.94	0.30957	-0.17749	-0.62305	0.69434
5084	IMU0	POSITION_0_EXTRA	0x32	-944.3	172.8	248.9	-13.79	0.28	3.71	0.79004	0.06763	0.60742	0.03857
5084	IMU1	PARENT_BOTTOM_FIXED	0x33	-99.1	-904.8	439.2	-2.73	-11.20	5.46	0.06390	0.00589	0.53467	-0.84375
5084	IMU2	CHILD_TOP_MOVING	0x34	-20.5	-993.1	-190.8	-1.12	-13.93	-2.94	0.01643	-0.01633	-0.77148	0.63623
5084	IMU3	POSITION_3_EXTRA	0x35	111.8	-981.4	-193.2	2.80	-15.40	-2.87	0.07996	0.00733	-0.77344	0.62891
5084	IMU4	POSITION_4_EXTRA	0x36	113.7	-987.7	160.6	2.24	-14.42	3.08	0.30859	-0.17700	-0.62354	0.69482
5092	IMU0	POSITION_0_EXTRA	0x32	-938.4	170.3	250.3	-15.54	1.54	4.13	0.79004	0.06702	0.60742	0.03958
5092	IMU1	PARENT_BOTTOM_FIXED	0x33	-99.1	-904.3	438.2	-2.66	-12.67	5.88	0.06482	0.00546	0.53467	-0.84375
5092	IMU2	CHILD_TOP_MOVING	0x34	-18.5	-990.2	-190.3	-0.70	-15.19	-3.36	0.01562	-0.01553	-0.77148	0.63623
5092	IMU3	POSITION_3_EXTRA	0x35	114.2	-979.9	-192.8	2.38	-16.87	-3.15	0.07910	0.00821	-0.77344	0.62891
5092	IMU4	POSITION_4_EXTRA	0x36	116.1	-984.8	159.6	3.01	-16.03	3.01	0.30762	-0.17639	-0.62354	0.69531
5100	IMU0	POSITION_0_EXTRA	0x32	-944.8	165.9	240.1	-16.73	2.31	4.34	0.79004	0.06628	0.60742	0.04065
5100	IMU1	PARENT_BOTTOM_FIXED	0x33	-100.5	-903.8	438.2	-2.73	-14.07	6.37	0.06586	0.00496	0.53467	-0.84326
5100	IMU2	CHILD_TOP_MOVING	0x34	-16.6	-989.7	-189.8	-0.84	-15.96	-3.64	0.01479	-0.01469	-0.77148	0.63623
5100	IMU3	POSITION_3_EXTRA	0x35	117.1	-980.9	-193.7	2.24	-17.92	-3.43	0.07819	0.00916	-0.77295	0.62939
5100	IMU4	POSITION_4_EXTRA	0x36	118.1	-987.2	161.5	3.15	-17.43	3.15	0.30664	-0.17578	-0.62354	0.69580
5109	IMU0	POSITION_0_EXTRA	0x32	-947.2	163.0	238.6	-17.78	0.98	5.18	0.79004	0.06555	0.60742	0.04175
5109	IMU1	PARENT_BOTTOM_FIXED	0x33	-99.1	-903.3	437.7	-2.66	-15.40	6.79	0.06696	0.00440	0.53467	-0.84326
5109	IMU2	CHILD_TOP_MOVING	0x34	-16.6	-991.6	-189.8	-0.84	-16.31	-3.92	0.01395	-0.01381	-0.77148	0.63623
5109	IMU3	POSITION_3_EXTRA	0x35	117.6	-981.4	-194.2	1.75	-18.48	-3.57	0.07727	0.01015	-0.77295	0.62939
5109	IMU4	POSITION_4_EXTRA	0x36	120.0	-988.2	163.0	3.22	-18.90	3.15	0.30566	-0.17493	-0.62402	0.69629
5117	IMU0	POSITION_0_EXTRA	0x32	-944.3	161.0	239.1	-18.83	1.82	5.18	0.79004	0.06476	0.60742	0.04294
5117	IMU1	PARENT_BOTTOM_FIXED	0x33	-99.6	-904.8	438.2	-2.94	-16.73	7.21	0.06812	0.00377	0.53467	-0.84326
5117	IMU2	CHILD_TOP_MOVING	0x34	-16.1	-992.6	-187.9	-0.35	-17.01	-4.13	0.01308	-0.01288	-0.77148	0.63623
5117	IMU3	POSITION_3_EXTRA	0x35	118.6	-982.3	-192.3	1.12	-18.90	-3.64	0.07635	0.01117	-0.77344	0.62939
5117	IMU4	POSITION_4_EXTRA	0x36	120.5	-988.7	159.1	3.57	-20.44	3.22	0.30469	-0.17407	-0.62402	0.69678
5125	IMU0	POSITION_0_EXTRA	0x32	-946.2	160.1	239.1	-20.44	2.45	5.39	0.79004	0.06384	0.60742	0.04419
5125	IMU1	PARENT_BOTTOM_FIXED	0x33	-99.6	-904.8	436.8	-2.94	-18.13	7.77	0.06934	0.00308	0.53467	-0.84326
5125	IMU2	CHILD_TOP_MOVING	0x34	-17.1	-993.1	-188.9	-0.07	-17.85	-4.27	0.01217	-0.01191	-0.77148	0.63623
5125	IMU3	POSITION_3_EXTRA	0x35	119.1	-981.9	-194.7	0.84	-19.60	-3.78	0.07538	0.01222	-0.77344	0.62939
5125	IMU4	POSITION_4_EXTRA	0x36	123.0	-988.2	157.6	3.57	-21.84	3.36	0.30347	-0.17322	-0.62451	0.69727
5134	IMU0	POSITION_0_EXTRA	0x32	-946.7	161.5	244.5	-22.33	2.80	5.81	0.79004	0.06287	0.60791	0.04553
5134	IMU1	PARENT_BOTTOM_FIXED	0x33	-99.6	-904.3	436.3	-3.01	-19.25	8.26	0.07068	0.00234	0.53467	-0.84277
5134	IMU2	CHILD_TOP_MOVING	0x34	-17.6	-994.1	-188.9	-0.14	-19.60	-4.69	0.01118	-0.01083	-0.77148	0.63672
5134	IMU3	POSITION_3_EXTRA	0x35	118.1	-981.9	-194.7	0.70	-20.65	-3.99	0.07434	0.01334	-0.77344	0.62939
5134	IMU4	POSITION_4_EXTRA	0x36	124.0	-987.2	160.6	3.64	-23.10	3.50	0.30225	-0.17212	-0.62451	0.69775
5142	IMU0	POSITION_0_EXTRA	0x32	-943.3	161.0	252.8	-23.73	3.64	5.88	0.78955	0.06180	0.60791	0.04697
5142	IMU1	PARENT_BOTTOM_FIXED	0x33	-98.6	-904.3	434.3	-3.15	-20.51	8.89	0.07202	0.00154	0.53467	-0.84277
5142	IMU2	CHILD_TOP_MOVING	0x34	-16.6	-993.1	-189.3	-0.14	-21.84	-5.04	0.01008	-0.00963	-0.77197	0.63672
5142	IMU3	POSITION_3_EXTRA	0x35	118.1	-982.8	-193.7	0.98	-22.05	-4.27	0.07330	0.01453	-0.77344	0.62939
5142	IMU4	POSITION_4_EXTRA	0x36	122.0	-988.2	159.6	4.06	-24.15	3.50	0.30078	-0.17114	-0.62500	0.69824
5150	IMU0	POSITION_0_EXTRA	0x32	-946.2	158.6	250.3	-24.50	4.27	6.02	0.78955	0.06067	0.60791	0.04846
5150	IMU1	PARENT_BOTTOM_FIXED	0x33	-96.6	-904.8	434.3	-3.22	-21.63	9.38	0.07336	0.00068	0.53418	-0.84131
5150	IMU2	CHILD_TOP_MOVING	0x34	-16.6	-992.1	-189.3	-0.21	-23.73	-5.53	0.00890	-0.00831	-0.77197	0.63672
5150	IMU3	POSITION_3_EXTRA	0x35	116.1	-983.3	-196.2	1.61	-23.52	-4.90	0.07214	0.01582	-0.77344	0.62939
5150	IMU4	POSITION_4_EXTRA	0x36	122.5	-988.7	158.6	4.55	-25.55	3.71	0.29956	-0.17004	-0.62500	0.69873
5159	IMU0	POSITION_0_EXTRA	0x32	-947.7	156.2	246.9	-25.41	3.85	6.44	0.78955	0.05948	0.60791	0.04996
5159	IMU1	PARENT_BOTTOM_FIXED	0x33	-94.7	-904.3	433.3	-3.36	-22.61	9.94	0.07489	-0.00023	0.53418	-0.84082
5159	IMU2	CHILD_TOP_MOVING	0x34	-15.6	-993.6	-188.9	-0.14	-25.55	-5.88	0.00764	-0.00688	-0.77197	0.63672
5159	IMU3	POSITION_3_EXTRA	0x35	118.6	-983.3	-196.2	2.80	-25.06	-5.53	0.07092	0.01723	-0.77344	0.62988
5159	IMU4	POSITION_4_EXTRA	0x36	123.0	-988.7	157.6	4.69	-26.67	3.85	0.29810	-0.16882	-0.62549	0.69971
5167	IMU0	POSITION_0_EXTRA	0x32	-945.3	154.7	245.0	-26.04	4.06	6.58	0.78955	0.05829	0.60840	0.05151
5167	IMU1	PARENT_BOTTOM_FIXED	0x33	-93.7	-905.7	431.9	-3.57	-23.59	10.57	0.07654	-0.00118	0.53418	-0.84082
5167	IMU2	CHILD_TOP_MOVING	0x34	-13.2	-994.5	-187.9	0.07	-27.30	-6.16	0.00631	-0.00535	-0.77197	0.63672
5167	IMU3	POSITION_3_EXTRA	0x35	121.0	-983.3	-195.2	3.92	-26.60	-6.16	0.06970	0.01877	-0.77344	0.62988
5167	IMU4	POSITION_4_EXTRA	0x36	124.4	-989.2	156.6	4.83	-27.65	3.92	0.29663	-0.16760	-0.62549	0.70020
5175	IMU0	POSITION_0_EXTRA	0x32	-946.2	153.7	245.0	-27.09	4.76	6.65	0.78906	0.05701	0.60840	0.05313
5175	IMU1	PARENT_BOTTOM_FIXED	0x33	-90.8	-907.2	431.9	-3.64	-24.64	10.99	0.07819	-0.00220	0.53418	-0.84082
5175	IMU2	CHILD_TOP_MOVING	0x34	-9.8	-994.1	-188.9	0.49	-28.21	-6.37	0.00496	-0.00375	-0.77197	0.63672
5175	IMU3	POSITION_3_EXTRA	0x35	123.5	-982.8	-195.2	4.83	-27.86	-6.65	0.06842	0.02040	-0.77344	0.62988
5175	IMU4	POSITION_4_EXTRA	0x36	126.4	-989.7	154.7	5.11	-28.77	4.06	0.29517	-0.16626	-0.62598	0.70068
5184	IMU0	POSITION_0_EXTRA	0x32	-946.7	153.7	246.4	-28.07	4.97	7.00	0.78906	0.05569	0.60840	0.05478
5184	IMU1	PARENT_BOTTOM_FIXED	0x33	-88.8	-908.7	429.9	-3.64	-25.48	11.41	0.07990	-0.00326	0.53418	-0.84033
5184	IMU2	CHILD_TOP_MOVING	0x34	-5.9	-994.1	-189.8	1.05	-28.49	-6.58	0.00361	-0.00211	-0.77148	0.63672
5184	IMU3	POSITION_3_EXTRA	0x35	125.9	-981.4	-199.1	5.46	-28.77	-7.07	0.06714	0.02211	-0.77295	0.63037
5184	IMU4	POSITION_4_EXTRA	0x36	128.8	-987.7	155.7	5.25	-29.75	4.06	0.29370	-0.16492	-0.62646	0.70166
5192	IMU0	POSITION_0_EXTRA	0x32	-945.3	152.7	250.8	-28.98	5.46	7.28	0.78906	0.05435	0.60889	0.05652
5192	IMU1	PARENT_BOTTOM_FIXED	0x33	-87.4	-909.1	428.5	-3.64	-26.46	11.76	0.08160	-0.00438	0.53418	-0.84033
5192	IMU2	CHILD_TOP_MOVING	0x34	-3.4	-992.6	-187.9	1.61	-28.77	-6.72	0.00227	-0.00043	-0.77148	0.63672
5192	IMU3	POSITION_3_EXTRA	0x35	125.9	-977.0	-200.1	5.25	-29.19	-7.35	0.06580	0.02386	-0.77295	0.63037
5192	IMU4	POSITION_4_EXTRA	0x36	129.3	-986.2	156.6	5.67	-30.45	4.06	0.29199	-0.16345	-0.62646	0.70215
5200	IMU0	POSITION_0_EXTRA	0x32	-943.3	152.3	252.8	-29.54	5.95	7.56	0.78906	0.05295	0.60889	0.05826
5200	IMU1	PARENT_BOTTOM_FIXED	0x33	-86.9	-910.6	426.5	-3.71	-27.30	12.04	0.08344	-0.00554	0.53418	-0.83984
5200	IMU2	CHILD_TOP_MOVING	0x34	-2.4	-990.6	-186.4	1.68	-29.26	-6.93	0.00091	0.00128	-0.77148	0.63672
5200	IMU3	POSITION_3_EXTRA	0x35	127.9	-974.0	-204.0	4.83	-29.75	-7.42	0.06445	0.02567	-0.77295	0.63086
5200	IMU4	POSITION_4_EXTRA	0x36	131.3	-984.3	156.2	6.02	-31.01	4.06	0.29053	-0.16199	-0.62695	0.70313
5209	IMU0	POSITION_0_EXTRA	0x32	-943.8	149.3	250.8	-30.03	6.51	7.84	0.78857	0.05154	0.60889	0.06006
5209	IMU1	PARENT_BOTTOM_FIXED	0x33	-85.9	-910.6	424.6	-3.85	-28.21	12.32	0.08527	-0.00675	0.53418	-0.83984
5209	IMU2	CHILD_TOP_MOVING	0x34	-1.0	-989.2	-189.3	1.61	-29.96	-7.07	-0.00047	0.00303	-0.77148	0.63721
5209	IMU3	POSITION_3_EXTRA	0x35	127.9	-974.0	-205.9	4.48	-29.96	-7.49	0.06311	0.02745	-0.77295	0.63086
5209	IMU4	POSITION_4_EXTRA	0x36	131.8	-983.8	155.7	6.51	-31.78	3.92	0.28882	-0.16052	-0.62744	0.70361
5217	IMU0	POSITION_0_EXTRA	0x32	-944.3	147.4	246.9	-30.45	6.79	8.12	0.78857	0.05008	0.60938	0.06189
5217	IMU1	PARENT_BOTTOM_FIXED	0x33	-83.9	-910.6	425.0	-3.92	-28.98	12.60	0.08716	-0.00801	0.53467	-0.83936
5217	IMU2	CHILD_TOP_MOVING	0x34	-1.5	-989.7	-193.2	1.68	-30.45	-7.28	-0.00187	0.00483	-0.77148	0.63721
5217	IMU3	POSITION_3_EXTRA	0x35	126.4	-975.0	-206.9	4.55	-30.45	-7.77	0.06177	0.02928	-0.77295	0.63086
5217	IMU4	POSITION_4_EXTRA	0x36	132.7	-984.3	154.2	7.00	-32.48	3.78	0.28735	-0.15894	-0.62744	0.70459
5225	IMU0	POSITION_0_EXTRA	0x32	-943.8	145.4	244.5	-31.22	7.14	8.40	0.78809	0.04861	0.60938	0.06378
5225	IMU1	PARENT_BOTTOM_FIXED	0x33	-84.9	-910.1	423.1	-4.06	-29.75	12.81	0.08911	-0.00930	0.53467	-0.83936
5225	IMU2	CHILD_TOP_MOVING	0x34	-2.0	-989.2	-196.2	1.89	-30.52	-7.49	-0.00327	0.00662	-0.77148	0.63721
5225	IMU3	POSITION_3_EXTRA	0x35	125.9	-976.5	-208.4	4.90	-31.43	-8.12	0.06036	0.03119	-0.77295	0.63086
5225	IMU4	POSITION_4_EXTRA	0x36	133.7	-984.8	152.3	7.14	-33.11	3.71	0.28564	-0.15735	-0.62793	0.70508
5234	IMU0	POSITION_0_EXTRA	0x32	-944.8	144.4	246.4	-31.99	7.49	8.68	0.78809	0.04709	0.60986	0.06567
5234	IMU1	PARENT_BOTTOM_FIXED	0x33	-84.4	-909.6	421.6	-4.20	-30.38	13.09	0.09106	-0.01062	0.53467	-0.83887
5234	IMU2	CHILD_TOP_MOVING	0x34	-2.9	-989.2	-197.6	2.24	-30.38	-7.63	-0.00466	0.00842	-0.77100	0.63721
5234	IMU3	POSITION_3_EXTRA	0x35	125.4	-975.5	-207.9	5.04	-32.34	-8.33	0.05890	0.03314	-0.77295	0.63135
5234	IMU4	POSITION_4_EXTRA	0x36	134.2	-985.3	153.2	7.14	-33.67	3.78	0.28394	-0.15564	-0.62842	0.70605
5242	IMU0	POSITION_0_EXTRA	0x32	-943.3	145.4	249.4	-32.55	7.91	8.75	0.78760	0.04553	0.60986	0.06763
5242	IMU1	PARENT_BOTTOM_FIXED	0x33	-83.9	-910.1	421.6	-4.13	-31.08	13.30	0.09308	-0.01197	0.53467	-0.83887
5242	IMU2	CHILD_TOP_MOVING	0x34	-2.9	-986.7	-199.6	2.59	-30.38	-7.77	-0.00604	0.01022	-0.77100	0.63721
5242	IMU3	POSITION_3_EXTRA	0x35	125.9	-973.1	-207.9	5.11	-33.04	-8.54	0.05743	0.03513	-0.77246	0.63135
5242	IMU4	POSITION_4_EXTRA	0x36	133.7	-983.3	152.7	7.14	-34.23	3.85	0.28223	-0.15405	-0.62842	0.70654
5250	IMU0	POSITION_0_EXTRA	0x32	-941.8	144.9	251.3	-32.83	8.19	8.89	0.78711	0.04398	0.61035	0.06958
5250	IMU1	PARENT_BOTTOM_FIXED	0x33	-83.4	-911.1	421.6	-4.13	-31.64	13.51	0.09515	-0.01336	0.53467	-0.83838
5250	IMU2	CHILD_TOP_MOVING	0x34	-2.9	-985.3	-199.1	2.59	-30.87	-7.91	-0.00745	0.01206	-0.77100	0.63770
5250	IMU3	POSITION_3_EXTRA	0x35	126.9	-972.1	-205.9	5.25	-33.67	-8.61	0.05591	0.03714	-0.77246	0.63135
5250	IMU4	POSITION_4_EXTRA	0x36	133.7	-981.9	152.3	7.07	-34.65	3.85	0.28052	-0.15234	-0.62891	0.70752
5259	IMU0	POSITION_0_EXTRA	0x32	-941.8	144.0	248.4	-33.04	8.19	9.10	0.78711	0.04242	0.61084	0.07153
5259	IMU1	PARENT_BOTTOM_FIXED	0x33	-82.5	-912.6	421.6	-3.99	-32.13	13.79	0.09723	-0.01476	0.53467	-0.83789
5259	IMU2	CHILD_TOP_MOVING	0x34	-2.4	-985.8	-198.6	2.24	-32.13	-8.19	-0.00891	0.01398	-0.77100	0.63770
5259	IMU3	POSITION_3_EXTRA	0x35	127.9	-973.1	-205.9	5.18	-34.16	-8.68	0.05438	0.03922	-0.77246	0.63135
5259	IMU4	POSITION_4_EXTRA	0x36	135.2	-982.3	154.2	7.07	-35.28	3.99	0.27881	-0.15063	-0.62939	0.70801
5267	IMU0	POSITION_0_EXTRA	0x32	-942.8	142.0	246.0	-33.32	8.47	9.17	0.78662	0.04083	0.61084	0.07355
5267	IMU1	PARENT_BOTTOM_FIXED	0x33	-79.5	-914.0	421.6	-3.85	-32.69	13.93	0.09930	-0.01622	0.53467	-0.83789
5267	IMU2	CHILD_TOP_MOVING	0x34	-1.0	-986.2	-197.6	1.82	-33.67	-8.54	-0.01044	0.01599	-0.77100	0.63770
5267	IMU3	POSITION_3_EXTRA	0x35	129.3	-974.0	-206.4	5.04	-34.65	-8.75	0.05283	0.04129	-0.77246	0.63135
5267	IMU4	POSITION_4_EXTRA	0x36	137.1	-982.3	154.2	7.07	-35.84	4.06	0.27710	-0.14880	-0.62939	0.70898
5275	IMU0	POSITION_0_EXTRA	0x32	-944.3	141.5	243.5	-33.74	8.47	9.31	0.78662	0.03922	0.61133	0.07556
5275	IMU1	PARENT_BOTTOM_FIXED	0x33	-78.1	-914.5	421.6	-3.64	-33.04	14.14	0.10144	-0.01768	0.53467	-0.83740
5275	IMU2	CHILD_TOP_MOVING	0x34	1.5	-987.7	-199.6	1.82	-35.21	-8.68	-0.01203	0.01808	-0.77100	0.63770
5275	IMU3	POSITION_3_EXTRA	0x35	131.8	-973.6	-206.4	5.18	-35.49	-8.96	0.05124	0.04343	-0.77246	0.63184
5275	IMU4	POSITION_4_EXTRA	0x36	138.6	-982.8	153.2	7.07	-36.33	4.06	0.27515	-0.14709	-0.62988	0.70947
5284	IMU0	POSITION_0_EXTRA	0x32	-944.3	141.0	242.5	-34.09	8.82	9.31	0.78613	0.03757	0.61133	0.07758
5284	IMU1	PARENT_BOTTOM_FIXED	0x33	-75.6	-916.0	421.6	-3.43	-33.39	14.28	0.10358	-0.01918	0.53467	-0.83740
5284	IMU2	CHILD_TOP_MOVING	0x34	5.4	-987.7	-198.6	1.89	-36.68	-8.89	-0.01368	0.02028	-0.77051	0.63770
5284	IMU3	POSITION_3_EXTRA	0x35	134.7	-973.6	-206.9	5.46	-36.61	-9.31	0.04962	0.04565	-0.77246	0.63184
5284	IMU4	POSITION_4_EXTRA	0x36	140.5	-982.3	152.3	7.00	-36.82	4.13	0.27344	-0.14526	-0.63037	0.71045
5292	IMU0	POSITION_0_EXTRA	0x32	-945.3	141.0	242.0	-34.65	9.38	9.31	0.78564	0.03589	0.61182	0.07965
5292	IMU1	PARENT_BOTTOM_FIXED	0x33	-72.7	-917.4	421.6	-3.22	-33.67	14.35	0.10571	-0.02071	0.53467	-0.83691
5292	IMU2	CHILD_TOP_MOVING	0x34	7.3	-988.7	-198.6	2.03	-37.94	-9.17	-0.01538	0.02254	-0.77051	0.63770
5292	IMU3	POSITION_3_EXTRA	0x35	137.1	-973.6	-210.3	5.81	-37.59	-9.52	0.04797	0.04797	-0.77197	0.63184
5292	IMU4	POSITION_4_EXTRA	0x36	142.5	-982.3	152.7	6.93	-37.24	4.20	0.27148	-0.14343	-0.63086	0.71143
5300	IMU0	POSITION_0_EXTRA	0x32	-945.7	140.1	246.4	-35.07	9.45	9.45	0.78516	0.03421	0.61230	0.08173
5300	IMU1	PARENT_BOTTOM_FIXED	0x33	-69.3	-917.9	422.6	-3.15	-33.95	14.28	0.10785	-0.02226	0.53467	-0.83643
5300	IMU2	CHILD_TOP_MOVING	0x34	12.2	-989.2	-198.1	1.96	-38.85	-9.31	-0.01711	0.02489	-0.77051	0.63770
5300	IMU3	POSITION_3_EXTRA	0x35	140.5	-974.5	-211.3	6.23	-38.43	-9.80	0.04630	0.05032	-0.77197	0.63184
5300	IMU4	POSITION_4_EXTRA	0x36	145.4	-983.3	151.3	7.07	-37.45	4.13	0.26978	-0.14148	-0.63135	0.71191
5309	IMU0	POSITION_0_EXTRA	0x32	-944.3	139.6	249.4	-35.35	9.52	9.45	0.78516	0.03247	0.61230	0.08380
5309	IMU1	PARENT_BOTTOM_FIXED	0x33	-66.9	-917.4	422.1	-3.01	-34.16	14.35	0.10999	-0.02383	0.53467	-0.83643
5309	IMU2	CHILD_TOP_MOVING	0x34	15.6	-990.2	-197.2	1.89	-39.41	-9.52	-0.01883	0.02727	-0.77051	0.63770
5309	IMU3	POSITION_3_EXTRA	0x35	143.0	-974.5	-213.7	6.93	-38.78	-10.22	0.04462	0.05273	-0.77197	0.63232
5309	IMU4	POSITION_4_EXTRA	0x36	147.9	-983.8	152.3	7.07	-37.66	4.06	0.26782	-0.13965	-0.63135	0.71289
5317	IMU0	POSITION_0_EXTRA	0x32	-945.3	138.6	252.3	-35.49	9.38	9.59	0.78467	0.03076	0.61279	0.08594
5317	IMU1	PARENT_BOTTOM_FIXED	0x33	-63.4	-916.5	419.7	-2.94	-34.16	14.35	0.11212	-0.02542	0.53467	-0.83594
5317	IMU2	CHILD_TOP_MOVING	0x34	20.0	-990.2	-195.7	1.89	-39.55	-9.73	-0.02054	0.02969	-0.77002	0.63770
5317	IMU3	POSITION_3_EXTRA	0x35	145.4	-973.6	-212.8	7.42	-38.85	-10.50	0.04297	0.05518	-0.77148	0.63232
5317	IMU4	POSITION_4_EXTRA	0x36	148.8	-983.8	151.3	7.28	-37.73	3.99	0.26611	-0.13770	-0.63184	0.71338
5325	IMU0	POSITION_0_EXTRA	0x32	-944.8	138.1	252.8	-35.63	9.17	9.73	0.78418	0.02904	0.61279	0.08801
5325	IMU1	PARENT_BOTTOM_FIXED	0x33	-59.5	-914.5	422.1	-2.94	-34.09	14.21	0.11420	-0.02704	0.53467	-0.83594
5325	IMU2	CHILD_TOP_MOVING	0x34	22.9	-990.2	-194.2	1.96	-39.13	-9.94	-0.02220	0.03214	-0.77002	0.63770
5325	IMU3	POSITION_3_EXTRA	0x35	146.9	-972.6	-212.8	7.35	-38.29	-10.64	0.04135	0.05762	-0.77148	0.63232
5325	IMU4	POSITION_4_EXTRA	0x36	149.8	-984.8	150.8	7.56	-37.66	3.78	0.26416	-0.13574	-0.63232	0.71436
5334	IMU0	POSITION_0_EXTRA	0x32	-944.8	136.2	251.3	-35.56	8.96	9.87	0.78369	0.02731	0.61328	0.09015
5334	IMU1	PARENT_BOTTOM_FIXED	0x33	-59.0	-913.5	421.1	-2.94	-33.95	14.21	0.11633	-0.02864	0.53467	-0.83545
5334	IMU2	CHILD_TOP_MOVING	0x34	24.9	-989.7	-192.8	1.89	-38.29	-10.08	-0.02380	0.03452	-0.77002	0.63770
5334	IMU3	POSITION_3_EXTRA	0x35	148.8	-970.6	-212.8	6.93	-37.31	-10.64	0.03983	0.06000	-0.77100	0.63281
5334	IMU4	POSITION_4_EXTRA	0x36	152.7	-982.8	151.8	7.77	-37.59	3.64	0.26245	-0.13391	-0.63281	0.71484
5342	IMU0	POSITION_0_EXTRA	0x32	-945.3	134.2	250.8	-35.42	8.54	9.94	0.78369	0.02560	0.61328	0.09222
5342	IMU1	PARENT_BOTTOM_FIXED	0x33	-56.6	-913.0	420.7	-3.01	-33.67	14.07	0.11841	-0.03023	0.53467	-0.83496
5342	IMU2	CHILD_TOP_MOVING	0x34	26.8	-988.7	-191.8	1.82	-37.03	-10.15	-0.02533	0.03687	-0.76953	0.63770
5342	IMU3	POSITION_3_EXTRA	0x35	151.3	-970.1	-211.8	6.09	-36.54	-10.43	0.03833	0.06235	-0.77100	0.63281
5342	IMU4	POSITION_4_EXTRA	0x36	154.2	-981.9	150.8	7.77	-37.45	3.64	0.26074	-0.13196	-0.63281	0.71533
5350	IMU0	POSITION_0_EXTRA	0x32	-945.7	133.7	250.8	-35.35	8.19	10.15	0.78320	0.02390	0.61328	0.09436
5350	IMU1	PARENT_BOTTOM_FIXED	0x33	-54.7	-911.6	420.7	-2.94	-33.25	14.00	0.12042	-0.03183	0.53467	-0.83496
5350	IMU2	CHILD_TOP_MOVING	0x34	29.8	-987.7	-191.8	1.82	-35.63	-10.22	-0.02675	0.03915	-0.76953	0.63770
5350	IMU3	POSITION_3_EXTRA	0x35	154.2	-968.2	-211.3	5.39	-36.12	-10.22	0.03683	0.06470	-0.77100	0.63281
5350	IMU4	POSITION_4_EXTRA	0x36	157.6	-979.9	152.3	7.98	-37.24	3.50	0.25879	-0.13000	-0.63330	0.71631
5359	IMU0	POSITION_0_EXTRA	0x32	-945.3	132.7	250.3	-35.14	8.05	10.08	0.78271	0.02220	0.61377	0.09644
5359	IMU1	PARENT_BOTTOM_FIXED	0x33	-53.2	-909.1	422.6	-2.94	-32.97	13.79	0.12250	-0.03339	0.53467	-0.83447
5359	IMU2	CHILD_TOP_MOVING	0x34	30.7	-986.2	-192.3	2.03	-34.30	-10.29	-0.02811	0.04138	-0.76953	0.63770
5359	IMU3	POSITION_3_EXTRA	0x35	156.2	-965.8	-212.3	4.90	-35.77	-10.15	0.03540	0.06696	-0.77100	0.63281
5359	IMU4	POSITION_4_EXTRA	0x36	160.1	-978.0	152.3	8.05	-37.10	3.36	0.25708	-0.12793	-0.63379	0.71680
5367	IMU0	POSITION_0_EXTRA	0x32	-946.2	132.2	250.3	-34.86	7.98	10.08	0.78271	0.02052	0.61377	0.09851
5367	IMU1	PARENT_BOTTOM_FIXED	0x33	-51.7	-909.6	422.6	-2.87	-32.69	13.58	0.12445	-0.03497	0.53418	-0.83447
5367	IMU2	CHILD_TOP_MOVING	0x34	33.2	-986.2	-192.3	2.52	-33.18	-10.22	-0.02939	0.04358	-0.76904	0.63770
5367	IMU3	POSITION_3_EXTRA	0x35	158.6	-965.3	-213.3	4.69	-35.70	-10.15	0.03397	0.06927	-0.77051	0.63281
5367	IMU4	POSITION_4_EXTRA	0x36	162.0	-977.5	152.3	8.12	-36.89	3.22	0.25537	-0.12598	-0.63379	0.71777
5375	IMU0	POSITION_0_EXTRA	0x32	-945.7	131.8	252.3	-34.44	7.98	10.01	0.78223	0.01886	0.61377	0.10059
5375	IMU1	PARENT_BOTTOM_FIXED	0x33	-50.3	-910.1	421.6	-2.73	-32.27	13.23	0.12646	-0.03653	0.53418	-0.83398
5375	IMU2	CHILD_TOP_MOVING	0x34	34.6	-985.8	-193.2	2.80	-32.41	-10.29	-0.03062	0.04575	-0.76904	0.63770
5375	IMU3	POSITION_3_EXTRA	0x35	159.6	-966.2	-215.2	4.62	-35.56	-10.22	0.03253	0.07159	-0.77051	0.63281
5375	IMU4	POSITION_4_EXTRA	0x36	164.0	-977.5	151.8	8.26	-36.61	3.01	0.25366	-0.12402	-0.63428	0.71826
5384	IMU0	POSITION_0_EXTRA	0x32	-946.7	132.2	252.3	-33.88	8.05	10.01	0.78174	0.01721	0.61426	0.10260
5384	IMU1	PARENT_BOTTOM_FIXED	0x33	-49.3	-911.1	421.1	-2.38	-31.85	12.95	0.12830	-0.03809	0.53418	-0.83350
5384	IMU2	CHILD_TOP_MOVING	0x34	37.1	-986.7	-192.8	3.01	-32.06	-10.22	-0.03186	0.04788	-0.76855	0.63770
5384	IMU3	POSITION_3_EXTRA	0x35	162.0	-966.7	-216.2	4.76	-35.35	-10.36	0.03114	0.07391	-0.77051	0.63281
5384	IMU4	POSITION_4_EXTRA	0x36	165.9	-978.4	151.3	8.12	-36.26	2.87	0.25195	-0.12207	-0.63428	0.71924
5392	IMU0	POSITION_0_EXTRA	0x32	-947.2	131.8	253.8	-33.25	8.19	9.94	0.78174	0.01562	0.61426	0.10461
5392	IMU1	PARENT_BOTTOM_FIXED	0x33	-48.8	-913.0	422.1	-2.17	-31.36	12.67	0.13025	-0.03961	0.53418	-0.83350
5392	IMU2	CHILD_TOP_MOVING	0x34	39.0	-987.7	-192.8	2.87	-31.71	-10.29	-0.03302	0.05002	-0.76855	0.63770
5392	IMU3	POSITION_3_EXTRA	0x35	164.0	-966.7	-219.1	4.97	-34.93	-10.43	0.02979	0.07617	-0.77051	0.63232
5392	IMU4	POSITION_4_EXTRA	0x36	168.8	-979.4	152.3	7.84	-35.91	2.73	0.25024	-0.12012	-0.63477	0.71973
5400	IMU0	POSITION_0_EXTRA	0x32	-948.7	133.7	255.2	-32.48	8.26	9.94	0.78125	0.01406	0.61426	0.10657
5400	IMU1	PARENT_BOTTOM_FIXED	0x33	-49.3	-914.5	420.7	-1.96	-30.66	12.39	0.13208	-0.04111	0.53369	-0.83301
5400	IMU2	CHILD_TOP_MOVING	0x34	41.5	-988.2	-194.2	2.52	-31.71	-10.29	-0.03421	0.05215	-0.76807	0.63770
5400	IMU3	POSITION_3_EXTRA	0x35	166.9	-967.7	-219.6	5.32	-34.37	-10.50	0.02846	0.07849	-0.77002	0.63232
5400	IMU4	POSITION_4_EXTRA	0x36	171.3	-978.9	153.2	7.56	-35.42	2.59	0.24878	-0.11816	-0.63525	0.72021
5409	IMU0	POSITION_0_EXTRA	0x32	-950.1	135.2	255.7	-31.71	8.40	9.80	0.78076	0.01255	0.61475	0.10846
5409	IMU1	PARENT_BOTTOM_FIXED	0x33	-46.8	-915.5	422.6	-1.82	-30.24	12.18	0.13391	-0.04260	0.53369	-0.83301
5409	IMU2	CHILD_TOP_MOVING	0x34	44.4	-989.2	-194.2	2.10	-31.50	-10.29	-0.03534	0.05429	-0.76807	0.63770
5409	IMU3	POSITION_3_EXTRA	0x35	169.8	-967.2	-218.1	5.74	-33.81	-10.57	0.02718	0.08075	-0.77002	0.63232
5409	IMU4	POSITION_4_EXTRA	0x36	174.7	-977.5	155.2	7.28	-34.79	2.45	0.24719	-0.11621	-0.63525	0.72070
5417	IMU0	POSITION_0_EXTRA	0x32	-951.6	134.7	252.8	-31.15	8.19	9.87	0.78027	0.01108	0.61475	0.11041
5417	IMU1	PARENT_BOTTOM_FIXED	0x33	-48.3	-916.0	421.1	-1.82	-29.68	11.97	0.13562	-0.04404	0.53369	-0.83252
5417	IMU2	CHILD_TOP_MOVING	0x34	47.3	-988.7	-193.7	1.68	-31.15	-10.29	-0.03647	0.05643	-0.76807	0.63770
5417	IMU3	POSITION_3_EXTRA	0x35	172.8	-965.8	-217.6	6.09	-33.25	-10.64	0.02718	0.08301	-0.76953	0.63281
5417	IMU4	POSITION_4_EXTRA	0x36	178.1	-977.5	156.2	7.28	-34.23	2.31	0.24561	-0.11432	-0.63574	0.72168
5425	IMU0	POSITION_0_EXTRA	0x32	-950.6	135.7	250.8	-30.45	7.63	9.80	0.78027	0.00964	0.61475	0.11224
5425	IMU1	PARENT_BOTTOM_FIXED	0x33	-48.8	-917.0	422.6	-1.89	-29.19	11.83	0.13745	-0.04544	0.53369	-0.83252
5425	IMU2	CHILD_TOP_MOVING	0x34	50.3	-987.7	-193.2	1.54	-30.52	-10.15	-0.03757	0.05853	-0.76758	0.63770
5425	IMU3	POSITION_3_EXTRA	0x35	175.7	-964.3	-218.1	6.16	-32.48	-10.57	0.02594	0.08301	-0.76953	0.63281
5425	IMU4	POSITION_4_EXTRA	0x36	181.0	-976.5	156.6	7.21	-33.60	2.17	0.24414	-0.11237	-0.63574	0.72217
5434	IMU0	POSITION_0_EXTRA	0x32	-950.1	135.2	249.4	-29.82	7.56	9.66	0.77979	0.00825	0.61475	0.11407
5434	IMU1	PARENT_BOTTOM_FIXED	0x33	-48.3	-916.0	423.1	-1.89	-28.63	11.62	0.13916	-0.04684	0.53320	-0.83203
5434	IMU2	CHILD_TOP_MOVING	0x34	52.2	-987.7	-192.3	1.47	-29.61	-10.01	-0.03857	0.06061	-0.76758	0.63770
5434	IMU3	POSITION_3_EXTRA	0x35	179.1	-963.8	-215.2	5.95	-31.50	-10.29	0.02475	0.08527	-0.76953	0.63281
5434	IMU4	POSITION_4_EXTRA	0x36	184.5	-974.5	158.1	7.14	-32.83	2.10	0.24268	-0.11053	-0.63623	0.72266
5442	IMU0	POSITION_0_EXTRA	0x32	-951.1	133.7	246.0	-29.33	7.49	9.38	0.77930	0.00685	0.61523	0.11584
5442	IMU1	PARENT_BOTTOM_FIXED	0x33	-49.3	-915.0	422.6	-1.96	-28.14	11.41	0.14075	-0.04822	0.53320	-0.83154
5442	IMU2	CHILD_TOP_MOVING	0x34	55.1	-989.2	-188.9	1.54	-28.56	-9.87	-0.03955	0.06262	-0.76758	0.63770
5442	IMU3	POSITION_3_EXTRA	0x35	181.5	-963.8	-214.7	5.67	-30.45	-9.94	0.02361	0.08740	-0.76904	0.63281
5442	IMU4	POSITION_4_EXTRA	0x36	186.9	-973.6	159.6	7.00	-31.99	2.03	0.24133	-0.10864	-0.63623	0.72314
5450	IMU0	POSITION_0_EXTRA	0x32	-951.1	132.2	244.0	-29.12	7.00	9.24	0.77930	0.00546	0.61523	0.11761
5450	IMU1	PARENT_BOTTOM_FIXED	0x33	-48.3	-914.0	422.1	-2.10	-27.58	11.13	0.14246	-0.04956	0.53320	-0.83154
5450	IMU2	CHILD_TOP_MOVING	0x34	56.1	-986.7	-186.9	1.75	-27.23	-9.59	-0.04047	0.06451	-0.76709	0.63770
5450	IMU3	POSITION_3_EXTRA	0x35	184.0	-962.8	-215.2	5.11	-29.05	-9.52	0.02252	0.08954	-0.76904	0.63281
5450	IMU4	POSITION_4_EXTRA	0x36	188.4	-974.0	159.1	6.93	-31.15	1.89	0.23999	-0.10687	-0.63672	0.72363
5459	IMU0	POSITION_0_EXTRA	0x32	-950.1	131.3	243.5	-28.84	6.30	9.03	0.77881	0.00408	0.61523	0.11932
5459	IMU1	PARENT_BOTTOM_FIXED	0x33	-48.3	-913.0	422.6	-2.31	-26.88	10.92	0.14404	-0.05087	0.53320	-0.83105
5459	IMU2	CHILD_TOP_MOVING	0x34	58.1	-989.7	-187.4	1.75	-26.18	-9.31	-0.04135	0.06641	-0.76709	0.63770
5459	IMU3	POSITION_3_EXTRA	0x35	185.0	-963.8	-214.7	4.20	-27.65	-9.10	0.02151	0.09155	-0.76904	0.63281
5459	IMU4	POSITION_4_EXTRA	0x36	190.3	-974.0	156.2	7.00	-30.45	1.75	0.23865	-0.10504	-0.63672	0.72412
5467	IMU0	POSITION_0_EXTRA	0x32	-950.1	131.3	244.0	-28.42	5.88	8.75	0.77832	0.00271	0.61523	0.12103
5467	IMU1	PARENT_BOTTOM_FIXED	0x33	-45.9	-911.6	422.1	-2.52	-26.11	10.64	0.14563	-0.05215	0.53271	-0.83105
5467	IMU2	CHILD_TOP_MOVING	0x34	59.0	-988.2	-185.0	1.82	-25.06	-8.96	-0.04218	0.06818	-0.76660	0.63770
5467	IMU3	POSITION_3_EXTRA	0x35	184.5	-961.8	-215.2	3.43	-26.53	-8.68	0.02057	0.09351	-0.76855	0.63281
5467	IMU4	POSITION_4_EXTRA	0x36	190.3	-975.0	155.7	7.00	-29.61	1.54	0.23743	-0.10333	-0.63721	0.72461
5475	IMU0	POSITION_0_EXTRA	0x32	-950.6	130.8	246.0	-28.00	5.60	8.54	0.77832	0.00136	0.61523	0.12268
5475	IMU1	PARENT_BOTTOM_FIXED	0x33	-44.4	-910.6	421.6	-2.73	-25.34	10.43	0.14709	-0.05341	0.53271	-0.83057
5475	IMU2	CHILD_TOP_MOVING	0x34	58.6	-988.7	-184.5	1.96	-24.36	-8.68	-0.04297	0.06995	-0.76660	0.63770
5475	IMU3	POSITION_3_EXTRA	0x35	184.0	-962.3	-215.2	3.43	-26.53	-8.68	0.01965	0.09534	-0.76855	0.63232
5475	IMU4	POSITION_4_EXTRA	0x36	189.3	-973.6	157.6	7.14	-28.70	1.40	0.23621	-0.10162	-0.63721	0.72510
5484	IMU0	POSITION_0_EXTRA	0x32	-949.6	131.8	248.9	-27.30	5.32	8.33	0.77783	0.00004	0.61523	0.12433
5484	IMU1	PARENT_BOTTOM_FIXED	0x33	-41.5	-910.1	419.7	-2.94	-24.43	10.15	0.14856	-0.05463	0.53271	-0.83008
5484	IMU2	CHILD_TOP_MOVING	0x34	60.5	-987.2	-184.5	2.10	-23.94	-8.61	-0.04373	0.07166	-0.76611	0.63770
5484	IMU3	POSITION_3_EXTRA	0x35	184.5	-961.4	-215.2	2.45	-24.92	-8.05	0.01878	0.09711	-0.76855	0.63232
5484	IMU4	POSITION_4_EXTRA	0x36	188.4	-972.6	160.1	7.00	-28.00	1.26	0.23499	-0.09998	-0.63721	0.72559
5492	IMU0	POSITION_0_EXTRA	0x32	-948.7	132.2	249.9	-26.25	5.25	8.12	0.77783	-0.00122	0.61523	0.12598
5492	IMU1	PARENT_BOTTOM_FIXED	0x33	-40.0	-909.6	419.2	-3.08	-23.45	9.87	0.15002	-0.05582	0.53271	-0.83008
5492	IMU2	CHILD_TOP_MOVING	0x34	61.0	-986.7	-184.5	2.10	-23.66	-8.40	-0.04453	0.07336	-0.76611	0.63818
5492	IMU3	POSITION_3_EXTRA	0x35	184.5	-961.4	-215.2	2.45	-24.92	-8.05	0.01794	0.09888	-0.76855	0.63232
5492	IMU4	POSITION_4_EXTRA	0x36	190.8	-970.1	161.0	6.86	-27.09	1.12	0.23389	-0.09833	-0.63770	0.72607
5500	IMU0	POSITION_0_EXTRA	0x32	-949.6	131.8	250.3	-25.20	4.76	8.05	0.77734	-0.00242	0.61523	0.12744
5500	IMU1	PARENT_BOTTOM_FIXED	0x33	-37.1	-909.6	416.8	-3.22	-22.40	9.59	0.15125	-0.05695	0.53271	-0.82959
5500	IMU2	CHILD_TOP_MOVING	0x34	62.0	-985.8	-184.0	1.96	-23.17	-8.19	-0.04526	0.07501	-0.76563	0.63818
5500	IMU3	POSITION_3_EXTRA	0x35	184.5	-960.4	-215.7	2.66	-24.64	-8.12	0.01712	0.10059	-0.76807	0.63232
5500	IMU4	POSITION_4_EXTRA	0x36	192.8	-970.6	161.0	6.44	-26.11	0.98	0.23279	-0.09674	-0.63770	0.72656
5509	IMU0	POSITION_0_EXTRA	0x32	-948.7	132.7	249.9	-24.08	4.13	8.05	0.77734	-0.00356	0.61523	0.12891
5509	IMU1	PARENT_BOTTOM_FIXED	0x33	-36.1	-909.1	415.8	-3.36	-21.42	9.24	0.15259	-0.05804	0.53271	-0.82910
5509	IMU2	CHILD_TOP_MOVING	0x34	63.4	-985.3	-184.0	1.75	-22.33	-8.05	-0.04599	0.07660	-0.76563	0.63818
5509	IMU3	POSITION_3_EXTRA	0x35	186.4	-960.9	-215.7	3.15	-24.29	-8.12	0.01631	0.10229	-0.76807	0.63184
5509	IMU4	POSITION_4_EXTRA	0x36	194.2	-970.6	161.5	6.30	-25.13	0.91	0.23181	-0.09521	-0.63770	0.72705
5517	IMU0	POSITION_0_EXTRA	0x32	-948.2	131.8	249.4	-23.10	3.71	7.98	0.77686	-0.00463	0.61523	0.13025
5517	IMU1	PARENT_BOTTOM_FIXED	0x33	-36.6	-910.6	414.8	-3.50	-20.44	8.89	0.15381	-0.05911	0.53271	-0.82910
5517	IMU2	CHILD_TOP_MOVING	0x34	63.9	-985.8	-184.0	1.68	-20.93	-7.77	-0.04663	0.07813	-0.76563	0.63818
5517	IMU3	POSITION_3_EXTRA	0x35	187.9	-960.4	-216.7	3.71	-23.94	-8.19	0.01552	0.10400	-0.76807	0.63184
5517	IMU4	POSITION_4_EXTRA	0x36	194.7	-969.2	162.0	6.09	-24.29	0.77	0.23083	-0.09369	-0.63818	0.72754
5525	IMU0	POSITION_0_EXTRA	0x32	-947.7	130.8	249.4	-22.19	3.15	7.84	0.77686	-0.00566	0.61523	0.13159
5525	IMU1	PARENT_BOTTOM_FIXED	0x33	-36.6	-910.1	414.3	-3.71	-19.46	8.47	0.15491	-0.06012	0.53271	-0.82861
5525	IMU2	CHILD_TOP_MOVING	0x34	66.4	-984.3	-183.5	1.68	-19.18	-7.49	-0.04718	0.07959	-0.76514	0.63818
5525	IMU3	POSITION_3_EXTRA	0x35	188.9	-958.4	-216.2	4.06	-23.10	-8.05	0.01476	0.10565	-0.76758	0.63184
5525	IMU4	POSITION_4_EXTRA	0x36	195.7	-968.7	160.6	5.95	-23.31	0.63	0.22986	-0.09229	-0.63818	0.72754
5534	IMU0	POSITION_0_EXTRA	0x32	-946.2	130.8	251.3	-21.14	3.43	7.35	0.77686	-0.00666	0.61523	0.13293
5534	IMU1	PARENT_BOTTOM_FIXED	0x33	-37.6	-911.1	413.8	-3.85	-18.55	7.98	0.15601	-0.06110	0.53271	-0.82812
5534	IMU2	CHILD_TOP_MOVING	0x34	66.4	-984.3	-182.0	1.61	-17.08	-7.07	-0.04764	0.08087	-0.76514	0.63818
5534	IMU3	POSITION_3_EXTRA	0x35	189.8	-957.0	-216.2	4.20	-21.98	-7.91	0.01408	0.10724	-0.76758	0.63184
5534	IMU4	POSITION_4_EXTRA	0x36	196.7	-968.7	162.0	5.81	-22.26	0.49	0.22900	-0.09088	-0.63818	0.72803
5542	IMU0	POSITION_0_EXTRA	0x32	-947.2	128.3	252.3	-20.23	3.92	6.86	0.77637	-0.00764	0.61523	0.13416
5542	IMU1	PARENT_BOTTOM_FIXED	0x33	-38.6	-913.5	413.8	-4.06	-17.57	7.56	0.15698	-0.06204	0.53320	-0.82812
5542	IMU2	CHILD_TOP_MOVING	0x34	68.3	-984.8	-183.0	1.33	-15.26	-6.65	-0.04803	0.08209	-0.76465	0.63818
5542	IMU3	POSITION_3_EXTRA	0x35	191.3	-957.0	-216.2	3.92	-20.30	-7.42	0.01346	0.10876	-0.76758	0.63184
5542	IMU4	POSITION_4_EXTRA	0x36	199.1	-969.2	162.0	5.39	-21.28	0.42	0.22815	-0.08954	-0.63818	0.72852
5550	IMU0	POSITION_0_EXTRA	0x32	-948.7	127.9	244.5	-19.81	4.06	6.44	0.77637	-0.00863	0.61523	0.13538
5550	IMU1	PARENT_BOTTOM_FIXED	0x33	-38.6	-914.5	413.8	-4.20	-16.66	7.14	0.15796	-0.06293	0.53320	-0.82764
5550	IMU2	CHILD_TOP_MOVING	0x34	69.3	-986.2	-183.5	1.19	-13.93	-6.37	-0.04834	0.08325	-0.76465	0.63818
5550	IMU3	POSITION_3_EXTRA	0x35	193.7	-957.9	-217.2	3.43	-18.62	-6.93	0.01292	0.11017	-0.76709	0.63184
5550	IMU4	POSITION_4_EXTRA	0x36	200.6	-970.6	162.0	4.97	-20.23	0.28	0.22742	-0.08826	-0.63867	0.72852
5559	IMU0	POSITION_0_EXTRA	0x32	-951.6	130.8	246.9	-18.83	2.73	6.37	0.77588	-0.00954	0.61523	0.13647
5559	IMU1	PARENT_BOTTOM_FIXED	0x33	-40.5	-917.9	413.8	-4.20	-15.75	6.79	0.15894	-0.06378	0.53320	-0.82715
5559	IMU2	CHILD_TOP_MOVING	0x34	70.3	-986.7	-184.5	1.12	-12.95	-5.95	-0.04861	0.08429	-0.76465	0.63818
5559	IMU3	POSITION_3_EXTRA	0x35	195.7	-958.4	-216.7	2.73	-16.94	-6.44	0.01247	0.11145	-0.76709	0.63184
5559	IMU4	POSITION_4_EXTRA	0x36	201.1	-970.6	163.5	4.55	-19.25	0.21	0.22668	-0.08698	-0.63867	0.72900
5567	IMU0	POSITION_0_EXTRA	0x32	-950.1	133.7	258.6	-17.71	2.17	6.23	0.77588	-0.01036	0.61475	0.13757
5567	IMU1	PARENT_BOTTOM_FIXED	0x33	-41.5	-919.9	415.8	-4.13	-14.77	6.37	0.15979	-0.06451	0.53320	-0.82715
5567	IMU2	CHILD_TOP_MOVING	0x34	69.3	-986.2	-185.9	0.98	-12.04	-5.67	-0.04886	0.08533	-0.76465	0.63818
5567	IMU3	POSITION_3_EXTRA	0x35	194.2	-959.4	-217.2	2.17	-15.82	-6.02	0.01204	0.11267	-0.76709	0.63184
5567	IMU4	POSITION_4_EXTRA	0x36	201.1	-969.2	164.9	4.20	-18.20	0.07	0.22607	-0.08582	-0.63867	0.72900
5575	IMU0	POSITION_0_EXTRA	0x32	-950.1	137.6	271.3	-15.89	3.57	5.46	0.77588	-0.01112	0.61475	0.13855
5575	IMU1	PARENT_BOTTOM_FIXED	0x33	-43.9	-921.8	414.8	-3.85	-13.93	5.95	0.16052	-0.06531	0.53369	-0.82666
5575	IMU2	CHILD_TOP_MOVING	0x34	66.9	-983.8	-185.9	0.84	-11.20	-5.39	-0.04910	0.08624	-0.76416	0.63818
5575	IMU3	POSITION_3_EXTRA	0x35	192.8	-958.4	-215.7	1.82	-14.98	-5.67	0.01165	0.11377	-0.76709	0.63184
5575	IMU4	POSITION_4_EXTRA	0x36	200.1	-966.7	165.9	4.06	-17.22	-0.07	0.22546	-0.08472	-0.63867	0.72949
5584	IMU0	POSITION_0_EXTRA	0x32	-951.6	139.1	266.9	-14.28	3.92	5.25	0.77588	-0.01178	0.61475	0.13940
5584	IMU1	PARENT_BOTTOM_FIXED	0x33	-43.9	-923.3	414.3	-3.64	-13.02	5.53	0.16125	-0.06598	0.53369	-0.82666
5584	IMU2	CHILD_TOP_MOVING	0x34	65.4	-984.8	-185.9	0.49	-10.71	-5.18	-0.04932	0.08716	-0.76416	0.63818
5584	IMU3	POSITION_3_EXTRA	0x35	189.8	-957.5	-217.2	1.54	-14.63	-5.39	0.01125	0.11487	-0.76709	0.63135
5584	IMU4	POSITION_4_EXTRA	0x36	199.1	-966.7	165.4	3.92	-15.96	-0.21	0.22485	-0.08362	-0.63867	0.72949
5592	IMU0	POSITION_0_EXTRA	0x32	-953.6	136.2	260.6	-13.30	2.73	5.60	0.77588	-0.01238	0.61475	0.14026
5592	IMU1	PARENT_BOTTOM_FIXED	0x33	-43.4	-924.3	414.3	-3.36	-12.18	4.97	0.16199	-0.06665	0.53369	-0.82617
5592	IMU2	CHILD_TOP_MOVING	0x34	65.9	-985.3	-185.0	0.28	-10.36	-4.97	-0.04953	0.08801	-0.76416	0.63818
5592	IMU3	POSITION_3_EXTRA	0x35	189.3	-957.9	-218.1	1.47	-14.21	-5.18	0.01085	0.11597	-0.76660	0.63135
5592	IMU4	POSITION_4_EXTRA	0x36	200.1	-967.7	164.0	3.78	-14.77	-0.28	0.22437	-0.08264	-0.63916	0.72998
5600	IMU0	POSITION_0_EXTRA	0x32	-950.6	134.7	257.2	-12.32	0.56	6.02	0.77588	-0.01290	0.61475	0.14111
5600	IMU1	PARENT_BOTTOM_FIXED	0x33	-43.9	-924.3	414.8	-2.94	-11.55	4.55	0.16260	-0.06726	0.53369	-0.82617
5600	IMU2	CHILD_TOP_MOVING	0x34	66.9	-986.7	-185.9	-0.14	-9.80	-4.62	-0.04971	0.08881	-0.76416	0.63818
5600	IMU3	POSITION_3_EXTRA	0x35	192.3	-958.4	-220.1	1.61	-13.72	-5.04	0.01048	0.11700	-0.76660	0.63135
5600	IMU4	POSITION_4_EXTRA	0x36	203.0	-969.7	161.0	3.36	-13.58	-0.28	0.22388	-0.08173	-0.63916	0.72998
5609	IMU0	POSITION_0_EXTRA	0x32	-949.6	133.7	250.8	-11.62	0.21	5.74	0.77539	-0.01339	0.61426	0.14185
5609	IMU1	PARENT_BOTTOM_FIXED	0x33	-42.5	-924.8	415.3	-2.45	-10.99	4.06	0.16321	-0.06787	0.53369	-0.82568
5609	IMU2	CHILD_TOP_MOVING	0x34	69.3	-987.2	-185.4	-0.49	-9.31	-4.13	-0.04990	0.08960	-0.76416	0.63770
5609	IMU3	POSITION_3_EXTRA	0x35	194.2	-958.9	-222.0	1.96	-13.23	-4.83	0.01013	0.11798	-0.76660	0.63135
5609	IMU4	POSITION_4_EXTRA	0x36	204.0	-971.6	157.1	2.94	-12.53	-0.35	0.22339	-0.08087	-0.63916	0.72998
5617	IMU0	POSITION_0_EXTRA	0x32	-948.2	133.2	245.0	-11.06	0.07	5.32	0.77539	-0.01386	0.61426	0.14258
5617	IMU1	PARENT_BOTTOM_FIXED	0x33	-42.0	-925.7	417.7	-1.96	-10.36	3.57	0.16370	-0.06848	0.53418	-0.82568
5617	IMU2	CHILD_TOP_MOVING	0x34	70.3	-987.2	-186.4	-0.35	-8.82	-3.85	-0.05008	0.09033	-0.76416	0.63770
5617	IMU3	POSITION_3_EXTRA	0x35	195.2	-958.9	-224.0	2.24	-12.67	-4.48	0.00980	0.11896	-0.76660	0.63086
5617	IMU4	POSITION_4_EXTRA	0x36	205.0	-970.6	156.2	2.59	-11.62	-0.49	0.22302	-0.08008	-0.63916	0.72998
5625	IMU0	POSITION_0_EXTRA	0x32	-944.8	134.7	245.5	-10.64	0.49	4.62	0.77539	-0.01434	0.61426	0.14331
5625	IMU1	PARENT_BOTTOM_FIXED	0x33	-40.5	-926.2	418.7	-1.61	-9.87	3.15	0.16418	-0.06909	0.53418	-0.82568
5625	IMU2	CHILD_TOP_MOVING	0x34	71.7	-987.2	-188.4	-0.14	-8.26	-3.50	-0.05020	0.09106	-0.76416	0.63770
5625	IMU3	POSITION_3_EXTRA	0x35	194.7	-958.4	-225.9	2.31	-11.83	-4.27	0.00949	0.11987	-0.76660	0.63086
5625	IMU4	POSITION_4_EXTRA	0x36	205.4	-971.6	154.2	2.24	-10.64	-0.49	0.22278	-0.07928	-0.63965	0.73047
5634	IMU0	POSITION_0_EXTRA	0x32	-943.8	136.6	248.9	-9.94	1.61	3.64	0.77539	-0.01483	0.61426	0.14392
5634	IMU1	PARENT_BOTTOM_FIXED	0x33	-40.0	-924.8	420.7	-1.19	-9.31	2.73	0.16467	-0.06964	0.53369	-0.82520
5634	IMU2	CHILD_TOP_MOVING	0x34	71.2	-987.2	-189.3	0.00	-7.49	-3.15	-0.05035	0.09167	-0.76367	0.63770
5634	IMU3	POSITION_3_EXTRA	0x35	194.7	-959.4	-225.9	2.24	-10.64	-3.99	0.00924	0.12073	-0.76660	0.63086
5634	IMU4	POSITION_4_EXTRA	0x36	203.5	-972.6	152.7	1.82	-9.59	-0.56	0.22241	-0.07861	-0.63965	0.73047
5642	IMU0	POSITION_0_EXTRA	0x32	-940.9	139.6	257.7	-9.52	2.31	3.08	0.77539	-0.01530	0.61426	0.14441
5642	IMU1	PARENT_BOTTOM_FIXED	0x33	-40.0	-924.8	423.1	-0.91	-8.61	2.38	0.16504	-0.07013	0.53369	-0.82520
5642	IMU2	CHILD_TOP_MOVING	0x34	68.8	-988.7	-191.8	-0.14	-6.79	-2.87	-0.05045	0.09229	-0.76367	0.63770
5642	IMU3	POSITION_3_EXTRA	0x35	192.3	-960.4	-226.4	2.31	-9.38	-3.78	0.00903	0.12146	-0.76660	0.63086
5642	IMU4	POSITION_4_EXTRA	0x36	201.1	-974.5	150.3	1.68	-8.75	-0.63	0.22217	-0.07800	-0.63965	0.73047
5650	IMU0	POSITION_0_EXTRA	0x32	-937.4	142.5	266.4	-8.82	3.08	2.45	0.77539	-0.01576	0.61426	0.14502
5650	IMU1	PARENT_BOTTOM_FIXED	0x33	-42.5	-925.2	426.0	-0.42	-7.91	2.03	0.16541	-0.07062	0.53369	-0.82520
5650	IMU2	CHILD_TOP_MOVING	0x34	64.4	-990.6	-195.2	-0.49	-6.16	-2.66	-0.05057	0.09277	-0.76367	0.63770
5650	IMU3	POSITION_3_EXTRA	0x35	187.9	-961.8	-226.4	2.31	-8.05	-3.43	0.00886	0.12213	-0.76660	0.63086
5650	IMU4	POSITION_4_EXTRA	0x36	198.6	-977.5	150.3	1.54	-8.12	-0.63	0.22192	-0.07739	-0.64014	0.73047
5659	IMU0	POSITION_0_EXTRA	0x32	-937.4	143.5	267.4	-8.19	3.71	2.03	0.77539	-0.01620	0.61377	0.14539
5659	IMU1	PARENT_BOTTOM_FIXED	0x33	-42.5	-925.2	428.5	0.07	-7.35	1.75	0.16577	-0.07104	0.53369	-0.82520
5659	IMU2	CHILD_TOP_MOVING	0x34	60.5	-993.1	-197.2	-1.05	-5.67	-2.59	-0.05066	0.09326	-0.76416	0.63721
5659	IMU3	POSITION_3_EXTRA	0x35	184.5	-965.3	-227.9	2.03	-6.86	-3.08	0.00871	0.12268	-0.76611	0.63086
5659	IMU4	POSITION_4_EXTRA	0x36	196.7	-980.9	148.8	1.54	-7.35	-0.56	0.22168	-0.07690	-0.64014	0.73047
5667	IMU0	POSITION_0_EXTRA	0x32	-938.4	141.5	261.6	-7.42	3.85	1.68	0.77490	-0.01663	0.61426	0.14587
5667	IMU1	PARENT_BOTTOM_FIXED	0x33	-44.9	-925.2	430.9	0.63	-6.86	1.54	0.16614	-0.07147	0.53369	-0.82520
5667	IMU2	CHILD_TOP_MOVING	0x34	57.1	-995.5	-201.5	-1.33	-5.46	-2.45	-0.05078	0.09375	-0.76416	0.63721
5667	IMU3	POSITION_3_EXTRA	0x35	182.5	-969.2	-226.9	1.68	-6.30	-2.80	0.00858	0.12317	-0.76611	0.63086
5667	IMU4	POSITION_4_EXTRA	0x36	194.7	-984.3	144.9	1.75	-6.65	-0.56	0.22144	-0.07642	-0.64014	0.73047
5675	IMU0	POSITION_0_EXTRA	0x32	-938.4	139.1	257.2	-6.65	3.57	1.40	0.77490	-0.01703	0.61426	0.14624
5675	IMU1	PARENT_BOTTOM_FIXED	0x33	-44.9	-924.3	432.9	1.33	-6.30	1.33	0.16638	-0.07184	0.53320	-0.82520
5675	IMU2	CHILD_TOP_MOVING	0x34	55.1	-998.4	-203.5	-1.61	-5.60	-2.38	-0.05090	0.09418	-0.76416	0.63721
5675	IMU3	POSITION_3_EXTRA	0x35	180.6	-972.6	-225.9	1.47	-6.02	-2.52	0.00842	0.12366	-0.76611	0.63086
5675	IMU4	POSITION_4_EXTRA	0x36	194.2	-986.2	143.5	1.54	-6.02	-0.35	0.22131	-0.07605	-0.64063	0.72998
5684	IMU0	POSITION_0_EXTRA	0x32	-937.9	140.1	257.7	-5.88	3.64	0.98	0.77490	-0.01740	0.61426	0.14648
5684	IMU1	PARENT_BOTTOM_FIXED	0x33	-44.4	-923.8	434.8	1.96	-5.88	1.12	0.16663	-0.07214	0.53320	-0.82520
5684	IMU2	CHILD_TOP_MOVING	0x34	56.6	-998.4	-203.0	-1.40	-6.02	-2.24	-0.05106	0.09460	-0.76416	0.63672
5684	IMU3	POSITION_3_EXTRA	0x35	180.1	-974.5	-225.5	1.54	-6.02	-2.31	0.00826	0.12408	-0.76611	0.63037
5684	IMU4	POSITION_4_EXTRA	0x36	194.2	-987.7	141.0	1.40	-5.11	-0.21	0.22107	-0.07568	-0.64063	0.72998
5692	IMU0	POSITION_0_EXTRA	0x32	-936.5	142.5	262.1	-5.04	4.13	0.42	0.77490	-0.01773	0.61426	0.14673
5692	IMU1	PARENT_BOTTOM_FIXED	0x33	-43.9	-921.3	435.8	2.59	-5.32	0.91	0.16687	-0.07245	0.53271	-0.82568
5692	IMU2	CHILD_TOP_MOVING	0x34	58.1	-998.0	-199.6	-0.70	-6.23	-2.17	-0.05124	0.09509	-0.76416	0.63672
5692	IMU3	POSITION_3_EXTRA	0x35	181.0	-974.0	-224.5	1.68	-6.02	-2.10	0.00809	0.12451	-0.76611	0.63037
5692	IMU4	POSITION_4_EXTRA	0x36	192.8	-987.2	138.6	1.26	-4.34	-0.07	0.22095	-0.07538	-0.64063	0.72998
5700	IMU0	POSITION_0_EXTRA	0x32	-935.0	144.4	267.4	-4.34	4.20	0.14	0.77490	-0.01804	0.61426	0.14697
5700	IMU1	PARENT_BOTTOM_FIXED	0x33	-42.5	-919.4	436.8	3.08	-4.90	0.63	0.16711	-0.07275	0.53223	-0.82568
5700	IMU2	CHILD_TOP_MOVING	0x34	59.5	-998.0	-196.7	0.00	-6.16	-1.96	-0.05142	0.09552	-0.76416	0.63672
5700	IMU3	POSITION_3_EXTRA	0x35	182.0	-973.1	-225.9	1.82	-5.88	-1.82	0.00792	0.12494	-0.76611	0.63037
5700	IMU4	POSITION_4_EXTRA	0x36	192.8	-986.7	137.6	1.61	-3.78	-0.07	0.22083	-0.07513	-0.64063	0.72998
5709	IMU0	POSITION_0_EXTRA	0x32	-933.5	144.9	269.9	-3.64	3.99	0.00	0.77490	-0.01830	0.61426	0.14709
5709	IMU1	PARENT_BOTTOM_FIXED	0x33	-42.5	-918.4	436.8	3.57	-4.69	0.42	0.16724	-0.07300	0.53223	-0.82568
5709	IMU2	CHILD_TOP_MOVING	0x34	60.5	-998.4	-193.7	0.42	-5.74	-1.75	-0.05161	0.09595	-0.76416	0.63672
5709	IMU3	POSITION_3_EXTRA	0x35	182.5	-972.1	-229.8	1.75	-5.32	-1.61	0.00777	0.12537	-0.76611	0.63037
5709	IMU4	POSITION_4_EXTRA	0x36	193.2	-987.7	136.2	2.03	-3.22	-0.07	0.22070	-0.07489	-0.64111	0.72998
5717	IMU0	POSITION_0_EXTRA	0x32	-932.1	144.4	266.9	-2.45	3.78	-0.21	0.77441	-0.01849	0.61426	0.14722
5717	IMU1	PARENT_BOTTOM_FIXED	0x33	-41.0	-915.5	439.7	3.92	-4.27	0.14	0.16748	-0.07330	0.53174	-0.82617
5717	IMU2	CHILD_TOP_MOVING	0x34	60.5	-1000.4	-192.3	0.84	-5.25	-1.61	-0.05176	0.09631	-0.76416	0.63672
5717	IMU3	POSITION_3_EXTRA	0x35	182.5	-972.1	-232.3	1.68	-4.06	-1.47	0.00768	0.12561	-0.76611	0.63037
5717	IMU4	POSITION_4_EXTRA	0x36	192.3	-988.7	133.2	2.38	-2.73	-0.07	0.22058	-0.07471	-0.64111	0.72998
5725	IMU0	POSITION_0_EXTRA	0x32	-933.5	144.4	255.2	-1.40	4.34	-0.70	0.77441	-0.01868	0.61426	0.14722
5725	IMU1	PARENT_BOTTOM_FIXED	0x33	-39.0	-913.5	442.6	4.13	-3.85	-0.14	0.16760	-0.07355	0.53125	-0.82617
5725	IMU2	CHILD_TOP_MOVING	0x34	61.0	-1000.9	-191.3	1.47	-4.55	-1.47	-0.05188	0.09668	-0.76416	0.63672
5725	IMU3	POSITION_3_EXTRA	0x35	182.0	-973.1	-233.3	2.03	-2.87	-1.26	0.00765	0.12585	-0.76611	0.63037
5725	IMU4	POSITION_4_EXTRA	0x36	190.8	-990.2	133.2	2.80	-2.38	-0.07	0.22058	-0.07452	-0.64111	0.72998
5734	IMU0	POSITION_0_EXTRA	0x32	-934.0	143.0	246.0	-0.98	4.69	-1.05	0.77441	-0.01884	0.61475	0.14722
5734	IMU1	PARENT_BOTTOM_FIXED	0x33	-38.6	-912.1	445.1	4.48	-3.50	-0.42	0.16760	-0.07379	0.53076	-0.82617
5734	IMU2	CHILD_TOP_MOVING	0x34	60.5	-1001.9	-190.8	2.31	-3.64	-1.40	-0.05197	0.09698	-0.76367	0.63672
5734	IMU3	POSITION_3_EXTRA	0x35	181.0	-974.0	-231.3	2.38	-1.47	-1.19	0.00768	0.12610	-0.76611	0.63037
5734	IMU4	POSITION_4_EXTRA	0x36	188.9	-990.6	132.2	3.36	-1.96	-0.14	0.22046	-0.07434	-0.64111	0.72998
5742	IMU0	POSITION_0_EXTRA	0x32	-934.0	143.5	243.5	-0.49	4.55	-1.33	0.77441	-0.01900	0.61475	0.14709
5742	IMU1	PARENT_BOTTOM_FIXED	0x33	-37.1	-910.6	448.5	4.69	-2.87	-0.77	0.16772	-0.07397	0.53027	-0.82666
5742	IMU2	CHILD_TOP_MOVING	0x34	59.0	-1002.8	-191.3	3.43	-2.73	-1.40	-0.05200	0.09723	-0.76367	0.63721
5742	IMU3	POSITION_3_EXTRA	0x35	179.6	-975.5	-228.9	2.94	-0.35	-1.33	0.00776	0.12622	-0.76611	0.63037
5742	IMU4	POSITION_4_EXTRA	0x36	186.9	-992.1	133.2	3.85	-1.47	-0.28	0.22046	-0.07422	-0.64111	0.72998
5750	IMU0	POSITION_0_EXTRA	0x32	-933.5	145.9	249.4	-0.14	4.55	-1.68	0.77393	-0.01913	0.61523	0.14697
5750	IMU1	PARENT_BOTTOM_FIXED	0x33	-38.1	-909.1	451.4	4.90	-2.38	-0.98	0.16772	-0.07416	0.52979	-0.82715
5750	IMU2	CHILD_TOP_MOVING	0x34	55.1	-1004.3	-189.8	4.20	-1.68	-1.40	-0.05203	0.09735	-0.76367	0.63721
5750	IMU3	POSITION_3_EXTRA	0x35	177.6	-978.0	-225.9	3.43	0.63	-1.33	0.00788	0.12622	-0.76611	0.63037
5750	IMU4	POSITION_4_EXTRA	0x36	185.4	-993.6	133.2	4.27	-1.05	-0.21	0.22046	-0.07410	-0.64111	0.72998
5759	IMU0	POSITION_0_EXTRA	0x32	-932.6	148.8	252.3	0.35	4.83	-2.17	0.77393	-0.01926	0.61523	0.14685
5759	IMU1	PARENT_BOTTOM_FIXED	0x33	-37.6	-906.7	453.4	5.18	-1.82	-1.19	0.16772	-0.07428	0.52930	-0.82715
5759	IMU2	CHILD_TOP_MOVING	0x34	53.7	-1006.3	-186.9	4.90	-0.77	-1.40	-0.05203	0.09747	-0.76318	0.63770
5759	IMU3	POSITION_3_EXTRA	0x35	176.7	-980.4	-224.5	3.78	1.12	-1.33	0.00801	0.12634	-0.76563	0.63086
5759	IMU4	POSITION_4_EXTRA	0x36	185.0	-995.0	131.8	5.11	-0.63	-0.28	0.22046	-0.07397	-0.64111	0.72998
5767	IMU0	POSITION_0_EXTRA	0x32	-933.5	148.8	252.8	0.91	4.62	-2.45	0.77393	-0.01935	0.61523	0.14673
5767	IMU1	PARENT_BOTTOM_FIXED	0x33	-37.6	-904.3	455.8	5.46	-1.40	-1.33	0.16772	-0.07440	0.52881	-0.82764
5767	IMU2	CHILD_TOP_MOVING	0x34	52.7	-1007.7	-185.9	5.25	0.21	-1.40	-0.05197	0.09753	-0.76318	0.63770
5767	IMU3	POSITION_3_EXTRA	0x35	176.2	-982.8	-222.5	4.41	1.54	-1.33	0.00816	0.12634	-0.76563	0.63086
5767	IMU4	POSITION_4_EXTRA	0x36	185.4	-996.5	131.3	5.88	-0.35	-0.21	0.22046	-0.07385	-0.64111	0.73047
5775	IMU0	POSITION_0_EXTRA	0x32	-933.1	148.8	250.8	1.61	4.34	-2.73	0.77393	-0.01941	0.61572	0.14648
5775	IMU1	PARENT_BOTTOM_FIXED	0x33	-36.6	-901.8	457.7	5.53	-0.98	-1.54	0.16760	-0.07452	0.52832	-0.82812
5775	IMU2	CHILD_TOP_MOVING	0x34	52.7	-1010.2	-186.4	5.88	1.19	-1.26	-0.05185	0.09753	-0.76270	0.63818
5775	IMU3	POSITION_3_EXTRA	0x35	176.7	-984.3	-222.0	5.11	1.89	-1.33	0.00832	0.12634	-0.76563	0.63135
5775	IMU4	POSITION_4_EXTRA	0x36	186.9	-998.4	131.3	6.79	0.00	-0.14	0.22046	-0.07379	-0.64063	0.73047
5784	IMU0	POSITION_0_EXTRA	0x32	-933.1	147.9	248.9	1.96	4.55	-3.01	0.77344	-0.01947	0.61572	0.14624
5784	IMU1	PARENT_BOTTOM_FIXED	0x33	-36.6	-900.4	459.7	5.81	-0.49	-1.75	0.16760	-0.07458	0.52783	-0.82812
5784	IMU2	CHILD_TOP_MOVING	0x34	53.2	-1012.1	-185.9	6.44	2.52	-1.12	-0.05170	0.09747	-0.76221	0.63867
5784	IMU3	POSITION_3_EXTRA	0x35	177.6	-985.3	-223.5	6.09	2.24	-1.40	0.00850	0.12634	-0.76514	0.63135
5784	IMU4	POSITION_4_EXTRA	0x36	187.9	-999.4	132.7	7.63	0.21	-0.07	0.22046	-0.07367	-0.64063	0.73047
5792	IMU0	POSITION_0_EXTRA	0x32	-934.0	147.9	248.4	2.38	5.25	-3.36	0.77344	-0.01953	0.61621	0.14600
5792	IMU1	PARENT_BOTTOM_FIXED	0x33	-38.6	-898.4	460.2	5.88	-0.07	-2.03	0.16748	-0.07458	0.52734	-0.82861
5792	IMU2	CHILD_TOP_MOVING	0x34	56.1	-1012.6	-185.0	7.21	3.92	-0.84	-0.05145	0.09735	-0.76221	0.63916
5792	IMU3	POSITION_3_EXTRA	0x35	178.6	-986.2	-225.9	6.86	2.31	-1.40	0.00867	0.12634	-0.76514	0.63184
5792	IMU4	POSITION_4_EXTRA	0x36	189.3	-1000.4	133.7	8.33	0.77	0.00	0.22058	-0.07361	-0.64014	0.73096
5800	IMU0	POSITION_0_EXTRA	0x32	-934.5	147.9	248.9	2.59	6.02	-3.85	0.77344	-0.01961	0.61621	0.14563
5800	IMU1	PARENT_BOTTOM_FIXED	0x33	-38.6	-896.5	462.1	5.95	0.28	-2.24	0.16736	-0.07465	0.52686	-0.82910
5800	IMU2	CHILD_TOP_MOVING	0x34	58.6	-1014.6	-184.5	8.61	5.18	-0.49	-0.05115	0.09717	-0.76172	0.63965
5800	IMU3	POSITION_3_EXTRA	0x35	181.5	-985.8	-228.9	7.77	2.80	-1.33	0.00888	0.12622	-0.76465	0.63184
5800	IMU4	POSITION_4_EXTRA	0x36	189.8	-999.9	133.7	8.89	1.19	-0.07	0.22070	-0.07349	-0.64014	0.73096
5809	IMU0	POSITION_0_EXTRA	0x32	-934.5	146.9	249.4	3.08	7.14	-4.34	0.77295	-0.01970	0.61670	0.14526
5809	IMU1	PARENT_BOTTOM_FIXED	0x33	-40.0	-895.0	464.1	5.95	0.56	-2.38	0.16724	-0.07465	0.52637	-0.82959
5809	IMU2	CHILD_TOP_MOVING	0x34	62.5	-1014.6	-181.5	10.29	6.65	-0.07	-0.05081	0.09686	-0.76123	0.64014
5809	IMU3	POSITION_3_EXTRA	0x35	185.4	-985.8	-228.9	8.61	3.85	-1.40	0.00916	0.12622	-0.76416	0.63232
5809	IMU4	POSITION_4_EXTRA	0x36	191.3	-999.9	134.2	9.52	1.82	-0.21	0.22083	-0.07343	-0.63965	0.73145
5817	IMU0	POSITION_0_EXTRA	0x32	-936.0	147.9	246.0	3.64	7.07	-4.55	0.77295	-0.01976	0.61719	0.14490
5817	IMU1	PARENT_BOTTOM_FIXED	0x33	-39.5	-894.5	465.6	5.88	0.91	-2.38	0.16699	-0.07465	0.52588	-0.82959
5817	IMU2	CHILD_TOP_MOVING	0x34	65.4	-1014.6	-179.6	12.18	7.42	0.21	-0.05042	0.09650	-0.76074	0.64111
5817	IMU3	POSITION_3_EXTRA	0x35	187.9	-984.8	-226.9	9.73	4.90	-1.40	0.00949	0.12610	-0.76416	0.63281
5817	IMU4	POSITION_4_EXTRA	0x36	191.3	-998.9	137.1	10.29	2.52	-0.35	0.22095	-0.07336	-0.63916	0.73145
5825	IMU0	POSITION_0_EXTRA	0x32	-934.5	147.9	249.4	4.27	6.65	-4.34	0.77246	-0.01976	0.61719	0.14441
5825	IMU1	PARENT_BOTTOM_FIXED	0x33	-40.0	-893.0	468.0	6.02	1.12	-2.45	0.16687	-0.07458	0.52490	-0.83008
5825	IMU2	CHILD_TOP_MOVING	0x34	66.9	-1014.1	-177.1	13.58	8.61	0.56	-0.04999	0.09607	-0.76025	0.64160
5825	IMU3	POSITION_3_EXTRA	0x35	190.8	-983.8	-225.9	10.64	6.30	-1.47	0.00991	0.12598	-0.76367	0.63330
5825	IMU4	POSITION_4_EXTRA	0x36	190.8	-996.5	138.6	11.41	3.01	-0.63	0.22119	-0.07330	-0.63867	0.73193
5834	IMU0	POSITION_0_EXTRA	0x32	-932.1	146.4	245.5	4.76	8.12	-4.76	0.77246	-0.01978	0.61768	0.14404
5834	IMU1	PARENT_BOTTOM_FIXED	0x33	-41.0	-894.0	469.9	6.09	1.47	-2.45	0.16675	-0.07452	0.52441	-0.83057
5834	IMU2	CHILD_TOP_MOVING	0x34	66.9	-1013.1	-175.7	14.77	9.38	0.77	-0.04953	0.09558	-0.75928	0.64258
5834	IMU3	POSITION_3_EXTRA	0x35	188.9	-983.3	-225.0	11.27	7.84	-1.54	0.01040	0.12573	-0.76318	0.63428
5834	IMU4	POSITION_4_EXTRA	0x36	189.3	-998.4	137.6	12.46	3.57	-0.98	0.22156	-0.07330	-0.63818	0.73242
5842	IMU0	POSITION_0_EXTRA	0x32	-938.4	143.0	230.8	5.53	8.05	-5.11	0.77197	-0.01978	0.61816	0.14343
5842	IMU1	PARENT_BOTTOM_FIXED	0x33	-42.5	-893.0	470.4	6.23	1.75	-2.45	0.16650	-0.07446	0.52393	-0.83105
5842	IMU2	CHILD_TOP_MOVING	0x34	67.8	-1015.5	-173.7	15.47	10.29	0.84	-0.04904	0.09509	-0.75879	0.64355
5842	IMU3	POSITION_3_EXTRA	0x35	189.8	-984.3	-225.9	11.76	9.45	-1.61	0.01098	0.12549	-0.76270	0.63477
5842	IMU4	POSITION_4_EXTRA	0x36	190.3	-999.4	138.6	13.23	3.99	-1.33	0.22180	-0.07324	-0.63770	0.73291
5850	IMU0	POSITION_0_EXTRA	0x32	-937.0	146.4	230.8	6.09	6.86	-4.97	0.77197	-0.01971	0.61865	0.14294
5850	IMU1	PARENT_BOTTOM_FIXED	0x33	-42.0	-893.0	473.4	6.23	2.03	-2.45	0.16638	-0.07434	0.52344	-0.83154
5850	IMU2	CHILD_TOP_MOVING	0x34	66.4	-1017.0	-171.3	15.89	10.78	1.05	-0.04852	0.09454	-0.75781	0.64453
5850	IMU3	POSITION_3_EXTRA	0x35	191.3	-985.8	-222.0	12.39	10.92	-1.75	0.01164	0.12512	-0.76221	0.63525
5850	IMU4	POSITION_4_EXTRA	0x36	189.3	-999.9	141.5	13.79	4.55	-1.61	0.22217	-0.07318	-0.63721	0.73340
5859	IMU0	POSITION_0_EXTRA	0x32	-935.0	149.3	234.2	7.28	7.70	-5.46	0.77148	-0.01959	0.61914	0.14233
5859	IMU1	PARENT_BOTTOM_FIXED	0x33	-42.0	-893.0	475.8	6.09	2.24	-2.45	0.16614	-0.07422	0.52295	-0.83154
5859	IMU2	CHILD_TOP_MOVING	0x34	66.9	-1017.5	-166.4	16.31	10.78	0.98	-0.04803	0.09393	-0.75732	0.64551
5859	IMU3	POSITION_3_EXTRA	0x35	190.3	-987.7	-217.6	13.02	11.90	-1.89	0.01235	0.12476	-0.76123	0.63623
5859	IMU4	POSITION_4_EXTRA	0x36	187.9	-999.9	140.5	14.77	5.18	-2.03	0.22266	-0.07318	-0.63623	0.73389
5867	IMU0	POSITION_0_EXTRA	0x32	-935.0	149.8	233.8	7.77	8.33	-5.74	0.77148	-0.01945	0.61963	0.14160
5867	IMU1	PARENT_BOTTOM_FIXED	0x33	-42.5	-893.0	478.7	6.02	2.24	-2.45	0.16589	-0.07410	0.52246	-0.83203
5867	IMU2	CHILD_TOP_MOVING	0x34	64.4	-1019.4	-164.0	16.87	10.57	0.98	-0.04803	0.09338	-0.75635	0.64648
5867	IMU3	POSITION_3_EXTRA	0x35	191.8	-989.2	-213.7	14.14	12.39	-2.38	0.01310	0.12433	-0.76074	0.63721
5867	IMU4	POSITION_4_EXTRA	0x36	187.4	-999.4	139.1	15.75	5.67	-2.45	0.22302	-0.07312	-0.63574	0.73438
5875	IMU0	POSITION_0_EXTRA	0x32	-933.5	151.3	238.1	7.84	8.19	-5.60	0.77100	-0.01930	0.62012	0.14099
5875	IMU1	PARENT_BOTTOM_FIXED	0x33	-43.9	-891.1	480.2	5.74	2.38	-2.38	0.16577	-0.07397	0.52197	-0.83252
5875	IMU2	CHILD_TOP_MOVING	0x34	62.5	-1020.4	-159.1	17.57	10.29	0.98	-0.04755	0.09338	-0.75635	0.64648
5875	IMU3	POSITION_3_EXTRA	0x35	189.3	-991.1	-209.8	15.40	12.53	-2.94	0.01386	0.12396	-0.76025	0.63770
5875	IMU4	POSITION_4_EXTRA	0x36	186.9	-999.9	142.0	16.73	6.37	-2.73	0.22351	-0.07306	-0.63477	0.73486
5884	IMU0	POSITION_0_EXTRA	0x32	-929.2	150.3	239.6	8.68	8.82	-5.95	0.77100	-0.01912	0.62061	0.14038
5884	IMU1	PARENT_BOTTOM_FIXED	0x33	-44.9	-889.1	480.7	5.25	2.52	-2.24	0.16553	-0.07379	0.52148	-0.83301
5884	IMU2	CHILD_TOP_MOVING	0x34	61.5	-1021.9	-153.7	18.48	10.08	1.05	-0.04669	0.09229	-0.75488	0.64893
5884	IMU3	POSITION_3_EXTRA	0x35	188.4	-991.6	-207.9	16.73	12.18	-3.50	0.01460	0.12366	-0.75928	0.63867
5884	IMU4	POSITION_4_EXTRA	0x36	185.4	-1000.4	142.0	17.85	6.86	-3.01	0.22412	-0.07306	-0.63428	0.73535
5892	IMU0	POSITION_0_EXTRA	0x32	-933.1	149.3	237.7	9.87	9.17	-6.44	0.77051	-0.01891	0.62109	0.13953
5892	IMU1	PARENT_BOTTOM_FIXED	0x33	-46.4	-887.2	479.2	4.76	2.66	-2.10	0.16541	-0.07361	0.52100	-0.83301
5892	IMU2	CHILD_TOP_MOVING	0x34	58.6	-1023.3	-151.3	19.60	10.08	1.05	-0.04669	0.09229	-0.75488	0.64893
5892	IMU3	POSITION_3_EXTRA	0x35	187.4	-993.6	-204.0	18.13	12.32	-3.99	0.01536	0.12329	-0.75830	0.63965
5892	IMU4	POSITION_4_EXTRA	0x36	185.0	-1000.4	144.4	19.04	7.28	-3.29	0.22461	-0.07306	-0.63330	0.73584
5900	IMU0	POSITION_0_EXTRA	0x32	-932.1	144.9	230.8	10.64	9.10	-6.58	0.77002	-0.01866	0.62158	0.13867
5900	IMU1	PARENT_BOTTOM_FIXED	0x33	-45.9	-884.3	481.7	4.13	2.80	-1.96	0.16516	-0.07343	0.52051	-0.83350
5900	IMU2	CHILD_TOP_MOVING	0x34	58.1	-1024.3	-147.4	20.86	10.01	1.19	-0.04593	0.09106	-0.75293	0.65137
5900	IMU3	POSITION_3_EXTRA	0x35	188.4	-995.0	-202.5	19.39	12.60	-4.34	0.01613	0.12299	-0.75781	0.64111
5900	IMU4	POSITION_4_EXTRA	0x36	186.4	-999.4	147.9	19.81	7.84	-3.43	0.22522	-0.07300	-0.63232	0.73633
5909	IMU0	POSITION_0_EXTRA	0x32	-930.6	140.5	224.0	11.27	9.17	-7.35	0.77002	-0.01845	0.62256	0.13782
5909	IMU1	PARENT_BOTTOM_FIXED	0x33	-44.9	-881.8	480.7	3.85	2.94	-1.75	0.16504	-0.07324	0.52002	-0.83398
5909	IMU2	CHILD_TOP_MOVING	0x34	57.1	-1024.8	-144.0	22.26	10.15	1.26	-0.04593	0.09106	-0.75293	0.65137
5909	IMU3	POSITION_3_EXTRA	0x35	187.4	-994.1	-201.5	20.72	13.23	-4.62	0.01692	0.12268	-0.75684	0.64209
5909	IMU4	POSITION_4_EXTRA	0x36	185.0	-999.4	149.3	21.00	8.47	-3.64	0.22595	-0.07300	-0.63135	0.73730
5917	IMU0	POSITION_0_EXTRA	0x32	-926.7	140.1	223.0	11.27	8.54	-7.56	0.76953	-0.01823	0.62305	0.13684
5917	IMU1	PARENT_BOTTOM_FIXED	0x33	-45.4	-879.9	477.3	3.50	3.08	-1.54	0.16492	-0.07306	0.51953	-0.83398
5917	IMU2	CHILD_TOP_MOVING	0x34	57.1	-1024.3	-142.0	24.15	10.43	1.40	-0.04556	0.09045	-0.75195	0.65234
5917	IMU3	POSITION_3_EXTRA	0x35	188.4	-994.5	-198.6	21.91	14.00	-4.90	0.01776	0.12231	-0.75586	0.64355
5917	IMU4	POSITION_4_EXTRA	0x36	185.0	-997.5	150.8	22.40	8.75	-3.78	0.22656	-0.07294	-0.62988	0.73779
5925	IMU0	POSITION_0_EXTRA	0x32	-930.6	141.0	225.9	11.69	9.59	-8.19	0.76953	-0.01802	0.62354	0.13586
5925	IMU1	PARENT_BOTTOM_FIXED	0x33	-45.4	-879.4	475.3	3.50	3.15	-1.40	0.16467	-0.07288	0.51904	-0.83447
5925	IMU2	CHILD_TOP_MOVING	0x34	56.6	-1024.3	-139.6	26.04	10.92	1.54	-0.04523	0.08984	-0.75049	0.65381
5925	IMU3	POSITION_3_EXTRA	0x35	189.3	-993.1	-193.7	23.03	14.98	-5.11	0.01866	0.12195	-0.75439	0.64453
5925	IMU4	POSITION_4_EXTRA	0x36	184.0	-995.5	154.2	23.66	8.89	-3.92	0.22729	-0.07294	-0.62891	0.73877
5934	IMU0	POSITION_0_EXTRA	0x32	-929.2	143.5	228.4	11.62	9.24	-7.84	0.76904	-0.01778	0.62402	0.13501
5934	IMU1	PARENT_BOTTOM_FIXED	0x33	-45.4	-882.3	475.8	3.57	3.22	-1.33	0.16455	-0.07263	0.51904	-0.83447
5934	IMU2	CHILD_TOP_MOVING	0x34	57.6	-1021.9	-139.1	28.00	11.34	1.68	-0.04486	0.08911	-0.74951	0.65527
5934	IMU3	POSITION_3_EXTRA	0x35	190.3	-992.6	-189.3	24.08	15.89	-5.25	0.01961	0.12152	-0.75342	0.64600
5934	IMU4	POSITION_4_EXTRA	0x36	183.5	-993.6	159.1	24.92	8.96	-4.13	0.22803	-0.07288	-0.62744	0.73975
5942	IMU0	POSITION_0_EXTRA	0x32	-926.7	143.5	231.8	12.18	8.33	-7.98	0.76904	-0.01750	0.62451	0.13403
5942	IMU1	PARENT_BOTTOM_FIXED	0x33	-44.9	-884.7	475.8	4.13	3.36	-1.26	0.16443	-0.07245	0.51855	-0.83496
5942	IMU2	CHILD_TOP_MOVING	0x34	56.1	-1021.4	-139.1	29.40	11.97	1.75	-0.04449	0.08844	-0.74805	0.65723
5942	IMU3	POSITION_3_EXTRA	0x35	189.3	-991.6	-188.4	25.27	16.73	-5.39	0.02058	0.12103	-0.75244	0.64746
5942	IMU4	POSITION_4_EXTRA	0x36	182.0	-991.6	164.0	25.97	8.82	-4.27	0.22876	-0.07275	-0.62646	0.74023
5950	IMU0	POSITION_0_EXTRA	0x32	-923.8	148.4	230.3	13.37	8.54	-8.33	0.76855	-0.01714	0.62500	0.13293
5950	IMU1	PARENT_BOTTOM_FIXED	0x33	-28.8	-884.7	458.7	4.48	7.21	-1.19	0.16406	-0.07208	0.51807	-0.83545
5950	IMU2	CHILD_TOP_MOVING	0x34	53.7	-1019.9	-138.6	31.08	12.46	1.89	-0.04410	0.08765	-0.74658	0.65869
5950	IMU3	POSITION_3_EXTRA	0x35	187.4	-991.6	-185.0	26.39	17.08	-5.74	0.02156	0.12061	-0.75098	0.64893
5950	IMU4	POSITION_4_EXTRA	0x36	180.1	-989.7	165.9	26.95	8.54	-4.41	0.22937	-0.07263	-0.62500	0.74121
5959	IMU0	POSITION_0_EXTRA	0x32	-922.3	150.8	226.4	13.58	9.59	-8.40	0.76855	-0.01677	0.62549	0.13196
5959	IMU1	PARENT_BOTTOM_FIXED	0x33	-61.0	-873.5	478.2	-4.06	13.09	-1.68	0.16345	-0.07129	0.51855	-0.83545
5959	IMU2	CHILD_TOP_MOVING	0x34	50.8	-1018.0	-135.2	32.48	13.51	1.96	-0.04361	0.08667	-0.74414	0.65918
5959	IMU3	POSITION_3_EXTRA	0x35	185.0	-990.6	-182.5	27.86	17.01	-6.30	0.02255	0.12018	-0.74951	0.65039
5959	IMU4	POSITION_4_EXTRA	0x36	177.6	-985.8	169.8	28.14	8.68	-4.62	0.23010	-0.07251	-0.62354	0.74268
5967	IMU0	POSITION_0_EXTRA	0x32	-920.9	152.3	225.5	13.51	9.87	-8.19	0.76807	-0.01637	0.62598	0.13098
5967	IMU1	PARENT_BOTTOM_FIXED	0x33	-48.3	-904.8	475.8	1.68	4.06	-1.40	0.16321	-0.07104	0.51807	-0.83545
5967	IMU2	CHILD_TOP_MOVING	0x34	51.2	-1015.5	-129.3	32.48	14.70	1.89	-0.04321	0.08588	-0.74268	0.66113
5967	IMU3	POSITION_3_EXTRA	0x35	181.5	-989.2	-179.6	30.10	17.29	-6.93	0.02353	0.11969	-0.74854	0.65234
5967	IMU4	POSITION_4_EXTRA	0x36	173.7	-984.8	168.4	29.40	8.47	-4.76	0.23083	-0.07233	-0.62207	0.74365
5975	IMU0	POSITION_0_EXTRA	0x32	-924.8	151.8	219.6	14.35	10.29	-8.26	0.76758	-0.01595	0.62695	0.13000
5975	IMU1	PARENT_BOTTOM_FIXED	0x33	-49.8	-896.9	482.6	5.11	4.41	-1.05	0.16309	-0.07074	0.51758	-0.83594
5975	IMU2	CHILD_TOP_MOVING	0x34	47.3	-1014.1	-125.4	33.53	16.24	1.96	-0.04272	0.08496	-0.74121	0.66309
5975	IMU3	POSITION_3_EXTRA	0x35	183.0	-985.8	-168.8	31.22	16.87	-7.35	0.02452	0.11932	-0.74658	0.65381
5975	IMU4	POSITION_4_EXTRA	0x36	172.8	-981.9	168.8	30.87	8.19	-4.97	0.23157	-0.07214	-0.62061	0.74463
5984	IMU0	POSITION_0_EXTRA	0x32	-926.2	152.7	217.6	14.49	10.01	-8.12	0.76758	-0.01550	0.62744	0.12891
5984	IMU1	PARENT_BOTTOM_FIXED	0x33	-44.9	-877.4	465.1	5.53	3.08	-1.33	0.16296	-0.07050	0.51758	-0.83594
5984	IMU2	CHILD_TOP_MOVING	0x34	45.9	-1015.5	-119.1	33.53	13.02	1.68	-0.04218	0.08398	-0.73975	0.66504
5984	IMU3	POSITION_3_EXTRA	0x35	185.4	-985.8	-166.9	31.43	17.29	-7.49	0.02553	0.11896	-0.74512	0.65576
5984	IMU4	POSITION_4_EXTRA	0x36	173.2	-979.4	169.3	32.34	8.19	-5.04	0.23230	-0.07196	-0.61865	0.74561
5992	IMU0	POSITION_0_EXTRA	0x32	-918.9	153.7	219.1	15.12	9.10	-8.05	0.76709	-0.01500	0.62793	0.12781
5992	IMU1	PARENT_BOTTOM_FIXED	0x33	-43.9	-883.8	471.9	-1.12	5.46	-1.26	0.16260	-0.07025	0.51758	-0.83643
5992	IMU2	CHILD_TOP_MOVING	0x34	50.3	-1014.1	-118.6	34.51	10.85	1.26	-0.04181	0.08313	-0.73828	0.66699
5992	IMU3	POSITION_3_EXTRA	0x35	187.9	-987.7	-160.6	32.06	17.43	-7.84	0.02655	0.11853	-0.74365	0.65771
5992	IMU4	POSITION_4_EXTRA	0x36	176.2	-978.0	172.3	33.18	8.61	-5.11	0.23303	-0.07172	-0.61719	0.74707
6000	IMU0	POSITION_0_EXTRA	0x32	-916.0	146.4	225.5	14.14	10.01	-8.05	0.76709	-0.01458	0.62842	0.12683
6000	IMU1	PARENT_BOTTOM_FIXED	0x33	-44.4	-891.6	483.1	3.92	3.71	-1.05	0.16248	-0.07001	0.51709	-0.83643
6000	IMU2	CHILD_TOP_MOVING	0x34	50.3	-1014.1	-120.5	33.88	10.85	1.26	-0.04147	0.08240	-0.73682	0.66895
6000	IMU3	POSITION_3_EXTRA	0x35	193.2	-988.2	-153.7	33.88	16.87	-8.47	0.02759	0.11823	-0.74219	0.65967
6000	IMU4	POSITION_4_EXTRA	0x36	178.6	-975.5	174.7	33.95	9.10	-5.18	0.23376	-0.07147	-0.61523	0.74805
6009	IMU0	POSITION_0_EXTRA	0x32	-914.0	142.5	217.2	15.19	9.03	-8.33	0.76660	-0.01413	0.62891	0.12573
6009	IMU1	PARENT_BOTTOM_FIXED	0x33	-42.0	-873.5	456.3	1.33	4.34	-1.05	0.16223	-0.06976	0.51709	-0.83643
6009	IMU2	CHILD_TOP_MOVING	0x34	51.7	-1013.6	-120.5	34.44	9.03	1.19	-0.04126	0.08179	-0.73535	0.67041
6009	IMU3	POSITION_3_EXTRA	0x35	197.2	-987.2	-149.8	36.68	16.59	-9.38	0.02866	0.11804	-0.74023	0.66162
6009	IMU4	POSITION_4_EXTRA	0x36	180.1	-972.6	179.6	35.00	9.38	-5.32	0.23462	-0.07123	-0.61377	0.74951
6017	IMU0	POSITION_0_EXTRA	0x32	-905.2	140.5	214.2	13.58	8.47	-7.84	0.76611	-0.01381	0.62939	0.12469
6017	IMU1	PARENT_BOTTOM_FIXED	0x33	-42.9	-881.8	469.9	0.63	3.85	-1.05	0.16199	-0.06958	0.51660	-0.83691
6017	IMU2	CHILD_TOP_MOVING	0x34	51.2	-1005.8	-99.1	36.54	7.77	1.05	-0.04108	0.08124	-0.73340	0.67236
6017	IMU3	POSITION_3_EXTRA	0x35	201.5	-983.8	-145.4	39.20	16.73	-10.15	0.02974	0.11786	-0.73828	0.66357
6017	IMU4	POSITION_4_EXTRA	0x36	182.5	-969.2	185.9	36.47	9.73	-5.67	0.23547	-0.07098	-0.61182	0.75049
6025	IMU0	POSITION_0_EXTRA	0x32	-912.6	131.8	213.7	14.56	8.68	-8.89	0.76611	-0.01348	0.63037	0.12354
6025	IMU1	PARENT_BOTTOM_FIXED	0x33	-38.1	-876.4	456.8	0.28	6.44	-0.98	0.16174	-0.06927	0.51660	-0.83691
6025	IMU2	CHILD_TOP_MOVING	0x34	51.2	-1005.8	-99.1	36.12	7.77	1.05	-0.04092	0.08069	-0.73193	0.67432
6025	IMU3	POSITION_3_EXTRA	0x35	204.0	-979.9	-148.8	41.02	17.78	-10.57	0.03090	0.11768	-0.73633	0.66602
6025	IMU4	POSITION_4_EXTRA	0x36	182.5	-965.8	193.2	37.59	10.08	-6.09	0.23645	-0.07068	-0.60986	0.75195
6034	IMU0	POSITION_0_EXTRA	0x32	-906.7	129.8	206.4	13.65	6.37	-7.77	0.76563	-0.01313	0.63086	0.12244
6034	IMU1	PARENT_BOTTOM_FIXED	0x33	-48.8	-882.3	473.8	-1.40	6.58	-1.05	0.16138	-0.06891	0.51660	-0.83691
6034	IMU2	CHILD_TOP_MOVING	0x34	58.1	-1018.0	-108.3	43.05	4.13	1.33	-0.04099	0.08032	-0.72949	0.67676
6034	IMU3	POSITION_3_EXTRA	0x35	204.0	-977.5	-144.4	42.21	20.37	-10.71	0.03220	0.11737	-0.73438	0.66797
6034	IMU4	POSITION_4_EXTRA	0x36	180.6	-964.3	197.6	38.99	10.43	-6.58	0.23730	-0.07031	-0.60791	0.75342
6042	IMU0	POSITION_0_EXTRA	0x32	-901.8	126.4	208.9	14.56	6.02	-8.40	0.76563	-0.01276	0.63135	0.12128
6042	IMU1	PARENT_BOTTOM_FIXED	0x33	-42.0	-881.8	459.2	0.49	5.74	-1.12	0.16113	-0.06860	0.51660	-0.83691
6042	IMU2	CHILD_TOP_MOVING	0x34	64.9	-1005.8	-95.2	39.97	1.54	0.63	-0.04111	0.08020	-0.72754	0.67871
6042	IMU3	POSITION_3_EXTRA	0x35	206.4	-978.0	-137.6	42.28	22.05	-10.57	0.03354	0.11700	-0.73242	0.67041
6042	IMU4	POSITION_4_EXTRA	0x36	178.1	-959.4	202.0	40.32	10.92	-7.21	0.23840	-0.07001	-0.60596	0.75488
6050	IMU0	POSITION_0_EXTRA	0x32	-908.2	125.4	212.8	14.35	6.30	-8.33	0.76563	-0.01240	0.63184	0.12018
6050	IMU1	PARENT_BOTTOM_FIXED	0x33	-47.3	-892.6	477.3	1.75	4.34	-0.98	0.16089	-0.06836	0.51660	-0.83740
6050	IMU2	CHILD_TOP_MOVING	0x34	59.0	-1005.8	-82.0	40.53	7.98	1.12	-0.04092	0.07965	-0.72559	0.68115
6050	IMU3	POSITION_3_EXTRA	0x35	205.9	-974.0	-135.2	42.28	24.85	-10.36	0.03506	0.11646	-0.72998	0.67285
6050	IMU4	POSITION_4_EXTRA	0x36	178.6	-958.4	215.7	41.79	11.20	-7.84	0.23938	-0.06964	-0.60352	0.75635
6059	IMU0	POSITION_0_EXTRA	0x32	-904.3	114.2	217.2	14.98	6.30	-7.98	0.76514	-0.01198	0.63232	0.11902
6059	IMU1	PARENT_BOTTOM_FIXED	0x33	-43.4	-887.2	460.7	3.43	4.62	-1.05	0.16064	-0.06812	0.51611	-0.83740
6059	IMU2	CHILD_TOP_MOVING	0x34	57.6	-1014.1	-83.4	46.83	6.37	1.68	-0.04092	0.07910	-0.72363	0.68359
6059	IMU3	POSITION_3_EXTRA	0x35	207.9	-979.4	-124.4	42.49	27.58	-10.29	0.03668	0.11578	-0.72803	0.67480
6059	IMU4	POSITION_4_EXTRA	0x36	176.2	-953.6	222.5	42.28	10.99	-8.40	0.24048	-0.06921	-0.60107	0.75781
6067	IMU0	POSITION_0_EXTRA	0x32	-915.5	131.8	212.3	15.19	5.95	-8.75	0.76514	-0.01159	0.63232	0.11786
6067	IMU1	PARENT_BOTTOM_FIXED	0x33	-44.4	-892.6	465.6	3.57	5.11	-1.26	0.16040	-0.06781	0.51611	-0.83740
6067	IMU2	CHILD_TOP_MOVING	0x34	64.9	-1011.6	-89.8	47.53	7.00	1.47	-0.04083	0.07861	-0.72119	0.68604
6067	IMU3	POSITION_3_EXTRA	0x35	207.9	-985.3	-115.7	43.19	28.56	-10.57	0.03836	0.11499	-0.72607	0.67725
6067	IMU4	POSITION_4_EXTRA	0x36	177.1	-958.9	220.6	43.68	10.99	-8.96	0.24158	-0.06879	-0.59912	0.75928
6075	IMU0	POSITION_0_EXTRA	0x32	-910.6	121.5	214.7	14.42	4.62	-8.05	0.76514	-0.01119	0.63281	0.11676
6075	IMU1	PARENT_BOTTOM_FIXED	0x33	-42.9	-895.0	468.5	3.99	6.23	-1.40	0.16016	-0.06744	0.51611	-0.83789
6075	IMU2	CHILD_TOP_MOVING	0x34	62.5	-1011.1	-80.5	48.44	8.40	1.05	-0.04068	0.07806	-0.71924	0.68848
6075	IMU3	POSITION_3_EXTRA	0x35	206.4	-986.7	-106.4	43.75	29.75	-10.92	0.04013	0.11426	-0.72363	0.67969
6075	IMU4	POSITION_4_EXTRA	0x36	174.2	-956.5	225.0	44.31	12.04	-9.45	0.24280	-0.06836	-0.59668	0.76074
6084	IMU0	POSITION_0_EXTRA	0x32	-903.3	115.2	193.2	17.92	8.12	-8.40	0.76465	-0.01065	0.63330	0.11542
6084	IMU1	PARENT_BOTTOM_FIXED	0x33	-47.8	-901.8	480.7	4.48	6.16	-1.54	0.15979	-0.06708	0.51563	-0.83789
6084	IMU2	CHILD_TOP_MOVING	0x34	58.1	-1012.1	-70.8	47.46	11.20	0.84	-0.04037	0.07733	-0.71680	0.69092
6084	IMU3	POSITION_3_EXTRA	0x35	204.0	-992.1	-98.6	47.81	29.75	-11.97	0.04187	0.11346	-0.72119	0.68262
6084	IMU4	POSITION_4_EXTRA	0x36	170.3	-957.0	227.4	45.85	11.62	-10.01	0.24390	-0.06793	-0.59424	0.76221
6092	IMU0	POSITION_0_EXTRA	0x32	-919.9	123.5	203.0	17.71	9.03	-9.52	0.76416	-0.01018	0.63428	0.11414
6092	IMU1	PARENT_BOTTOM_FIXED	0x33	-45.9	-896.5	475.8	4.62	5.81	-1.61	0.15955	-0.06677	0.51514	-0.83838
6092	IMU2	CHILD_TOP_MOVING	0x34	46.4	-1017.0	-71.2	49.77	15.40	1.40	-0.03995	0.07635	-0.71436	0.69336
6092	IMU3	POSITION_3_EXTRA	0x35	203.0	-988.2	-90.8	48.37	31.29	-12.25	0.04367	0.11267	-0.71875	0.68506
6092	IMU4	POSITION_4_EXTRA	0x36	172.3	-957.9	222.0	48.02	11.48	-10.29	0.24512	-0.06744	-0.59180	0.76416
6100	IMU0	POSITION_0_EXTRA	0x32	-921.3	122.0	202.0	16.73	4.13	-8.33	0.76416	-0.00967	0.63428	0.11285
6100	IMU1	PARENT_BOTTOM_FIXED	0x33	-50.8	-896.5	495.8	3.78	5.81	-1.47	0.15930	-0.06641	0.51514	-0.83887
6100	IMU2	CHILD_TOP_MOVING	0x34	38.6	-1022.4	-63.0	52.71	15.75	1.26	-0.03952	0.07526	-0.71191	0.69629
6100	IMU3	POSITION_3_EXTRA	0x35	200.6	-992.6	-81.0	46.48	32.06	-11.76	0.04550	0.11176	-0.71631	0.68750
6100	IMU4	POSITION_4_EXTRA	0x36	170.8	-952.1	219.1	49.28	12.95	-10.50	0.24634	-0.06696	-0.58887	0.76563
6109	IMU0	POSITION_0_EXTRA	0x32	-890.1	116.1	197.6	18.41	2.24	-7.63	0.76416	-0.00901	0.63477	0.11163
6109	IMU1	PARENT_BOTTOM_FIXED	0x33	-50.8	-886.7	496.3	2.73	5.18	-1.33	0.15906	-0.06604	0.51465	-0.83887
6109	IMU2	CHILD_TOP_MOVING	0x34	36.6	-1021.4	-40.5	52.92	17.57	1.47	-0.03906	0.07410	-0.70947	0.69873
6109	IMU3	POSITION_3_EXTRA	0x35	199.1	-993.1	-80.5	47.32	32.20	-11.62	0.04730	0.11078	-0.71387	0.69043
6109	IMU4	POSITION_4_EXTRA	0x36	164.5	-952.6	205.4	52.15	12.74	-10.99	0.24756	-0.06647	-0.58643	0.76709
6117	IMU0	POSITION_0_EXTRA	0x32	-881.3	124.9	203.5	19.60	5.67	-10.36	0.76416	-0.00845	0.63525	0.11011
6117	IMU1	PARENT_BOTTOM_FIXED	0x33	-55.6	-879.9	510.0	1.26	5.04	-1.19	0.15881	-0.06573	0.51416	-0.83936
6117	IMU2	CHILD_TOP_MOVING	0x34	34.6	-1026.8	-27.3	52.50	19.60	1.89	-0.03851	0.07281	-0.70703	0.70166
6117	IMU3	POSITION_3_EXTRA	0x35	195.7	-996.5	-76.1	46.97	33.04	-11.27	0.04910	0.10980	-0.71143	0.69287
6117	IMU4	POSITION_4_EXTRA	0x36	163.0	-956.5	197.2	56.28	12.95	-11.41	0.24878	-0.06592	-0.58350	0.76904
6125	IMU0	POSITION_0_EXTRA	0x32	-880.8	109.3	197.2	18.34	8.47	-11.06	0.76367	-0.00800	0.63574	0.10864
6125	IMU1	PARENT_BOTTOM_FIXED	0x33	-57.1	-864.2	511.9	0.91	5.04	-0.91	0.15857	-0.06537	0.51416	-0.83936
6125	IMU2	CHILD_TOP_MOVING	0x34	29.3	-1027.2	-22.9	54.53	18.69	2.03	-0.03802	0.07147	-0.70410	0.70459
6125	IMU3	POSITION_3_EXTRA	0x35	194.2	-1000.4	-68.3	48.58	32.20	-11.76	0.05087	0.10883	-0.70898	0.69531
6125	IMU4	POSITION_4_EXTRA	0x36	158.1	-953.1	203.5	58.31	13.58	-11.62	0.25024	-0.06543	-0.58057	0.77100
6134	IMU0	POSITION_0_EXTRA	0x32	-873.0	118.1	203.0	18.55	9.94	-11.41	0.76367	-0.00758	0.63623	0.10718
6134	IMU1	PARENT_BOTTOM_FIXED	0x33	-58.1	-856.9	514.8	1.26	2.10	-0.42	0.15857	-0.06512	0.51367	-0.83984
6134	IMU2	CHILD_TOP_MOVING	0x34	24.9	-1030.7	-15.1	54.74	16.52	1.89	-0.03766	0.07031	-0.70166	0.70752
6134	IMU3	POSITION_3_EXTRA	0x35	192.3	-1001.9	-69.3	52.22	32.34	-12.88	0.05264	0.10791	-0.70605	0.69824
6134	IMU4	POSITION_4_EXTRA	0x36	156.2	-955.5	206.9	61.60	12.46	-11.69	0.25122	-0.06482	-0.57764	0.77295
6142	IMU0	POSITION_0_EXTRA	0x32	-845.2	121.0	211.3	16.45	9.03	-12.81	0.76318	-0.00732	0.63721	0.10571
6142	IMU1	PARENT_BOTTOM_FIXED	0x33	-63.9	-854.5	503.1	1.75	0.14	-0.28	0.15869	-0.06500	0.51318	-0.83984
6142	IMU2	CHILD_TOP_MOVING	0x34	21.0	-1037.5	-10.7	57.05	13.23	1.89	-0.03751	0.06921	-0.69873	0.71045
6142	IMU3	POSITION_3_EXTRA	0x35	187.4	-993.6	-51.7	54.32	33.60	-13.58	0.05447	0.10693	-0.70361	0.70117
6142	IMU4	POSITION_4_EXTRA	0x36	157.6	-939.4	230.3	65.45	12.53	-12.11	0.25269	-0.06403	-0.57422	0.77490
6150	IMU0	POSITION_0_EXTRA	0x32	-829.6	107.4	206.9	18.83	11.06	-13.72	0.76270	-0.00700	0.63770	0.10406
6150	IMU1	PARENT_BOTTOM_FIXED	0x33	-61.0	-849.6	480.7	9.45	-2.73	-0.28	0.15881	-0.06494	0.51270	-0.84033
6150	IMU2	CHILD_TOP_MOVING	0x34	16.6	-1017.0	-3.9	60.13	10.22	1.96	-0.03754	0.06830	-0.69580	0.71338
6150	IMU3	POSITION_3_EXTRA	0x35	188.9	-986.2	-35.1	60.41	33.39	-15.12	0.05634	0.10608	-0.70020	0.70410
6150	IMU4	POSITION_4_EXTRA	0x36	154.7	-921.3	263.5	68.46	12.25	-12.39	0.25391	-0.06323	-0.57031	0.77734
6159	IMU0	POSITION_0_EXTRA	0x32	-837.4	113.7	221.1	21.70	12.67	-13.44	0.76221	-0.00651	0.63867	0.10229
6159	IMU1	PARENT_BOTTOM_FIXED	0x33	-57.6	-845.7	486.5	12.95	-1.89	-0.42	0.15894	-0.06488	0.51123	-0.84082
6159	IMU2	CHILD_TOP_MOVING	0x34	12.7	-1001.4	7.8	63.14	9.31	1.96	-0.03763	0.06738	-0.69238	0.71631
6159	IMU3	POSITION_3_EXTRA	0x35	187.9	-974.0	-24.9	66.57	34.79	-16.31	0.05829	0.10522	-0.69678	0.70752
6159	IMU4	POSITION_4_EXTRA	0x36	155.2	-904.8	295.2	70.35	10.43	-12.46	0.25513	-0.06223	-0.56641	0.77979
6167	IMU0	POSITION_0_EXTRA	0x32	-841.8	114.7	227.4	22.05	11.76	-13.23	0.76172	-0.00599	0.63965	0.10052
6167	IMU1	PARENT_BOTTOM_FIXED	0x33	-62.0	-860.3	506.1	16.24	-5.60	-0.63	0.15930	-0.06494	0.51025	-0.84180
6167	IMU2	CHILD_TOP_MOVING	0x34	14.6	-995.5	17.1	64.82	8.75	2.17	-0.03775	0.06653	-0.68945	0.71973
6167	IMU3	POSITION_3_EXTRA	0x35	185.9	-974.0	-8.3	69.79	34.09	-16.66	0.06021	0.10443	-0.69287	0.71143
6167	IMU4	POSITION_4_EXTRA	0x36	151.3	-896.9	313.8	70.98	8.54	-12.46	0.25635	-0.06110	-0.56250	0.78271
6175	IMU0	POSITION_0_EXTRA	0x32	-870.1	111.3	215.7	23.59	16.38	-14.42	0.76123	-0.00547	0.64063	0.09863
6175	IMU1	PARENT_BOTTOM_FIXED	0x33	-61.5	-877.9	502.2	21.42	-8.05	-0.28	0.15979	-0.06512	0.50879	-0.84277
6175	IMU2	CHILD_TOP_MOVING	0x34	12.2	-988.7	18.5	64.89	11.48	2.52	-0.03778	0.06549	-0.68604	0.72266
6175	IMU3	POSITION_3_EXTRA	0x35	185.0	-961.8	-4.4	72.52	34.51	-16.94	0.06210	0.10364	-0.68896	0.71533
6175	IMU4	POSITION_4_EXTRA	0x36	143.5	-889.6	309.9	72.94	6.02	-12.60	0.25757	-0.05984	-0.55859	0.78516
6184	IMU0	POSITION_0_EXTRA	0x32	-884.3	107.4	164.0	24.08	24.01	-16.17	0.76025	-0.00506	0.64209	0.09662
6184	IMU1	PARENT_BOTTOM_FIXED	0x33	-58.6	-900.8	499.2	24.99	-8.61	0.28	0.16016	-0.06531	0.50684	-0.84326
6184	IMU2	CHILD_TOP_MOVING	0x34	5.4	-981.9	15.6	66.08	12.60	2.94	-0.03778	0.06433	-0.68262	0.72607
6184	IMU3	POSITION_3_EXTRA	0x35	178.6	-950.6	10.2	73.15	33.88	-16.94	0.06396	0.10278	-0.68506	0.71875
6184	IMU4	POSITION_4_EXTRA	0x36	138.6	-870.6	307.9	74.55	3.85	-12.67	0.25879	-0.05820	-0.55420	0.78809
6192	IMU0	POSITION_0_EXTRA	0x32	-907.7	99.6	142.5	23.17	26.74	-16.52	0.75928	-0.00474	0.64355	0.09460
6192	IMU1	PARENT_BOTTOM_FIXED	0x33	-60.0	-906.7	508.5	22.40	-6.44	0.28	0.16064	-0.06537	0.50537	-0.84424
6192	IMU2	CHILD_TOP_MOVING	0x34	7.8	-978.0	26.4	66.92	14.28	2.59	-0.03766	0.06311	-0.67920	0.72949
6192	IMU3	POSITION_3_EXTRA	0x35	179.1	-943.8	17.1	74.76	30.24	-17.78	0.06561	0.10223	-0.68066	0.72266
6192	IMU4	POSITION_4_EXTRA	0x36	138.6	-856.0	307.4	74.41	3.78	-12.46	0.26001	-0.05655	-0.54980	0.79053
6200	IMU0	POSITION_0_EXTRA	0x32	-883.8	104.9	106.4	19.04	25.62	-17.50	0.75781	-0.00468	0.64502	0.09277
6200	IMU1	PARENT_BOTTOM_FIXED	0x33	-49.3	-902.3	499.2	19.25	-6.58	0.35	0.16101	-0.06549	0.50391	-0.84521
6200	IMU2	CHILD_TOP_MOVING	0x34	14.6	-965.3	42.0	67.76	14.07	2.24	-0.03751	0.06195	-0.67578	0.73242
6200	IMU3	POSITION_3_EXTRA	0x35	182.0	-934.5	10.2	76.16	27.93	-19.04	0.06726	0.10187	-0.67676	0.72656
6200	IMU4	POSITION_4_EXTRA	0x36	141.0	-858.9	294.8	77.91	4.69	-12.81	0.26123	-0.05487	-0.54541	0.79346
6209	IMU0	POSITION_0_EXTRA	0x32	-896.0	103.9	103.0	17.08	29.40	-20.79	0.75684	-0.00491	0.64697	0.09082
6209	IMU1	PARENT_BOTTOM_FIXED	0x33	-56.1	-901.8	536.8	13.44	-6.23	0.42	0.16125	-0.06567	0.50293	-0.84570
6209	IMU2	CHILD_TOP_MOVING	0x34	10.7	-973.1	55.6	67.48	15.61	1.61	-0.03726	0.06073	-0.67236	0.73584
6209	IMU3	POSITION_3_EXTRA	0x35	182.0	-941.4	13.2	75.67	26.53	-19.74	0.06885	0.10162	-0.67285	0.72998
6209	IMU4	POSITION_4_EXTRA	0x36	137.1	-860.3	277.7	78.40	5.60	-12.95	0.26245	-0.05322	-0.54102	0.79639
6217	IMU0	POSITION_0_EXTRA	0x32	-867.2	99.1	118.6	15.26	29.89	-21.21	0.75537	-0.00526	0.64844	0.08893
6217	IMU1	PARENT_BOTTOM_FIXED	0x33	-46.8	-884.7	543.1	14.77	-9.31	0.98	0.16174	-0.06604	0.50195	-0.84619
6217	IMU2	CHILD_TOP_MOVING	0x34	6.8	-975.5	70.8	65.80	12.25	0.84	-0.03714	0.05969	-0.66895	0.73926
6217	IMU3	POSITION_3_EXTRA	0x35	182.5	-950.6	5.9	76.86	24.36	-21.00	0.07037	0.10150	-0.66895	0.73389
6217	IMU4	POSITION_4_EXTRA	0x36	137.6	-873.5	269.4	81.55	4.62	-13.44	0.26367	-0.05142	-0.53613	0.79932
6225	IMU0	POSITION_0_EXTRA	0x32	-819.8	107.8	106.4	14.28	33.88	-23.10	0.75391	-0.00579	0.65039	0.08698
6225	IMU1	PARENT_BOTTOM_FIXED	0x33	-46.4	-871.6	539.7	11.13	-10.29	1.40	0.16235	-0.06647	0.50098	-0.84668
6225	IMU2	CHILD_TOP_MOVING	0x34	11.2	-989.2	83.9	62.37	9.87	0.14	-0.03708	0.05887	-0.66602	0.74219
6225	IMU3	POSITION_3_EXTRA	0x35	194.2	-956.5	20.0	79.10	25.20	-22.40	0.07202	0.10150	-0.66455	0.73730
6225	IMU4	POSITION_4_EXTRA	0x36	143.0	-869.6	266.0	85.61	5.11	-13.93	0.26514	-0.04959	-0.53125	0.80225
6234	IMU0	POSITION_0_EXTRA	0x32	-838.4	102.5	139.6	9.66	39.06	-24.85	0.75244	-0.00668	0.65283	0.08514
6234	IMU1	PARENT_BOTTOM_FIXED	0x33	-50.3	-856.9	518.3	12.60	-10.85	1.26	0.16284	-0.06683	0.49976	-0.84717
6234	IMU2	CHILD_TOP_MOVING	0x34	15.1	-1000.9	94.2	61.88	5.39	-0.42	-0.03717	0.05829	-0.66260	0.74512
6234	IMU3	POSITION_3_EXTRA	0x35	212.3	-965.8	58.6	83.30	24.29	-24.85	0.07385	0.10168	-0.66016	0.74121
6234	IMU4	POSITION_4_EXTRA	0x36	144.4	-863.8	312.3	88.83	4.76	-14.42	0.26636	-0.04764	-0.52588	0.80566
6242	IMU0	POSITION_0_EXTRA	0x32	-838.4	101.0	168.8	9.59	39.41	-24.92	0.75049	-0.00757	0.65479	0.08331
6242	IMU1	PARENT_BOTTOM_FIXED	0x33	-53.7	-856.9	476.8	16.80	-14.00	0.77	0.16357	-0.06744	0.49854	-0.84766
6242	IMU2	CHILD_TOP_MOVING	0x34	36.6	-997.5	105.9	62.72	-0.07	-0.56	-0.03741	0.05817	-0.65918	0.74805
6242	IMU3	POSITION_3_EXTRA	0x35	232.3	-962.3	95.6	90.02	23.87	-27.93	0.07581	0.10217	-0.65479	0.74561
6242	IMU4	POSITION_4_EXTRA	0x36	158.1	-849.6	388.4	90.72	4.27	-15.54	0.26782	-0.04556	-0.52051	0.80859
6250	IMU0	POSITION_0_EXTRA	0x32	-828.1	104.4	171.3	8.96	41.30	-26.60	0.74902	-0.00860	0.65723	0.08136
6250	IMU1	PARENT_BOTTOM_FIXED	0x33	-56.1	-853.0	492.9	27.16	-21.35	0.98	0.16455	-0.06830	0.49658	-0.84863
6250	IMU2	CHILD_TOP_MOVING	0x34	51.2	-986.2	105.9	62.30	-2.59	-1.19	-0.03769	0.05826	-0.65576	0.75098
6250	IMU3	POSITION_3_EXTRA	0x35	251.3	-951.1	116.6	95.34	22.82	-30.38	0.07788	0.10291	-0.64941	0.75000
6250	IMU4	POSITION_4_EXTRA	0x36	179.1	-835.0	459.7	92.47	1.61	-16.94	0.26904	-0.04333	-0.51514	0.81201
6259	IMU0	POSITION_0_EXTRA	0x32	-876.4	105.9	161.0	6.86	45.15	-26.04	0.74707	-0.00974	0.65967	0.07959
6259	IMU1	PARENT_BOTTOM_FIXED	0x33	-41.5	-844.2	483.1	38.15	-24.71	1.54	0.16565	-0.06934	0.49390	-0.84961
6259	IMU2	CHILD_TOP_MOVING	0x34	55.1	-975.5	102.5	61.74	-7.49	-2.24	-0.03812	0.05869	-0.65234	0.75391
6259	IMU3	POSITION_3_EXTRA	0x35	258.6	-938.4	133.2	97.65	20.65	-31.78	0.07990	0.10388	-0.64355	0.75488
6259	IMU4	POSITION_4_EXTRA	0x36	190.3	-817.9	478.7	93.59	-3.92	-18.20	0.27026	-0.04065	-0.50977	0.81494
6267	IMU0	POSITION_0_EXTRA	0x32	-899.9	81.0	90.3	7.49	48.65	-25.06	0.74463	-0.01081	0.66260	0.07788
6267	IMU1	PARENT_BOTTOM_FIXED	0x33	-48.8	-878.4	490.0	37.31	-23.52	1.68	0.16687	-0.07025	0.49146	-0.85107
6267	IMU2	CHILD_TOP_MOVING	0x34	38.1	-968.7	98.1	62.44	-11.41	-2.38	-0.03879	0.05923	-0.64941	0.75684
6267	IMU3	POSITION_3_EXTRA	0x35	250.8	-915.5	132.2	100.87	21.21	-32.34	0.08197	0.10480	-0.63770	0.75928
6267	IMU4	POSITION_4_EXTRA	0x36	198.1	-777.4	455.3	94.85	-6.86	-18.62	0.27148	-0.03772	-0.50439	0.81836
6275	IMU0	POSITION_0_EXTRA	0x32	-947.2	62.0	14.2	3.15	53.34	-24.08	0.74219	-0.01210	0.66553	0.07635
6275	IMU1	PARENT_BOTTOM_FIXED	0x33	-51.2	-904.8	453.4	35.98	-21.00	1.75	0.16785	-0.07104	0.48926	-0.85205
6275	IMU2	CHILD_TOP_MOVING	0x34	30.7	-956.5	96.6	65.73	-15.05	-2.24	-0.03970	0.05997	-0.64600	0.75928
6275	IMU3	POSITION_3_EXTRA	0x35	241.6	-896.0	144.0	103.18	23.87	-31.92	0.08411	0.10559	-0.63184	0.76416
6275	IMU4	POSITION_4_EXTRA	0x36	195.7	-761.3	449.4	96.53	-9.17	-18.97	0.27246	-0.03461	-0.49878	0.82129
6284	IMU0	POSITION_0_EXTRA	0x32	-995.0	52.7	-17.6	0.56	51.38	-22.47	0.73926	-0.01360	0.66846	0.07489
6284	IMU1	PARENT_BOTTOM_FIXED	0x33	-53.2	-938.9	462.1	35.21	-19.25	2.52	0.16882	-0.07172	0.48730	-0.85254
6284	IMU2	CHILD_TOP_MOVING	0x34	35.1	-937.0	105.4	73.64	-13.23	-1.61	-0.04056	0.06055	-0.64160	0.76270
6284	IMU3	POSITION_3_EXTRA	0x35	242.0	-877.4	163.0	105.84	25.20	-31.29	0.08618	0.10626	-0.62549	0.76904
6284	IMU4	POSITION_4_EXTRA	0x36	194.2	-724.2	456.3	96.46	-6.09	-19.25	0.27368	-0.03168	-0.49316	0.82471
6292	IMU0	POSITION_0_EXTRA	0x32	-973.1	58.1	-13.7	-2.24	45.22	-20.86	0.73682	-0.01508	0.67188	0.07373
6292	IMU1	PARENT_BOTTOM_FIXED	0x33	-50.8	-926.2	463.6	33.88	-16.59	2.38	0.16968	-0.07227	0.48560	-0.85352
6292	IMU2	CHILD_TOP_MOVING	0x34	30.7	-938.9	136.6	83.16	-12.04	-1.33	-0.04141	0.06104	-0.63721	0.76660
6292	IMU3	POSITION_3_EXTRA	0x35	244.5	-879.9	166.4	106.05	28.49	-30.80	0.08844	0.10669	-0.61914	0.77393
6292	IMU4	POSITION_4_EXTRA	0x36	188.9	-734.4	442.1	91.14	-2.73	-18.06	0.27490	-0.02907	-0.48779	0.82764
6300	IMU0	POSITION_0_EXTRA	0x32	-960.4	67.3	5.4	-0.56	41.16	-23.03	0.73438	-0.01649	0.67432	0.07239
6300	IMU1	PARENT_BOTTOM_FIXED	0x33	-52.2	-918.4	477.8	28.84	-13.86	1.89	0.17041	-0.07269	0.48389	-0.85449
6300	IMU2	CHILD_TOP_MOVING	0x34	36.1	-942.3	169.3	90.23	-9.10	-1.68	-0.04218	0.06131	-0.63184	0.77100
6300	IMU3	POSITION_3_EXTRA	0x35	241.1	-895.0	182.0	103.67	31.29	-30.03	0.09076	0.10693	-0.61279	0.77881
6300	IMU4	POSITION_4_EXTRA	0x36	182.0	-759.8	434.3	94.99	-1.89	-18.34	0.27612	-0.02644	-0.48218	0.83057
6309	IMU0	POSITION_0_EXTRA	0x32	-940.4	81.5	49.3	3.36	47.25	-25.34	0.73242	-0.01781	0.67676	0.07080
6309	IMU1	PARENT_BOTTOM_FIXED	0x33	-43.9	-910.6	491.9	23.73	-11.90	1.19	0.17102	-0.07312	0.48242	-0.85498
6309	IMU2	CHILD_TOP_MOVING	0x34	32.2	-951.6	207.4	89.88	-6.16	-3.01	-0.04272	0.06146	-0.62695	0.77490
6309	IMU3	POSITION_3_EXTRA	0x35	245.5	-903.3	193.2	101.08	31.08	-29.12	0.09296	0.10706	-0.60693	0.78320
6309	IMU4	POSITION_4_EXTRA	0x36	195.7	-760.3	455.8	101.29	-4.20	-18.97	0.27734	-0.02353	-0.47632	0.83350
6317	IMU0	POSITION_0_EXTRA	0x32	-911.6	83.4	92.2	0.07	47.60	-25.97	0.72998	-0.01932	0.67920	0.06940
6317	IMU1	PARENT_BOTTOM_FIXED	0x33	-45.9	-887.2	518.3	22.82	-11.41	0.98	0.17163	-0.07349	0.48096	-0.85547
6317	IMU2	CHILD_TOP_MOVING	0x34	29.3	-977.5	221.1	88.83	4.55	-3.15	-0.04282	0.06100	-0.62158	0.77930
6317	IMU3	POSITION_3_EXTRA	0x35	240.6	-902.3	187.4	99.47	28.28	-29.05	0.09485	0.10712	-0.60010	0.78613
6317	IMU4	POSITION_4_EXTRA	0x36	198.6	-755.4	489.0	100.87	-4.69	-18.90	0.27832	-0.02060	-0.47021	0.83691
6325	IMU0	POSITION_0_EXTRA	0x32	-903.3	71.7	108.3	-2.94	49.42	-27.02	0.72803	-0.02106	0.68164	0.06799
6325	IMU1	PARENT_BOTTOM_FIXED	0x33	-40.5	-864.7	504.1	18.76	-10.71	0.56	0.17212	-0.07385	0.47998	-0.85596
6325	IMU2	CHILD_TOP_MOVING	0x34	8.8	-973.1	210.8	95.62	1.54	-3.22	-0.04312	0.06061	-0.61621	0.78369
6325	IMU3	POSITION_3_EXTRA	0x35	250.3	-894.0	203.0	99.82	25.76	-29.05	0.09674	0.10748	-0.59375	0.79004
6325	IMU4	POSITION_4_EXTRA	0x36	217.6	-734.9	505.6	102.06	-5.18	-19.04	0.27954	-0.01759	-0.46411	0.83984
6334	IMU0	POSITION_0_EXTRA	0x32	-897.9	76.1	75.2	-3.64	51.10	-28.00	0.72559	-0.02289	0.68457	0.06665
6334	IMU1	PARENT_BOTTOM_FIXED	0x33	-56.1	-863.3	511.9	18.69	-14.35	0.21	0.17273	-0.07440	0.47876	-0.85645
6334	IMU2	CHILD_TOP_MOVING	0x34	38.1	-956.0	211.8	95.69	-2.38	-3.92	-0.04346	0.06058	-0.61084	0.78760
6334	IMU3	POSITION_3_EXTRA	0x35	275.2	-876.0	232.8	101.64	26.11	-29.05	0.09882	0.10791	-0.58789	0.79443
6334	IMU4	POSITION_4_EXTRA	0x36	231.3	-710.5	554.9	100.24	-1.54	-17.92	0.28076	-0.01490	-0.45825	0.84277
6342	IMU0	POSITION_0_EXTRA	0x32	-912.1	50.8	81.0	-13.44	56.14	-27.58	0.72266	-0.02524	0.68750	0.06573
6342	IMU1	PARENT_BOTTOM_FIXED	0x33	-43.4	-826.2	476.3	23.59	-19.60	0.49	0.17358	-0.07526	0.47705	-0.85742
6342	IMU2	CHILD_TOP_MOVING	0x34	35.1	-933.5	191.8	95.62	-6.30	-4.20	-0.04395	0.06082	-0.60547	0.79199
6342	IMU3	POSITION_3_EXTRA	0x35	293.8	-843.3	265.5	101.85	22.82	-28.84	0.10071	0.10858	-0.58154	0.79883
6342	IMU4	POSITION_4_EXTRA	0x36	237.7	-681.2	652.5	97.72	-12.88	-14.70	0.28149	-0.01144	-0.45190	0.84619
6350	IMU0	POSITION_0_EXTRA	0x32	-891.6	19.0	64.9	-16.66	60.90	-26.11	0.71973	-0.02771	0.69043	0.06512
6350	IMU1	PARENT_BOTTOM_FIXED	0x33	-37.1	-812.5	495.3	23.87	-17.99	1.05	0.17444	-0.07605	0.47559	-0.85791
6350	IMU2	CHILD_TOP_MOVING	0x34	53.2	-902.8	185.9	97.02	-23.17	-5.18	-0.04510	0.06207	-0.60010	0.79590
6350	IMU3	POSITION_3_EXTRA	0x35	317.2	-844.2	280.1	99.19	21.49	-28.07	0.10248	0.10925	-0.57520	0.80322
6350	IMU4	POSITION_4_EXTRA	0x36	258.6	-680.3	514.4	99.75	-5.46	-17.71	0.28247	-0.00852	-0.44580	0.84912
6359	IMU0	POSITION_0_EXTRA	0x32	-960.9	13.2	-2.4	-8.61	65.73	-26.18	0.71631	-0.02995	0.69385	0.06384
6359	IMU1	PARENT_BOTTOM_FIXED	0x33	-58.6	-806.2	490.4	23.80	-16.52	0.56	0.17517	-0.07672	0.47388	-0.85889
6359	IMU2	CHILD_TOP_MOVING	0x34	62.0	-903.8	210.8	89.32	-39.55	-6.09	-0.04688	0.06433	-0.59473	0.79980
6359	IMU3	POSITION_3_EXTRA	0x35	329.4	-829.6	290.4	93.59	26.60	-26.25	0.10443	0.10944	-0.56934	0.80713
6359	IMU4	POSITION_4_EXTRA	0x36	257.2	-659.3	611.5	93.10	0.14	-18.41	0.28369	-0.00605	-0.44019	0.85156
6367	IMU0	POSITION_0_EXTRA	0x32	-992.6	16.6	0.5	-6.79	60.27	-23.87	0.71338	-0.03192	0.69727	0.06268
6367	IMU1	PARENT_BOTTOM_FIXED	0x33	-56.6	-828.6	490.9	33.95	-28.98	2.03	0.17651	-0.07788	0.47144	-0.85937
6367	IMU2	CHILD_TOP_MOVING	0x34	79.1	-904.3	218.6	83.65	-43.40	-5.46	-0.04886	0.06677	-0.58984	0.80322
6367	IMU3	POSITION_3_EXTRA	0x35	332.3	-832.5	314.8	88.13	31.71	-23.80	0.10669	0.10950	-0.56348	0.81055
6367	IMU4	POSITION_4_EXTRA	0x36	257.7	-664.2	623.7	91.91	-4.41	-19.53	0.28467	-0.00329	-0.43457	0.85400
6375	IMU0	POSITION_0_EXTRA	0x32	-1042.9	-4.4	-62.5	1.96	57.19	-25.83	0.71045	-0.03363	0.70020	0.06088
6375	IMU1	PARENT_BOTTOM_FIXED	0x33	-47.8	-835.5	471.4	34.09	-24.85	4.55	0.17786	-0.07880	0.46948	-0.86035
6375	IMU2	CHILD_TOP_MOVING	0x34	82.0	-909.1	257.7	82.60	-38.78	-4.13	-0.05069	0.06891	-0.58447	0.80664
6375	IMU3	POSITION_3_EXTRA	0x35	319.6	-842.3	324.0	86.73	34.23	-22.12	0.10889	0.10925	-0.55811	0.81445
6375	IMU4	POSITION_4_EXTRA	0x36	267.9	-655.4	618.8	93.45	-8.96	-20.72	0.28589	-0.00018	-0.42896	0.85645
6384	IMU0	POSITION_0_EXTRA	0x32	-1046.8	7.3	-92.7	2.80	46.13	-25.55	0.70801	-0.03497	0.70264	0.05933
6384	IMU1	PARENT_BOTTOM_FIXED	0x33	-34.6	-845.7	455.8	34.58	-16.52	3.43	0.17883	-0.07928	0.46753	-0.86133
6384	IMU2	CHILD_TOP_MOVING	0x34	70.3	-918.4	291.3	86.66	-29.33	-3.08	-0.05212	0.07056	-0.57959	0.81006
6384	IMU3	POSITION_3_EXTRA	0x35	307.9	-846.2	319.6	90.30	38.50	-21.28	0.11108	0.10864	-0.55225	0.81836
6384	IMU4	POSITION_4_EXTRA	0x36	275.2	-658.8	619.3	92.40	-7.56	-20.51	0.28687	0.00282	-0.42334	0.85889
6392	IMU0	POSITION_0_EXTRA	0x32	-1038.5	9.3	-68.8	1.82	32.76	-23.66	0.70605	-0.03635	0.70459	0.05780
6392	IMU1	PARENT_BOTTOM_FIXED	0x33	-70.8	-877.4	508.0	19.18	-7.98	2.45	0.17944	-0.07928	0.46655	-0.86133
6392	IMU2	CHILD_TOP_MOVING	0x34	79.5	-924.8	316.2	89.95	-16.10	-2.80	-0.05301	0.07141	-0.57422	0.81396
6392	IMU3	POSITION_3_EXTRA	0x35	297.7	-841.8	334.8	93.73	43.61	-20.02	0.11334	0.10767	-0.54639	0.82227
6392	IMU4	POSITION_4_EXTRA	0x36	265.5	-643.2	619.3	89.39	-4.48	-20.58	0.28809	0.00557	-0.41797	0.86133
6400	IMU0	POSITION_0_EXTRA	0x32	-1002.8	12.7	3.9	-1.54	29.40	-22.75	0.70459	-0.03781	0.70605	0.05655
6400	IMU1	PARENT_BOTTOM_FIXED	0x33	-58.1	-888.6	463.6	26.11	-13.93	2.45	0.18030	-0.07965	0.46533	-0.86182
6400	IMU2	CHILD_TOP_MOVING	0x34	75.6	-922.8	321.1	92.68	2.73	-2.59	-0.05316	0.07111	-0.56836	0.81787
6400	IMU3	POSITION_3_EXTRA	0x35	300.6	-844.2	344.5	92.19	50.47	-18.13	0.11578	0.10620	-0.54004	0.82568
6400	IMU4	POSITION_4_EXTRA	0x36	251.3	-668.6	651.5	84.56	-0.07	-19.39	0.28931	0.00800	-0.41260	0.86377
6409	IMU0	POSITION_0_EXTRA	0x32	-981.9	16.6	67.8	0.91	34.09	-26.04	0.70361	-0.03925	0.70752	0.05505
6409	IMU1	PARENT_BOTTOM_FIXED	0x33	-59.5	-934.0	540.2	19.53	-9.94	3.15	0.18091	-0.07990	0.46411	-0.86279
6409	IMU2	CHILD_TOP_MOVING	0x34	62.0	-924.8	330.4	96.81	14.28	-2.17	-0.05292	0.07001	-0.56299	0.82178
6409	IMU3	POSITION_3_EXTRA	0x35	288.9	-841.8	381.1	87.64	51.73	-17.57	0.11823	0.10449	-0.53418	0.82959
6409	IMU4	POSITION_4_EXTRA	0x36	244.0	-644.6	666.6	87.36	0.42	-19.25	0.29053	0.01042	-0.40674	0.86572
6417	IMU0	POSITION_0_EXTRA	0x32	-966.2	13.7	84.9	-3.57	40.04	-28.00	0.70166	-0.04105	0.70898	0.05368
6417	IMU1	PARENT_BOTTOM_FIXED	0x33	-53.7	-885.7	510.0	19.32	-8.40	0.77	0.18140	-0.08008	0.46313	-0.86279
6417	IMU2	CHILD_TOP_MOVING	0x34	58.1	-943.3	347.9	98.07	20.86	-2.38	-0.05243	0.06848	-0.55713	0.82568
6417	IMU3	POSITION_3_EXTRA	0x35	286.0	-860.3	400.2	81.69	48.65	-16.52	0.12048	0.10278	-0.52881	0.83301
6417	IMU4	POSITION_4_EXTRA	0x36	246.9	-653.4	695.4	87.85	2.03	-18.48	0.29175	0.01270	-0.40088	0.86816
6425	IMU0	POSITION_0_EXTRA	0x32	-970.1	53.2	83.4	-2.87	45.64	-29.47	0.70020	-0.04269	0.71094	0.05240
6425	IMU1	PARENT_BOTTOM_FIXED	0x33	-75.6	-944.3	556.3	16.17	-10.36	1.75	0.18188	-0.08044	0.46191	-0.86328
6425	IMU2	CHILD_TOP_MOVING	0x34	29.8	-932.1	344.0	93.31	21.49	-2.17	-0.05197	0.06677	-0.55176	0.82959
6425	IMU3	POSITION_3_EXTRA	0x35	268.4	-847.2	413.3	81.76	44.10	-15.61	0.12250	0.10126	-0.52344	0.83643
6425	IMU4	POSITION_4_EXTRA	0x36	252.8	-635.9	695.9	86.10	4.62	-18.06	0.29297	0.01481	-0.39502	0.87061
6434	IMU0	POSITION_0_EXTRA	0x32	-943.3	25.9	47.3	-3.64	47.81	-30.59	0.69775	-0.04465	0.71338	0.05087
6434	IMU1	PARENT_BOTTOM_FIXED	0x33	-63.9	-936.0	538.8	28.42	-22.89	3.92	0.18311	-0.08130	0.45996	-0.86426
6434	IMU2	CHILD_TOP_MOVING	0x34	14.6	-913.0	346.5	87.71	13.09	-2.38	-0.05188	0.06555	-0.54688	0.83301
6434	IMU3	POSITION_3_EXTRA	0x35	270.4	-828.1	445.5	84.77	36.33	-16.38	0.12421	0.10028	-0.51758	0.83984
6434	IMU4	POSITION_4_EXTRA	0x36	244.0	-617.3	718.8	83.58	6.37	-17.22	0.29419	0.01669	-0.38916	0.87256
6442	IMU0	POSITION_0_EXTRA	0x32	-980.9	-31.7	40.0	-7.91	55.93	-32.69	0.69531	-0.04712	0.71582	0.04929
6442	IMU1	PARENT_BOTTOM_FIXED	0x33	-50.8	-900.4	534.4	25.13	-19.95	4.48	0.18420	-0.08203	0.45850	-0.86475
6442	IMU2	CHILD_TOP_MOVING	0x34	22.9	-892.6	352.3	82.39	-1.96	-2.73	-0.05228	0.06537	-0.54199	0.83643
6442	IMU3	POSITION_3_EXTRA	0x35	280.1	-811.1	459.2	85.75	29.40	-17.01	0.12585	0.09985	-0.51172	0.84326
6442	IMU4	POSITION_4_EXTRA	0x36	249.4	-602.2	745.2	83.44	4.97	-17.08	0.29541	0.01868	-0.38330	0.87500
6450	IMU0	POSITION_0_EXTRA	0x32	-1011.6	-49.3	-90.3	-12.67	67.83	-33.60	0.69141	-0.05002	0.71924	0.04776
6450	IMU1	PARENT_BOTTOM_FIXED	0x33	-18.1	-857.9	507.5	25.69	-13.44	2.45	0.18494	-0.08252	0.45703	-0.86523
6450	IMU2	CHILD_TOP_MOVING	0x34	21.0	-889.1	364.0	80.29	-17.01	-3.08	-0.05325	0.06604	-0.53711	0.83936
6450	IMU3	POSITION_3_EXTRA	0x35	294.8	-797.4	470.9	81.97	28.49	-16.03	0.12732	0.09943	-0.50635	0.84668
6450	IMU4	POSITION_4_EXTRA	0x36	261.6	-587.1	764.2	82.60	3.57	-16.94	0.29663	0.02081	-0.37744	0.87695
6459	IMU0	POSITION_0_EXTRA	0x32	-1074.1	-94.7	-113.2	-7.91	61.60	-34.72	0.68848	-0.05243	0.72217	0.04620
6459	IMU1	PARENT_BOTTOM_FIXED	0x33	-62.5	-890.6	587.6	22.19	-10.64	1.40	0.18542	-0.08282	0.45532	-0.86572
6459	IMU2	CHILD_TOP_MOVING	0x34	31.7	-886.7	380.2	80.99	-30.66	-4.20	-0.05469	0.06769	-0.53223	0.84229
6459	IMU3	POSITION_3_EXTRA	0x35	290.8	-802.3	486.0	77.63	30.66	-14.42	0.12878	0.09875	-0.50098	0.84961
6459	IMU4	POSITION_4_EXTRA	0x36	266.9	-573.9	774.5	79.87	4.48	-16.59	0.29785	0.02284	-0.37183	0.87891
6467	IMU0	POSITION_0_EXTRA	0x32	-1071.6	-44.9	-138.1	-3.78	52.92	-31.71	0.68555	-0.05447	0.72461	0.04462
6467	IMU1	PARENT_BOTTOM_FIXED	0x33	-40.0	-845.2	480.7	28.70	-17.71	1.96	0.18640	-0.08350	0.45386	-0.86621
6467	IMU2	CHILD_TOP_MOVING	0x34	45.4	-877.9	406.5	81.83	-31.08	-4.69	-0.05603	0.06940	-0.52686	0.84521
6467	IMU3	POSITION_3_EXTRA	0x35	297.2	-791.5	515.3	76.44	30.17	-13.51	0.13037	0.09808	-0.49536	0.85254
6467	IMU4	POSITION_4_EXTRA	0x36	265.0	-570.5	767.1	77.56	4.55	-16.31	0.29883	0.02478	-0.36621	0.88086
6475	IMU0	POSITION_0_EXTRA	0x32	-1084.3	-37.1	-98.1	-2.87	52.78	-29.33	0.68311	-0.05634	0.72705	0.04309
6475	IMU1	PARENT_BOTTOM_FIXED	0x33	-35.1	-866.7	547.0	28.07	-14.42	3.29	0.18726	-0.08386	0.45215	-0.86719
6475	IMU2	CHILD_TOP_MOVING	0x34	55.6	-874.0	436.8	84.70	-24.85	-4.20	-0.05719	0.07068	-0.52148	0.84863
6475	IMU3	POSITION_3_EXTRA	0x35	299.1	-784.2	510.9	75.04	29.82	-12.18	0.13171	0.09741	-0.49023	0.85547
6475	IMU4	POSITION_4_EXTRA	0x36	261.1	-562.7	789.6	75.67	6.51	-16.45	0.30005	0.02652	-0.36084	0.88281
6483	IMU0	POSITION_0_EXTRA	0x32	-1007.7	-22.4	-47.8	-10.99	51.45	-25.97	0.68018	-0.05844	0.72949	0.04214
6483	IMU1	PARENT_BOTTOM_FIXED	0x33	-40.5	-823.3	515.3	23.03	-7.84	1.68	0.18774	-0.08392	0.45093	-0.86768
6483	IMU2	CHILD_TOP_MOVING	0x34	79.5	-875.0	477.8	89.46	-17.22	-4.20	-0.05798	0.07159	-0.51563	0.85205
6483	IMU3	POSITION_3_EXTRA	0x35	314.8	-799.8	517.8	74.34	32.27	-12.60	0.13318	0.09668	-0.48511	0.85840
6483	IMU4	POSITION_4_EXTRA	0x36	267.4	-549.5	805.7	73.78	7.28	-16.38	0.30127	0.02820	-0.35547	0.88428
6492	IMU0	POSITION_0_EXTRA	0x32	-1040.4	-53.2	-58.6	-0.42	57.61	-31.78	0.67725	-0.06046	0.73193	0.04019
6492	IMU1	PARENT_BOTTOM_FIXED	0x33	-37.6	-809.1	519.7	26.95	-13.02	-0.56	0.18835	-0.08435	0.44946	-0.86816
6492	IMU2	CHILD_TOP_MOVING	0x34	113.2	-882.8	525.1	81.62	-7.84	-4.27	-0.05829	0.07214	-0.51025	0.85498
6492	IMU3	POSITION_3_EXTRA	0x35	309.9	-774.0	546.6	71.47	33.25	-12.25	0.13477	0.09576	-0.47974	0.86133
6492	IMU4	POSITION_4_EXTRA	0x36	272.3	-558.8	822.8	72.52	10.43	-16.38	0.30273	0.02962	-0.35010	0.88623
6500	IMU0	POSITION_0_EXTRA	0x32	-1066.3	-11.2	-116.6	-8.54	49.28	-25.62	0.67480	-0.06238	0.73438	0.03918
6500	IMU1	PARENT_BOTTOM_FIXED	0x33	-78.1	-874.5	565.1	30.94	-15.82	3.36	0.18933	-0.08453	0.44751	-0.86914
6500	IMU2	CHILD_TOP_MOVING	0x34	65.4	-834.5	503.1	67.55	10.50	-1.68	-0.05817	0.07123	-0.50586	0.85791
6500	IMU3	POSITION_3_EXTRA	0x35	298.2	-751.0	576.3	69.37	30.80	-11.69	0.13623	0.09491	-0.47461	0.86377
6500	IMU4	POSITION_4_EXTRA	0x36	279.1	-534.8	845.2	70.21	12.46	-16.31	0.30396	0.03093	-0.34448	0.88770
6508	IMU0	POSITION_0_EXTRA	0x32	-1045.3	-24.4	-76.6	-3.92	51.59	-28.14	0.67236	-0.06421	0.73682	0.03778
6508	IMU1	PARENT_BOTTOM_FIXED	0x33	-57.1	-819.8	474.3	31.08	-19.18	3.78	0.19043	-0.08521	0.44531	-0.86963
6508	IMU2	CHILD_TOP_MOVING	0x34	53.2	-814.5	485.6	60.76	9.38	-0.07	-0.05817	0.07031	-0.50195	0.86035
6508	IMU3	POSITION_3_EXTRA	0x35	288.9	-751.5	586.6	68.95	26.60	-10.99	0.13745	0.09430	-0.46973	0.86670
6508	IMU4	POSITION_4_EXTRA	0x36	277.2	-510.0	865.2	68.39	11.76	-16.17	0.30542	0.03226	-0.33911	0.88916
6517	IMU0	POSITION_0_EXTRA	0x32	-1086.8	-42.0	-121.5	-9.38	49.28	-26.18	0.66943	-0.06616	0.73877	0.03677
6517	IMU1	PARENT_BOTTOM_FIXED	0x33	-38.6	-845.2	534.8	23.87	-12.46	3.36	0.19116	-0.08551	0.44409	-0.87012
6517	IMU2	CHILD_TOP_MOVING	0x34	61.0	-825.7	498.2	54.32	14.28	0.98	-0.05801	0.06915	-0.49829	0.86230
6517	IMU3	POSITION_3_EXTRA	0x35	294.8	-755.9	603.7	68.18	27.51	-10.29	0.13867	0.09357	-0.46460	0.86914
6517	IMU4	POSITION_4_EXTRA	0x36	277.2	-498.2	900.4	65.38	9.66	-15.47	0.30640	0.03345	-0.33472	0.89062
6525	IMU0	POSITION_0_EXTRA	0x32	-1105.8	-62.0	-152.7	-8.12	45.43	-24.50	0.66699	-0.06799	0.74121	0.03580
6525	IMU1	PARENT_BOTTOM_FIXED	0x33	-63.0	-854.0	551.9	22.40	-9.94	2.38	0.19189	-0.08557	0.44287	-0.87061
6525	IMU2	CHILD_TOP_MOVING	0x34	42.5	-846.7	506.5	50.89	17.36	1.82	-0.05783	0.06763	-0.49512	0.86426
6525	IMU3	POSITION_3_EXTRA	0x35	281.6	-755.4	644.6	65.87	26.67	-9.31	0.13989	0.09271	-0.45947	0.87158
6525	IMU4	POSITION_4_EXTRA	0x36	275.7	-495.3	925.2	61.25	7.98	-14.42	0.30737	0.03461	-0.33057	0.89160
6533	IMU0	POSITION_0_EXTRA	0x32	-1136.1	-63.0	-167.4	-1.82	43.89	-23.59	0.66504	-0.06946	0.74316	0.03455
6533	IMU1	PARENT_BOTTOM_FIXED	0x33	-36.1	-854.0	495.3	23.17	-14.00	2.38	0.19263	-0.08606	0.44165	-0.87109
6533	IMU2	CHILD_TOP_MOVING	0x34	28.8	-845.7	529.5	51.31	12.74	2.38	-0.05786	0.06635	-0.49170	0.86621
6533	IMU3	POSITION_3_EXTRA	0x35	270.8	-753.5	669.0	62.30	20.79	-8.47	0.14075	0.09216	-0.45483	0.87402
6533	IMU4	POSITION_4_EXTRA	0x36	267.4	-491.9	937.9	59.15	5.04	-13.51	0.30835	0.03589	-0.32666	0.89307
6542	IMU0	POSITION_0_EXTRA	0x32	-1155.6	-64.9	-186.4	2.10	37.80	-23.87	0.66309	-0.07074	0.74463	0.03308
6542	IMU1	PARENT_BOTTOM_FIXED	0x33	-36.1	-855.0	521.7	26.18	-11.90	2.87	0.19336	-0.08630	0.43994	-0.87207
6542	IMU2	CHILD_TOP_MOVING	0x34	23.4	-844.7	561.7	50.12	7.70	2.31	-0.05811	0.06537	-0.48828	0.86865
6542	IMU3	POSITION_3_EXTRA	0x35	268.9	-748.6	673.0	58.31	17.92	-7.84	0.14148	0.09167	-0.45020	0.87646
6542	IMU4	POSITION_4_EXTRA	0x36	265.0	-484.6	944.3	56.98	4.41	-12.18	0.30908	0.03714	-0.32275	0.89404
6550	IMU0	POSITION_0_EXTRA	0x32	-1162.9	-75.2	-191.8	1.89	31.64	-22.26	0.66113	-0.07196	0.74609	0.03174
6550	IMU1	PARENT_BOTTOM_FIXED	0x33	-28.8	-855.0	521.7	21.84	-9.87	0.98	0.19385	-0.08661	0.43896	-0.87207
6550	IMU2	CHILD_TOP_MOVING	0x34	20.0	-840.3	575.4	48.23	3.22	1.82	-0.05847	0.06464	-0.48511	0.87012
6550	IMU3	POSITION_3_EXTRA	0x35	264.0	-741.3	691.5	53.13	16.38	-7.63	0.14148	0.09167	-0.45020	0.87646
6550	IMU4	POSITION_4_EXTRA	0x36	259.1	-481.2	958.9	53.76	4.20	-10.71	0.30957	0.03830	-0.31909	0.89502
6558	IMU0	POSITION_0_EXTRA	0x32	-1153.1	-55.1	-178.6	1.61	26.60	-21.42	0.65967	-0.07312	0.74756	0.03050
6558	IMU1	PARENT_BOTTOM_FIXED	0x33	-29.8	-888.6	560.7	24.50	-10.78	0.91	0.19434	-0.08691	0.43726	-0.87305
6558	IMU2	CHILD_TOP_MOVING	0x34	19.5	-832.5	578.3	46.76	-1.40	1.26	-0.05896	0.06427	-0.48169	0.87207
6558	IMU3	POSITION_3_EXTRA	0x35	256.7	-742.2	705.2	46.55	14.28	-6.79	0.14282	0.09100	-0.44287	0.87988
6558	IMU4	POSITION_4_EXTRA	0x36	253.3	-476.3	968.7	51.94	3.15	-9.59	0.31030	0.03946	-0.31567	0.89600
6567	IMU0	POSITION_0_EXTRA	0x32	-1146.3	-50.8	-173.2	2.03	25.41	-19.67	0.65869	-0.07410	0.74854	0.02931
6567	IMU1	PARENT_BOTTOM_FIXED	0x33	-32.2	-858.9	565.1	20.93	-9.31	-0.07	0.19470	-0.08722	0.43628	-0.87305
6567	IMU2	CHILD_TOP_MOVING	0x34	16.1	-830.6	587.6	42.70	-1.89	0.91	-0.05942	0.06390	-0.47876	0.87402
6567	IMU3	POSITION_3_EXTRA	0x35	252.8	-741.3	715.9	40.88	13.86	-5.88	0.14331	0.09070	-0.44019	0.88135
6567	IMU4	POSITION_4_EXTRA	0x36	248.9	-469.5	979.9	49.00	2.66	-8.05	0.31055	0.04053	-0.31250	0.89697
6575	IMU0	POSITION_0_EXTRA	0x32	-1142.4	-27.3	-178.6	2.45	20.93	-17.43	0.65869	-0.07501	0.74951	0.02823
6575	IMU1	PARENT_BOTTOM_FIXED	0x33	-43.9	-851.1	568.5	16.66	-10.85	-0.42	0.19519	-0.08752	0.43530	-0.87354
6575	IMU2	CHILD_TOP_MOVING	0x34	15.6	-832.5	598.3	41.23	-0.42	0.42	-0.05978	0.06348	-0.47583	0.87549
6575	IMU3	POSITION_3_EXTRA	0x35	243.0	-745.7	719.8	37.94	11.41	-5.74	0.14331	0.09070	-0.44019	0.88135
6575	IMU4	POSITION_4_EXTRA	0x36	243.0	-463.6	988.7	46.27	1.12	-6.44	0.31104	0.04163	-0.30933	0.89795
6583	IMU0	POSITION_0_EXTRA	0x32	-1131.2	-22.0	-183.0	1.33	16.94	-14.70	0.65723	-0.07501	0.74951	0.02737
6583	IMU1	PARENT_BOTTOM_FIXED	0x33	-42.9	-834.5	565.1	18.97	-10.85	-0.14	0.19556	-0.08789	0.43433	-0.87402
6583	IMU2	CHILD_TOP_MOVING	0x34	10.7	-827.2	602.7	39.55	2.73	-0.28	-0.06000	0.06287	-0.47314	0.87695
6583	IMU3	POSITION_3_EXTRA	0x35	246.4	-736.9	732.0	37.66	7.70	-5.95	0.14392	0.09052	-0.43750	0.88281
6583	IMU4	POSITION_4_EXTRA	0x36	239.6	-457.7	998.9	43.82	-1.26	-5.18	0.31104	0.04279	-0.30664	0.89893
6592	IMU0	POSITION_0_EXTRA	0x32	-1138.5	-21.0	-189.3	-1.12	14.98	-11.69	0.65674	-0.07574	0.75000	0.02737
6592	IMU1	PARENT_BOTTOM_FIXED	0x33	-49.8	-817.9	573.9	20.09	-10.85	0.07	0.19617	-0.08820	0.43335	-0.87451
6592	IMU2	CHILD_TOP_MOVING	0x34	9.3	-819.4	613.9	37.31	3.22	-1.12	-0.06015	0.06226	-0.47021	0.87842
6592	IMU3	POSITION_3_EXTRA	0x35	254.2	-733.5	741.3	36.96	3.71	-5.95	0.14429	0.09058	-0.43506	0.88379
6592	IMU4	POSITION_4_EXTRA	0x36	244.5	-451.9	1005.3	41.51	-3.50	-4.13	0.31128	0.04401	-0.30396	0.89941
6600	IMU0	POSITION_0_EXTRA	0x32	-1145.8	-29.3	-206.4	-1.33	12.95	-9.17	0.65576	-0.07648	0.75098	0.02679
6600	IMU1	PARENT_BOTTOM_FIXED	0x33	-54.7	-806.2	569.5	15.61	-10.01	0.77	0.19666	-0.08844	0.43213	-0.87451
6600	IMU2	CHILD_TOP_MOVING	0x34	10.7	-815.9	627.1	33.53	0.56	-1.75	-0.06030	0.06186	-0.46777	0.87988
6600	IMU3	POSITION_3_EXTRA	0x35	263.0	-729.6	742.2	36.75	0.77	-6.23	0.14453	0.09088	-0.43237	0.88477
6600	IMU4	POSITION_4_EXTRA	0x36	252.8	-444.6	1010.2	38.57	-5.04	-2.87	0.31104	0.04523	-0.30151	0.90039
6608	IMU0	POSITION_0_EXTRA	0x32	-1143.9	-33.2	-217.6	-3.71	9.80	-5.81	0.65527	-0.07709	0.75146	0.02635
6608	IMU1	PARENT_BOTTOM_FIXED	0x33	-60.5	-793.5	571.9	16.03	-10.29	1.75	0.19727	-0.08862	0.43140	-0.87500
6608	IMU2	CHILD_TOP_MOVING	0x34	14.2	-810.1	630.5	27.65	-5.18	-2.17	-0.06061	0.06189	-0.46558	0.88086
6608	IMU3	POSITION_3_EXTRA	0x35	274.3	-722.2	753.5	36.47	-1.47	-6.09	0.14478	0.09143	-0.43018	0.88623
6608	IMU4	POSITION_4_EXTRA	0x36	266.0	-438.2	1011.6	35.77	-6.79	-1.75	0.31104	0.04651	-0.29932	0.90088
6617	IMU0	POSITION_0_EXTRA	0x32	-1142.4	-36.1	-227.9	-5.32	7.49	-3.08	0.65430	-0.07758	0.75195	0.02623
6617	IMU1	PARENT_BOTTOM_FIXED	0x33	-62.5	-781.3	566.1	10.85	-11.34	2.66	0.19788	-0.08875	0.43042	-0.87549
6617	IMU2	CHILD_TOP_MOVING	0x34	20.0	-812.5	635.4	22.61	-11.48	-2.45	-0.06107	0.06238	-0.46387	0.88184
6617	IMU3	POSITION_3_EXTRA	0x35	286.9	-713.9	758.4	36.47	-4.06	-5.46	0.14490	0.09204	-0.42773	0.88721
6617	IMU4	POSITION_4_EXTRA	0x36	283.0	-430.4	1017.0	33.39	-8.12	-0.84	0.31079	0.04779	-0.29736	0.90186
6625	IMU0	POSITION_0_EXTRA	0x32	-1142.9	-30.7	-224.0	-8.47	6.37	-0.28	0.65430	-0.07800	0.75195	0.02634
6625	IMU1	PARENT_BOTTOM_FIXED	0x33	-63.4	-786.7	574.9	9.17	-11.20	3.85	0.19861	-0.08899	0.42993	-0.87549
6625	IMU2	CHILD_TOP_MOVING	0x34	29.8	-805.7	641.7	20.16	-15.12	-2.31	-0.06161	0.06317	-0.46191	0.88281
6625	IMU3	POSITION_3_EXTRA	0x35	295.7	-700.3	765.2	31.64	-4.76	-4.41	0.14490	0.09283	-0.42529	0.88818
6625	IMU4	POSITION_4_EXTRA	0x36	292.8	-422.6	1017.5	30.45	-9.17	0.21	0.31030	0.04904	-0.29565	0.90234
6633	IMU0	POSITION_0_EXTRA	0x32	-1140.5	-34.6	-227.4	-9.31	4.90	2.45	0.65381	-0.07843	0.75244	0.02675
6633	IMU1	PARENT_BOTTOM_FIXED	0x33	-61.5	-780.3	576.8	9.10	-11.76	4.90	0.19934	-0.08917	0.42920	-0.87549
6633	IMU2	CHILD_TOP_MOVING	0x34	40.0	-802.3	648.6	17.92	-15.82	-1.96	-0.06216	0.06403	-0.46021	0.88330
6633	IMU3	POSITION_3_EXTRA	0x35	301.6	-693.0	769.1	31.64	-4.76	-4.41	0.14490	0.09357	-0.42334	0.88916
6633	IMU4	POSITION_4_EXTRA	0x36	298.7	-414.8	1026.3	28.00	-9.87	1.12	0.31006	0.05026	-0.29395	0.90283
6642	IMU0	POSITION_0_EXTRA	0x32	-1146.8	-32.2	-224.0	-10.78	2.52	4.48	0.65332	-0.07874	0.75244	0.02734
6642	IMU1	PARENT_BOTTOM_FIXED	0x33	-55.6	-780.3	576.3	7.91	-12.11	5.81	0.20020	-0.08936	0.42871	-0.87549
6642	IMU2	CHILD_TOP_MOVING	0x34	46.8	-798.4	648.1	15.96	-15.47	-1.40	-0.06274	0.06488	-0.45874	0.88428
6642	IMU3	POSITION_3_EXTRA	0x35	305.5	-690.0	769.6	25.41	-5.53	-2.80	0.14478	0.09430	-0.42163	0.88965
6642	IMU4	POSITION_4_EXTRA	0x36	303.5	-406.5	1032.1	24.78	-10.01	2.24	0.30957	0.05139	-0.29272	0.90332
6650	IMU0	POSITION_0_EXTRA	0x32	-1156.1	-35.6	-225.0	-12.11	1.19	6.86	0.65332	-0.07904	0.75293	0.02814
6650	IMU1	PARENT_BOTTOM_FIXED	0x33	-45.4	-779.8	570.5	6.16	-11.06	6.44	0.20105	-0.08966	0.42822	-0.87549
6650	IMU2	CHILD_TOP_MOVING	0x34	53.2	-793.0	650.0	12.95	-16.03	-0.91	-0.06329	0.06580	-0.45752	0.88477
6650	IMU3	POSITION_3_EXTRA	0x35	305.5	-690.0	769.6	19.18	-7.28	-1.54	0.14453	0.09497	-0.42041	0.89014
6650	IMU4	POSITION_4_EXTRA	0x36	302.1	-402.1	1032.6	21.35	-10.29	3.15	0.30908	0.05246	-0.29150	0.90381
6658	IMU0	POSITION_0_EXTRA	0x32	-1168.3	-42.0	-226.9	-13.09	-2.52	8.89	0.65283	-0.07922	0.75293	0.02913
6658	IMU1	PARENT_BOTTOM_FIXED	0x33	-35.6	-785.7	575.4	2.59	-9.80	6.72	0.20190	-0.09015	0.42798	-0.87549
6658	IMU2	CHILD_TOP_MOVING	0x34	62.5	-792.5	656.8	9.87	-16.24	-0.28	-0.06384	0.06677	-0.45630	0.88525
6658	IMU3	POSITION_3_EXTRA	0x35	311.8	-690.0	772.0	15.33	-8.89	-0.63	0.14429	0.09570	-0.41968	0.89062
6658	IMU4	POSITION_4_EXTRA	0x36	305.5	-401.1	1040.4	18.20	-10.22	3.78	0.30859	0.05344	-0.29053	0.90430
6667	IMU0	POSITION_0_EXTRA	0x32	-1174.6	-56.6	-222.5	-14.70	-6.51	10.92	0.65283	-0.07935	0.75293	0.03027
6667	IMU1	PARENT_BOTTOM_FIXED	0x33	-18.1	-789.1	564.1	-1.96	-6.79	6.58	0.20337	-0.09045	0.42822	-0.87500
6667	IMU2	CHILD_TOP_MOVING	0x34	72.7	-794.5	659.3	5.95	-15.82	0.21	-0.06439	0.06775	-0.45532	0.88574
6667	IMU3	POSITION_3_EXTRA	0x35	319.2	-689.5	774.0	13.23	-10.92	0.00	0.14380	0.09656	-0.41895	0.89111
6667	IMU4	POSITION_4_EXTRA	0x36	311.3	-400.6	1044.3	14.42	-9.66	4.48	0.30786	0.05426	-0.28979	0.90479
6675	IMU0	POSITION_0_EXTRA	0x32	-1169.7	-60.5	-208.4	-15.33	-10.57	12.25	0.65332	-0.07941	0.75244	0.03165
6675	IMU1	PARENT_BOTTOM_FIXED	0x33	-27.3	-819.4	610.0	1.96	-12.81	7.42	0.20337	-0.09045	0.42822	-0.87500
6675	IMU2	CHILD_TOP_MOVING	0x34	83.9	-797.4	656.8	2.45	-14.21	0.63	-0.06488	0.06873	-0.45483	0.88574
6675	IMU3	POSITION_3_EXTRA	0x35	328.9	-689.5	770.6	11.20	-12.39	0.42	0.14343	0.09741	-0.41821	0.89111
6675	IMU4	POSITION_4_EXTRA	0x36	323.1	-399.7	1040.4	10.29	-8.89	5.25	0.30737	0.05493	-0.28931	0.90527
6683	IMU0	POSITION_0_EXTRA	0x32	-1154.1	-62.5	-183.0	-15.33	-12.88	11.48	0.65381	-0.07947	0.75195	0.03311
6683	IMU1	PARENT_BOTTOM_FIXED	0x33	2.4	-809.1	567.1	-1.68	-11.34	8.05	0.20508	-0.09155	0.42822	-0.87451
6683	IMU2	CHILD_TOP_MOVING	0x34	92.2	-799.8	650.0	0.14	-12.88	0.91	-0.06531	0.06958	-0.45435	0.88574
6683	IMU3	POSITION_3_EXTRA	0x35	338.7	-688.1	766.6	8.47	-12.81	0.98	0.14294	0.09833	-0.41772	0.89160
6683	IMU4	POSITION_4_EXTRA	0x36	335.7	-393.8	1039.0	5.81	-8.19	6.02	0.30688	0.05545	-0.28931	0.90527
6692	IMU0	POSITION_0_EXTRA	0x32	-1154.1	-79.5	-169.8	-17.15	-12.88	11.48	0.65430	-0.07959	0.75146	0.03467
6692	IMU1	PARENT_BOTTOM_FIXED	0x33	8.8	-806.2	579.3	4.90	-11.06	7.63	0.20581	-0.09210	0.42798	-0.87451
6692	IMU2	CHILD_TOP_MOVING	0x34	101.0	-797.9	649.5	-2.45	-12.25	1.26	-0.06573	0.07050	-0.45410	0.88623
6692	IMU3	POSITION_3_EXTRA	0x35	348.4	-680.3	768.1	4.34	-13.02	1.96	0.14233	0.09912	-0.41772	0.89160
6692	IMU4	POSITION_4_EXTRA	0x36	351.8	-389.9	1029.7	1.47	-7.56	7.00	0.30615	0.05582	-0.28931	0.90527
6700	IMU0	POSITION_0_EXTRA	0x32	-1146.8	-79.5	-169.8	-25.90	-13.02	12.60	0.65479	-0.08014	0.75098	0.03677
6700	IMU1	PARENT_BOTTOM_FIXED	0x33	18.5	-807.6	569.0	-1.68	-9.17	7.28	0.20642	-0.09271	0.42822	-0.87402
6700	IMU2	CHILD_TOP_MOVING	0x34	111.8	-795.0	645.1	-5.32	-12.60	1.61	-0.06610	0.07147	-0.45386	0.88574
6700	IMU3	POSITION_3_EXTRA	0x35	360.6	-676.4	758.4	-0.70	-14.14	3.22	0.14185	0.09991	-0.41797	0.89160
6700	IMU4	POSITION_4_EXTRA	0x36	363.1	-388.9	1018.9	-3.08	-5.60	7.91	0.30566	0.05591	-0.28979	0.90576
6708	IMU0	POSITION_0_EXTRA	0x32	-1135.1	-83.0	-144.9	-29.61	-11.06	10.01	0.65527	-0.08093	0.75049	0.03891
6708	IMU1	PARENT_BOTTOM_FIXED	0x33	17.1	-805.7	570.0	1.26	-7.07	6.86	0.20703	-0.09314	0.42822	-0.87402
6708	IMU2	CHILD_TOP_MOVING	0x34	119.1	-791.0	642.7	-8.75	-12.60	1.96	-0.06647	0.07251	-0.45410	0.88574
6708	IMU3	POSITION_3_EXTRA	0x35	370.4	-674.4	745.2	-4.76	-12.81	4.55	0.14111	0.10052	-0.41846	0.89111
6708	IMU4	POSITION_4_EXTRA	0x36	365.0	-390.9	1004.8	-7.07	-4.55	8.68	0.30493	0.05585	-0.29028	0.90576
6717	IMU0	POSITION_0_EXTRA	0x32	-1138.5	-106.4	-147.9	-27.86	-12.18	8.82	0.65576	-0.08179	0.74951	0.04092
6717	IMU1	PARENT_BOTTOM_FIXED	0x33	18.1	-788.1	551.9	-4.27	-7.07	6.30	0.20740	-0.09369	0.42871	-0.87354
6717	IMU2	CHILD_TOP_MOVING	0x34	124.4	-792.0	637.3	-11.48	-12.32	2.66	-0.06683	0.07355	-0.45435	0.88574
6717	IMU3	POSITION_3_EXTRA	0x35	373.3	-673.0	743.2	-7.84	-11.55	5.67	0.14050	0.10101	-0.41895	0.89111
6717	IMU4	POSITION_4_EXTRA	0x36	364.0	-395.8	997.0	-10.64	-3.36	9.17	0.30420	0.05560	-0.29126	0.90576
6725	IMU0	POSITION_0_EXTRA	0x32	-1125.8	-140.1	-149.8	-18.76	-12.39	10.22	0.65625	-0.08209	0.74902	0.04251
6725	IMU1	PARENT_BOTTOM_FIXED	0x33	19.5	-798.9	556.8	-5.60	-5.67	6.02	0.20789	-0.09418	0.42920	-0.87305
6725	IMU2	CHILD_TOP_MOVING	0x34	128.3	-794.5	632.0	-13.02	-11.06	3.36	-0.06720	0.07446	-0.45483	0.88525
6725	IMU3	POSITION_3_EXTRA	0x35	376.2	-674.9	732.0	-10.64	-10.71	6.79	0.13989	0.10138	-0.41992	0.89062
6725	IMU4	POSITION_4_EXTRA	0x36	357.2	-404.1	994.5	-14.49	-2.45	9.45	0.30371	0.05524	-0.29224	0.90527
6733	IMU0	POSITION_0_EXTRA	0x32	-1114.1	-118.6	-131.8	-15.33	-11.41	9.66	0.65674	-0.08221	0.74854	0.04388
6733	IMU1	PARENT_BOTTOM_FIXED	0x33	17.6	-789.6	553.4	-6.58	-4.76	5.74	0.20825	-0.09460	0.42993	-0.87256
6733	IMU2	CHILD_TOP_MOVING	0x34	128.8	-798.4	622.2	-14.42	-8.68	4.13	-0.06757	0.07520	-0.45557	0.88477
6733	IMU3	POSITION_3_EXTRA	0x35	373.3	-680.8	724.2	-13.58	-8.54	7.70	0.13928	0.10156	-0.42090	0.89014
6733	IMU4	POSITION_4_EXTRA	0x36	350.9	-416.3	987.2	-17.92	-2.17	9.66	0.30298	0.05475	-0.29346	0.90527
6742	IMU0	POSITION_0_EXTRA	0x32	-1109.7	-96.1	-134.2	-13.44	-13.65	8.26	0.65723	-0.08240	0.74805	0.04507
6742	IMU1	PARENT_BOTTOM_FIXED	0x33	18.5	-799.8	555.3	-9.24	-4.27	5.81	0.20850	-0.09503	0.43066	-0.87207
6742	IMU2	CHILD_TOP_MOVING	0x34	122.5	-808.6	611.5	-16.17	-5.95	4.76	-0.06787	0.07574	-0.45630	0.88428
6742	IMU3	POSITION_3_EXTRA	0x35	364.5	-692.0	720.8	-17.71	-7.91	8.68	0.13855	0.10156	-0.42212	0.88965
6742	IMU4	POSITION_4_EXTRA	0x36	344.5	-429.4	978.9	-21.77	-2.03	10.08	0.30249	0.05417	-0.29492	0.90479
6750	IMU0	POSITION_0_EXTRA	0x32	-1094.1	-80.0	-112.2	-12.60	-13.37	7.42	0.65820	-0.08252	0.74707	0.04620
6750	IMU1	PARENT_BOTTOM_FIXED	0x33	13.2	-805.2	556.8	-10.22	-3.50	5.95	0.20886	-0.09540	0.43140	-0.87158
6750	IMU2	CHILD_TOP_MOVING	0x34	112.7	-818.4	607.1	-18.06	-3.64	5.18	-0.06812	0.07611	-0.45728	0.88379
6750	IMU3	POSITION_3_EXTRA	0x35	356.2	-705.2	715.9	-21.98	-9.10	9.45	0.13794	0.10162	-0.42383	0.88916
6750	IMU4	POSITION_4_EXTRA	0x36	329.4	-447.5	967.7	-24.99	-2.45	10.29	0.30176	0.05353	-0.29663	0.90479
6758	IMU0	POSITION_0_EXTRA	0x32	-1092.6	-73.7	-114.7	-11.62	-13.23	7.42	0.65869	-0.08264	0.74658	0.04727
6758	IMU1	PARENT_BOTTOM_FIXED	0x33	7.8	-810.6	557.3	-12.04	-4.06	5.95	0.20923	-0.09583	0.43237	-0.87109
6758	IMU2	CHILD_TOP_MOVING	0x34	101.5	-826.2	603.2	-20.51	-2.24	5.39	-0.06836	0.07629	-0.45850	0.88330
6758	IMU3	POSITION_3_EXTRA	0x35	343.6	-717.8	706.6	-25.83	-10.43	10.15	0.13721	0.10175	-0.42554	0.88818
6758	IMU4	POSITION_4_EXTRA	0x36	318.7	-464.1	957.5	-27.37	-3.36	10.57	0.30103	0.05289	-0.29858	0.90430
6767	IMU0	POSITION_0_EXTRA	0x32	-1099.5	-67.8	-122.0	-11.83	-14.42	7.98	0.65918	-0.08270	0.74609	0.04837
6767	IMU1	PARENT_BOTTOM_FIXED	0x33	1.0	-824.7	562.2	-13.51	-3.22	6.02	0.20947	-0.09619	0.43359	-0.87012
6767	IMU2	CHILD_TOP_MOVING	0x34	88.3	-833.5	595.8	-23.38	-1.68	5.46	-0.06860	0.07642	-0.45996	0.88232
6767	IMU3	POSITION_3_EXTRA	0x35	330.9	-730.5	697.8	-28.56	-11.48	10.64	0.13635	0.10181	-0.42773	0.88770
6767	IMU4	POSITION_4_EXTRA	0x36	313.3	-473.8	953.1	-29.12	-3.99	10.92	0.30054	0.05225	-0.30078	0.90381
6775	IMU0	POSITION_0_EXTRA	0x32	-1106.8	-54.7	-133.2	-9.87	-18.27	7.84	0.66016	-0.08270	0.74512	0.04941
6775	IMU1	PARENT_BOTTOM_FIXED	0x33	-7.8	-832.5	564.6	-15.19	-2.59	5.88	0.20984	-0.09644	0.43481	-0.86963
6775	IMU2	CHILD_TOP_MOVING	0x34	77.1	-837.9	590.0	-25.90	-2.03	5.46	-0.06885	0.07648	-0.46143	0.88135
6775	IMU3	POSITION_3_EXTRA	0x35	322.1	-739.8	687.1	-29.82	-12.32	10.85	0.13550	0.10199	-0.42969	0.88672
6775	IMU4	POSITION_4_EXTRA	0x36	305.0	-479.7	945.7	-31.43	-4.83	11.55	0.29980	0.05161	-0.30298	0.90332
6783	IMU0	POSITION_0_EXTRA	0x32	-1108.2	-40.5	-135.7	-8.89	-23.45	8.54	0.66113	-0.08258	0.74414	0.05045
6783	IMU1	PARENT_BOTTOM_FIXED	0x33	-14.2	-840.3	566.6	-14.42	-2.24	5.74	0.21008	-0.09668	0.43579	-0.86914
6783	IMU2	CHILD_TOP_MOVING	0x34	68.8	-839.4	585.1	-29.26	-3.50	5.32	-0.06921	0.07666	-0.46338	0.88037
6783	IMU3	POSITION_3_EXTRA	0x35	315.2	-743.2	680.8	-30.45	-11.90	11.06	0.13464	0.10205	-0.43188	0.88574
6783	IMU4	POSITION_4_EXTRA	0x36	304.5	-482.6	938.4	-33.04	-6.02	12.25	0.29883	0.05099	-0.30518	0.90283
6792	IMU0	POSITION_0_EXTRA	0x32	-1106.3	-26.8	-126.9	-8.19	-27.58	9.17	0.66260	-0.08240	0.74268	0.05148
6792	IMU1	PARENT_BOTTOM_FIXED	0x33	-19.0	-844.7	563.6	-15.12	-1.40	5.60	0.21045	-0.09686	0.43726	-0.86816
6792	IMU2	CHILD_TOP_MOVING	0x34	64.9	-840.8	576.8	-33.18	-5.88	5.25	-0.06958	0.07697	-0.46533	0.87939
6792	IMU3	POSITION_3_EXTRA	0x35	312.8	-742.7	673.9	-32.48	-12.11	11.62	0.13379	0.10217	-0.43433	0.88477
6792	IMU4	POSITION_4_EXTRA	0x36	306.5	-483.1	933.1	-35.28	-6.72	13.23	0.29810	0.05035	-0.30786	0.90234
6800	IMU0	POSITION_0_EXTRA	0x32	-1105.8	-13.2	-118.6	-7.14	-30.31	9.59	0.66455	-0.08209	0.74121	0.05252
6800	IMU1	PARENT_BOTTOM_FIXED	0x33	-20.5	-851.1	562.2	-14.91	-0.84	5.53	0.21069	-0.09698	0.43848	-0.86768
6800	IMU2	CHILD_TOP_MOVING	0x34	63.4	-837.9	568.5	-36.82	-8.54	5.25	-0.07001	0.07745	-0.46777	0.87793
6800	IMU3	POSITION_3_EXTRA	0x35	313.8	-741.8	663.7	-35.21	-11.55	12.60	0.13306	0.10217	-0.43652	0.88379
6800	IMU4	POSITION_4_EXTRA	0x36	309.4	-483.1	923.3	-37.45	-7.35	14.21	0.29712	0.04968	-0.31055	0.90186
6808	IMU0	POSITION_0_EXTRA	0x32	-1107.3	-5.9	-115.7	-7.07	-31.57	9.94	0.66602	-0.08179	0.73975	0.05356
6808	IMU1	PARENT_BOTTOM_FIXED	0x33	-20.5	-853.5	560.7	-14.84	-0.49	5.32	0.21082	-0.09711	0.43970	-0.86670
6808	IMU2	CHILD_TOP_MOVING	0x34	75.6	-840.3	560.2	-41.72	-9.73	5.53	-0.07050	0.07813	-0.47046	0.87646
6808	IMU3	POSITION_3_EXTRA	0x35	314.3	-741.3	660.3	-37.94	-12.25	13.58	0.13208	0.10217	-0.43872	0.88281
6808	IMU4	POSITION_4_EXTRA	0x36	307.4	-484.6	914.0	-39.97	-7.35	15.19	0.29614	0.04892	-0.31323	0.90137
6817	IMU0	POSITION_0_EXTRA	0x32	-1106.3	-2.9	-113.2	-7.21	-32.90	9.80	0.66748	-0.08148	0.73828	0.05463
6817	IMU1	PARENT_BOTTOM_FIXED	0x33	-19.5	-857.9	558.8	-14.70	-0.07	5.04	0.21106	-0.09723	0.44092	-0.86621
6817	IMU2	CHILD_TOP_MOVING	0x34	76.1	-845.2	540.2	-41.23	-7.14	5.74	-0.07086	0.07861	-0.47290	0.87500
6817	IMU3	POSITION_3_EXTRA	0x35	316.7	-741.8	647.6	-39.69	-14.21	14.35	0.13110	0.10229	-0.44141	0.88135
6817	IMU4	POSITION_4_EXTRA	0x36	304.0	-487.0	903.8	-42.35	-7.28	15.89	0.29492	0.04810	-0.31641	0.90088
6825	IMU0	POSITION_0_EXTRA	0x32	-1102.4	0.0	-117.1	-8.47	-33.95	10.01	0.66943	-0.08118	0.73682	0.05576
6825	IMU1	PARENT_BOTTOM_FIXED	0x33	-15.6	-856.9	557.3	-13.72	0.28	4.48	0.21118	-0.09729	0.44214	-0.86572
6825	IMU2	CHILD_TOP_MOVING	0x34	77.6	-839.4	534.4	-39.13	-7.00	6.02	-0.07123	0.07910	-0.47559	0.87354
6825	IMU3	POSITION_3_EXTRA	0x35	315.2	-740.8	636.4	-40.95	-15.19	14.98	0.13013	0.10242	-0.44409	0.88037
6825	IMU4	POSITION_4_EXTRA	0x36	298.2	-492.9	896.5	-44.59	-7.14	16.45	0.29395	0.04721	-0.31934	0.89990
6833	IMU0	POSITION_0_EXTRA	0x32	-1095.6	0.5	-110.3	-9.94	-34.72	9.87	0.67090	-0.08099	0.73486	0.05698
6833	IMU1	PARENT_BOTTOM_FIXED	0x33	-11.2	-855.0	554.4	-13.09	0.42	3.92	0.21130	-0.09747	0.44312	-0.86475
6833	IMU2	CHILD_TOP_MOVING	0x34	78.1	-841.8	531.9	-40.67	-8.47	6.30	-0.07172	0.07965	-0.47803	0.87207
6833	IMU3	POSITION_3_EXTRA	0x35	312.8	-743.2	631.5	-43.47	-16.87	15.54	0.12903	0.10260	-0.44678	0.87891
6833	IMU4	POSITION_4_EXTRA	0x36	290.8	-500.7	886.7	-46.90	-7.07	17.01	0.29272	0.04623	-0.32275	0.89941
6842	IMU0	POSITION_0_EXTRA	0x32	-1085.8	-1.5	-99.6	-11.13	-34.79	9.52	0.67285	-0.08087	0.73340	0.05826
6842	IMU1	PARENT_BOTTOM_FIXED	0x33	-5.9	-849.1	550.0	-12.95	0.42	3.43	0.21130	-0.09760	0.44434	-0.86426
6842	IMU2	CHILD_TOP_MOVING	0x34	76.1	-841.3	526.1	-43.75	-11.34	6.30	-0.07220	0.08038	-0.48096	0.87061
6842	IMU3	POSITION_3_EXTRA	0x35	308.9	-746.6	619.3	-46.20	-18.20	15.96	0.12781	0.10284	-0.44995	0.87744
6842	IMU4	POSITION_4_EXTRA	0x36	282.6	-505.6	879.4	-49.07	-7.35	17.57	0.29150	0.04526	-0.32617	0.89844
6850	IMU0	POSITION_0_EXTRA	0x32	-1078.0	-3.9	-92.2	-13.09	-34.58	9.87	0.67480	-0.08087	0.73145	0.05963
6850	IMU1	PARENT_BOTTOM_FIXED	0x33	0.5	-841.8	536.8	-13.72	0.49	2.94	0.21130	-0.09784	0.44531	-0.86377
6850	IMU2	CHILD_TOP_MOVING	0x34	74.2	-843.8	517.8	-45.92	-14.21	6.09	-0.07281	0.08136	-0.48364	0.86865
6850	IMU3	POSITION_3_EXTRA	0x35	303.0	-751.5	611.0	-48.44	-18.20	16.24	0.12659	0.10303	-0.45313	0.87598
6850	IMU4	POSITION_4_EXTRA	0x36	277.7	-513.9	873.0	-50.96	-7.42	17.99	0.29053	0.04419	-0.32959	0.89746
6858	IMU0	POSITION_0_EXTRA	0x32	-1069.7	-6.8	-90.3	-13.93	-34.51	9.66	0.67627	-0.08087	0.72998	0.06107
6858	IMU1	PARENT_BOTTOM_FIXED	0x33	2.4	-834.5	532.4	-15.54	0.91	2.45	0.21130	-0.09814	0.44653	-0.86279
6858	IMU2	CHILD_TOP_MOVING	0x34	71.2	-846.7	510.4	-46.83	-15.26	5.88	-0.07349	0.08234	-0.48657	0.86670
6858	IMU3	POSITION_3_EXTRA	0x35	296.7	-757.9	608.5	-49.91	-19.18	16.24	0.12537	0.10321	-0.45630	0.87451
6858	IMU4	POSITION_4_EXTRA	0x36	272.3	-519.2	866.7	-52.78	-7.77	18.48	0.28931	0.04318	-0.33276	0.89697
6867	IMU0	POSITION_0_EXTRA	0x32	-1067.3	-1.5	-88.3	-14.84	-35.42	10.01	0.67822	-0.08093	0.72803	0.06256
6867	IMU1	PARENT_BOTTOM_FIXED	0x33	3.4	-829.6	531.9	-17.43	1.26	2.17	0.21118	-0.09839	0.44800	-0.86230
6867	IMU2	CHILD_TOP_MOVING	0x34	73.2	-849.6	506.5	-47.88	-13.30	5.74	-0.07404	0.08325	-0.48975	0.86523
6867	IMU3	POSITION_3_EXTRA	0x35	292.8	-760.8	597.8	-51.73	-19.88	16.38	0.12408	0.10339	-0.45972	0.87305
6867	IMU4	POSITION_4_EXTRA	0x36	270.8	-525.1	856.0	-54.32	-8.75	18.90	0.28809	0.04218	-0.33618	0.89600
6875	IMU0	POSITION_0_EXTRA	0x32	-1065.3	0.0	-97.1	-15.05	-37.38	11.27	0.67969	-0.08087	0.72607	0.06415
6875	IMU1	PARENT_BOTTOM_FIXED	0x33	4.4	-826.7	532.4	-18.90	2.31	1.75	0.21094	-0.09863	0.44946	-0.86182
6875	IMU2	CHILD_TOP_MOVING	0x34	70.3	-856.4	501.2	-48.93	-9.94	5.60	-0.07446	0.08392	-0.49268	0.86328
6875	IMU3	POSITION_3_EXTRA	0x35	291.3	-765.2	591.9	-54.18	-20.16	16.59	0.12286	0.10358	-0.46338	0.87109
6875	IMU4	POSITION_4_EXTRA	0x36	273.8	-530.9	846.7	-56.07	-9.24	19.60	0.28687	0.04117	-0.33960	0.89502
6883	IMU0	POSITION_0_EXTRA	0x32	-1065.8	2.4	-96.1	-15.89	-40.25	13.02	0.68164	-0.08081	0.72412	0.06586
6883	IMU1	PARENT_BOTTOM_FIXED	0x33	2.0	-827.6	531.9	-20.16	3.15	1.47	0.21069	-0.09888	0.45093	-0.86084
6883	IMU2	CHILD_TOP_MOVING	0x34	70.8	-854.5	493.4	-49.77	-5.81	5.39	-0.07471	0.08435	-0.49585	0.86133
6883	IMU3	POSITION_3_EXTRA	0x35	292.8	-768.1	584.1	-57.75	-21.00	17.15	0.12152	0.10376	-0.46704	0.86963
6883	IMU4	POSITION_4_EXTRA	0x36	273.8	-536.8	839.8	-57.82	-9.52	20.30	0.28564	0.04016	-0.34326	0.89404
6892	IMU0	POSITION_0_EXTRA	0x32	-1063.8	-3.9	-96.6	-15.68	-43.19	14.49	0.68408	-0.08063	0.72217	0.06763
6892	IMU1	PARENT_BOTTOM_FIXED	0x33	-1.0	-828.6	534.4	-20.37	3.71	1.47	0.21045	-0.09900	0.45239	-0.86035
6892	IMU2	CHILD_TOP_MOVING	0x34	68.3	-856.9	486.5	-52.01	-3.22	5.32	-0.07483	0.08466	-0.49902	0.85937
6892	IMU3	POSITION_3_EXTRA	0x35	293.8	-773.5	575.4	-60.48	-22.33	17.71	0.12018	0.10400	-0.47095	0.86768
6892	IMU4	POSITION_4_EXTRA	0x36	271.8	-541.7	830.1	-59.15	-10.15	20.72	0.28418	0.03912	-0.34692	0.89307
6900	IMU0	POSITION_0_EXTRA	0x32	-1060.4	-4.9	-99.6	-15.19	-45.78	15.89	0.68604	-0.08032	0.71973	0.06952
6900	IMU1	PARENT_BOTTOM_FIXED	0x33	-6.3	-829.1	532.9	-20.79	3.92	1.75	0.21033	-0.09912	0.45386	-0.85937
6900	IMU2	CHILD_TOP_MOVING	0x34	68.8	-860.3	484.1	-55.02	-3.64	5.25	-0.07501	0.08496	-0.50244	0.85742
6900	IMU3	POSITION_3_EXTRA	0x35	294.3	-776.9	559.2	-62.37	-23.24	18.13	0.11877	0.10431	-0.47510	0.86523
6900	IMU4	POSITION_4_EXTRA	0x36	267.9	-549.0	817.4	-60.62	-10.71	21.21	0.28296	0.03809	-0.35059	0.89209
6908	IMU0	POSITION_0_EXTRA	0x32	-1059.9	-6.8	-94.2	-14.70	-49.00	17.08	0.68848	-0.07990	0.71729	0.07141
6908	IMU1	PARENT_BOTTOM_FIXED	0x33	-7.8	-827.2	528.5	-21.91	4.62	2.10	0.21008	-0.09918	0.45557	-0.85840
6908	IMU2	CHILD_TOP_MOVING	0x34	66.4	-863.3	473.8	-57.75	-6.93	5.04	-0.07526	0.08551	-0.50635	0.85547
6908	IMU3	POSITION_3_EXTRA	0x35	292.8	-784.2	550.0	-64.05	-24.15	18.48	0.11731	0.10461	-0.47949	0.86328
6908	IMU4	POSITION_4_EXTRA	0x36	266.9	-559.2	807.2	-62.02	-10.71	21.56	0.28149	0.03699	-0.35449	0.89111
6917	IMU0	POSITION_0_EXTRA	0x32	-1053.6	-9.8	-90.3	-15.82	-51.31	18.55	0.69092	-0.07947	0.71484	0.07343
6917	IMU1	PARENT_BOTTOM_FIXED	0x33	-15.1	-830.1	528.0	-23.94	4.97	2.73	0.20984	-0.09918	0.45728	-0.85791
6917	IMU2	CHILD_TOP_MOVING	0x34	69.8	-869.1	459.7	-61.25	-10.64	4.97	-0.07556	0.08630	-0.50977	0.85303
6917	IMU3	POSITION_3_EXTRA	0x35	296.7	-790.6	534.8	-65.87	-24.85	18.69	0.11578	0.10492	-0.48364	0.86084
6917	IMU4	POSITION_4_EXTRA	0x36	263.5	-570.0	794.5	-63.63	-10.50	21.84	0.28003	0.03583	-0.35864	0.89014
6925	IMU0	POSITION_0_EXTRA	0x32	-1049.7	-4.4	-78.6	-15.96	-53.48	19.81	0.69385	-0.07892	0.71240	0.07556
6925	IMU1	PARENT_BOTTOM_FIXED	0x33	-19.5	-831.6	520.7	-25.34	5.04	3.29	0.20972	-0.09918	0.45898	-0.85693
6925	IMU2	CHILD_TOP_MOVING	0x34	75.6	-872.1	445.1	-64.75	-13.23	4.97	-0.07593	0.08734	-0.51416	0.85059
6925	IMU3	POSITION_3_EXTRA	0x35	295.7	-795.0	517.3	-66.99	-25.13	18.76	0.11432	0.10529	-0.48828	0.85840
6925	IMU4	POSITION_4_EXTRA	0x36	261.1	-576.3	779.8	-64.61	-11.06	21.84	0.27856	0.03467	-0.36279	0.88916
6933	IMU0	POSITION_0_EXTRA	0x32	-1037.0	-5.9	-67.8	-16.10	-56.00	20.93	0.69629	-0.07837	0.70947	0.07776
6933	IMU1	PARENT_BOTTOM_FIXED	0x33	-22.0	-836.4	520.2	-27.09	5.74	3.71	0.20947	-0.09918	0.46094	-0.85596
6933	IMU2	CHILD_TOP_MOVING	0x34	79.1	-876.0	434.3	-66.43	-13.44	4.90	-0.07629	0.08844	-0.51807	0.84766
6933	IMU3	POSITION_3_EXTRA	0x35	296.7	-795.4	504.1	-68.11	-25.13	18.69	0.11285	0.10565	-0.49268	0.85596
6933	IMU4	POSITION_4_EXTRA	0x36	261.1	-580.7	777.9	-65.87	-11.06	21.84	0.27710	0.03351	-0.36694	0.88770
6942	IMU0	POSITION_0_EXTRA	0x32	-1035.0	-2.9	-55.1	-15.61	-56.49	21.63	0.69873	-0.07776	0.70703	0.07996
6942	IMU1	PARENT_BOTTOM_FIXED	0x33	-68.3	-860.8	570.5	-25.41	1.75	4.55	0.20972	-0.09906	0.46265	-0.85498
6942	IMU2	CHILD_TOP_MOVING	0x34	77.1	-876.4	423.1	-66.64	-13.02	5.18	-0.07666	0.08948	-0.52246	0.84521
6942	IMU3	POSITION_3_EXTRA	0x35	294.3	-799.3	492.9	-68.81	-24.36	18.69	0.11139	0.10596	-0.49731	0.85352
6942	IMU4	POSITION_4_EXTRA	0x36	254.2	-585.1	770.1	-67.34	-11.13	21.77	0.27563	0.03229	-0.37109	0.88672
6950	IMU0	POSITION_0_EXTRA	0x32	-1034.1	-2.9	-40.5	-15.26	-58.03	22.26	0.70117	-0.07709	0.70410	0.08215
6950	IMU1	PARENT_BOTTOM_FIXED	0x33	26.4	-815.4	424.6	-14.63	-8.05	5.46	0.21021	-0.09955	0.46338	-0.85400
6950	IMU2	CHILD_TOP_MOVING	0x34	75.6	-879.4	411.9	-67.06	-11.13	5.32	-0.07697	0.09033	-0.52637	0.84229
6950	IMU3	POSITION_3_EXTRA	0x35	290.4	-803.2	486.5	-69.30	-24.08	18.48	0.10999	0.10620	-0.50195	0.85107
6950	IMU4	POSITION_4_EXTRA	0x36	249.4	-589.0	761.3	-69.37	-12.32	21.84	0.27417	0.03110	-0.37549	0.88525
6958	IMU0	POSITION_0_EXTRA	0x32	-1034.6	-1.0	-25.9	-14.28	-58.17	22.47	0.70410	-0.07635	0.70117	0.08429
6958	IMU1	PARENT_BOTTOM_FIXED	0x33	-32.2	-901.8	619.3	-29.61	7.56	6.58	0.21021	-0.09930	0.46533	-0.85303
6958	IMU2	CHILD_TOP_MOVING	0x34	67.8	-880.4	402.1	-67.76	-11.55	5.11	-0.07727	0.09125	-0.53076	0.83936
6958	IMU3	POSITION_3_EXTRA	0x35	282.1	-802.3	478.7	-70.56	-25.34	18.48	0.10852	0.10651	-0.50635	0.84863
6958	IMU4	POSITION_4_EXTRA	0x36	247.9	-591.9	746.6	-70.14	-12.53	21.84	0.27246	0.02989	-0.38013	0.88379
6967	IMU0	POSITION_0_EXTRA	0x32	-1036.5	2.9	-22.0	-13.86	-58.03	22.54	0.70654	-0.07562	0.69873	0.08643
6967	IMU1	PARENT_BOTTOM_FIXED	0x33	-5.9	-806.2	438.2	-20.44	8.05	2.73	0.20996	-0.09900	0.46680	-0.85254
6967	IMU2	CHILD_TOP_MOVING	0x34	67.3	-882.8	393.8	-66.85	-12.39	4.90	-0.07764	0.09216	-0.53467	0.83691
6967	IMU3	POSITION_3_EXTRA	0x35	280.1	-808.1	461.6	-73.15	-26.60	18.69	0.10693	0.10687	-0.51123	0.84570
6967	IMU4	POSITION_4_EXTRA	0x36	238.6	-598.8	736.4	-72.52	-11.41	22.12	0.27100	0.02853	-0.38452	0.88232
6975	IMU0	POSITION_0_EXTRA	0x32	-1030.2	5.9	-4.9	-14.91	-57.47	23.17	0.70947	-0.07489	0.69580	0.08862
6975	IMU1	PARENT_BOTTOM_FIXED	0x33	-29.8	-886.2	547.5	-36.05	11.62	3.64	0.20947	-0.09869	0.46924	-0.85156
6975	IMU2	CHILD_TOP_MOVING	0x34	69.3	-880.4	386.0	-69.58	-11.13	4.83	-0.07788	0.09308	-0.53906	0.83398
6975	IMU3	POSITION_3_EXTRA	0x35	270.4	-813.0	447.5	-73.85	-25.83	18.62	0.10541	0.10706	-0.51611	0.84326
6975	IMU4	POSITION_4_EXTRA	0x36	228.4	-606.1	720.8	-73.64	-12.46	22.26	0.26953	0.02718	-0.38940	0.88086
6983	IMU0	POSITION_0_EXTRA	0x32	-1029.7	-1.0	-7.3	-11.90	-57.54	23.10	0.71191	-0.07410	0.69287	0.09064
6983	IMU1	PARENT_BOTTOM_FIXED	0x33	-5.4	-864.2	495.3	-18.83	1.61	3.64	0.20947	-0.09894	0.47070	-0.85059
6983	IMU2	CHILD_TOP_MOVING	0x34	64.9	-884.7	371.4	-70.28	-7.84	4.69	-0.07806	0.09375	-0.54346	0.83105
6983	IMU3	POSITION_3_EXTRA	0x35	266.4	-813.5	438.7	-74.48	-27.65	18.27	0.10382	0.10742	-0.52100	0.84033
6983	IMU4	POSITION_4_EXTRA	0x36	221.6	-615.4	708.6	-75.81	-13.02	22.54	0.26782	0.02576	-0.39404	0.87939
6992	IMU0	POSITION_0_EXTRA	0x32	-1014.1	10.7	6.8	-12.53	-59.78	24.29	0.71436	-0.07318	0.68994	0.09283
6992	IMU1	PARENT_BOTTOM_FIXED	0x33	-1.0	-852.5	494.8	-33.32	8.47	3.15	0.20898	-0.09900	0.47314	-0.84912
6992	IMU2	CHILD_TOP_MOVING	0x34	60.0	-886.2	363.1	-70.91	-8.47	4.34	-0.07819	0.09442	-0.54785	0.82812
6992	IMU3	POSITION_3_EXTRA	0x35	262.5	-816.9	421.6	-77.70	-28.42	18.34	0.10223	0.10779	-0.52637	0.83740
6992	IMU4	POSITION_4_EXTRA	0x36	218.6	-627.6	694.4	-76.51	-13.51	22.33	0.26611	0.02434	-0.39917	0.87744
7000	IMU0	POSITION_0_EXTRA	0x32	-1010.2	10.7	20.5	-11.34	-59.78	23.66	0.71729	-0.07220	0.68701	0.09485
7000	IMU1	PARENT_BOTTOM_FIXED	0x33	-12.7	-873.5	519.7	-33.60	10.29	1.68	0.20850	-0.09888	0.47534	-0.84814
7000	IMU2	CHILD_TOP_MOVING	0x34	58.1	-889.1	348.9	-73.22	-10.50	4.06	-0.07837	0.09528	-0.55225	0.82520
7000	IMU3	POSITION_3_EXTRA	0x35	260.1	-825.2	405.5	-81.55	-29.26	18.69	0.10059	0.10815	-0.53125	0.83398
7000	IMU4	POSITION_4_EXTRA	0x36	215.7	-636.4	683.2	-78.12	-13.93	22.33	0.26440	0.02292	-0.40405	0.87598
7008	IMU0	POSITION_0_EXTRA	0x32	-999.9	16.6	30.7	-12.39	-59.01	25.13	0.71973	-0.07123	0.68408	0.09705
7008	IMU1	PARENT_BOTTOM_FIXED	0x33	-19.5	-873.0	500.7	-32.20	9.94	1.75	0.20789	-0.09882	0.47754	-0.84717
7008	IMU2	CHILD_TOP_MOVING	0x34	55.1	-890.1	335.3	-78.05	-14.07	3.64	-0.07867	0.09637	-0.55713	0.82178
7008	IMU3	POSITION_3_EXTRA	0x35	257.2	-833.5	390.9	-83.51	-29.75	18.62	0.09894	0.10852	-0.53711	0.83057
7008	IMU4	POSITION_4_EXTRA	0x36	212.8	-643.7	669.0	-78.82	-15.26	22.19	0.26270	0.02156	-0.40918	0.87402
7017	IMU0	POSITION_0_EXTRA	0x32	-999.4	19.5	35.1	-7.21	-59.36	24.08	0.72266	-0.07007	0.68115	0.09894
7017	IMU1	PARENT_BOTTOM_FIXED	0x33	-13.7	-879.9	507.5	-24.85	1.61	2.80	0.20776	-0.09906	0.47925	-0.84619
7017	IMU2	CHILD_TOP_MOVING	0x34	53.7	-893.0	321.6	-82.81	-15.75	3.57	-0.07898	0.09760	-0.56201	0.81836
7017	IMU3	POSITION_3_EXTRA	0x35	252.3	-836.9	378.2	-83.86	-32.13	18.06	0.09717	0.10901	-0.54248	0.82715
7017	IMU4	POSITION_4_EXTRA	0x36	209.8	-650.0	655.9	-80.50	-15.89	22.33	0.26099	0.02034	-0.41479	0.87207
7025	IMU0	POSITION_0_EXTRA	0x32	-995.0	28.8	49.8	-9.66	-61.60	25.76	0.72510	-0.06891	0.67822	0.10101
7025	IMU1	PARENT_BOTTOM_FIXED	0x33	-17.6	-858.9	488.0	-30.38	6.65	2.66	0.20752	-0.09912	0.48145	-0.84521
7025	IMU2	CHILD_TOP_MOVING	0x34	52.7	-899.4	306.5	-86.31	-19.53	3.57	-0.07947	0.09900	-0.56738	0.81445
7025	IMU3	POSITION_3_EXTRA	0x35	253.8	-842.3	358.7	-83.58	-34.30	17.50	0.09540	0.10968	-0.54785	0.82373
7025	IMU4	POSITION_4_EXTRA	0x36	210.3	-660.3	636.4	-81.55	-16.59	22.33	0.25903	0.01913	-0.42017	0.87012
7033	IMU0	POSITION_0_EXTRA	0x32	-988.7	26.8	53.2	-9.80	-61.95	25.90	0.72803	-0.06775	0.67480	0.10315
7033	IMU1	PARENT_BOTTOM_FIXED	0x33	-9.8	-861.8	490.9	-27.79	8.26	2.03	0.20703	-0.09906	0.48340	-0.84424
7033	IMU2	CHILD_TOP_MOVING	0x34	59.0	-903.8	286.5	-89.11	-20.23	3.71	-0.07990	0.10052	-0.57275	0.81055
7033	IMU3	POSITION_3_EXTRA	0x35	252.8	-846.2	342.1	-83.30	-35.07	17.08	0.09369	0.11053	-0.55322	0.82031
7033	IMU4	POSITION_4_EXTRA	0x36	211.3	-669.5	622.2	-82.32	-16.52	22.26	0.25732	0.01793	-0.42578	0.86816
7042	IMU0	POSITION_0_EXTRA	0x32	-982.3	30.7	62.5	-10.01	-62.79	27.09	0.73096	-0.06653	0.67188	0.10535
7042	IMU1	PARENT_BOTTOM_FIXED	0x33	-31.2	-871.6	493.9	-34.93	9.52	2.31	0.20654	-0.09894	0.48560	-0.84277
7042	IMU2	CHILD_TOP_MOVING	0x34	62.0	-912.6	275.2	-91.14	-20.16	3.22	-0.08032	0.10211	-0.57813	0.80615
7042	IMU3	POSITION_3_EXTRA	0x35	254.7	-851.6	324.5	-83.51	-36.19	16.80	0.09192	0.11139	-0.55859	0.81689
7042	IMU4	POSITION_4_EXTRA	0x36	207.9	-680.8	606.1	-83.51	-16.24	22.19	0.25562	0.01668	-0.43140	0.86572
7050	IMU0	POSITION_0_EXTRA	0x32	-974.0	33.7	69.3	-8.89	-62.79	27.79	0.73340	-0.06519	0.66846	0.10748
7050	IMU1	PARENT_BOTTOM_FIXED	0x33	-32.2	-869.6	487.0	-32.20	6.51	2.59	0.20630	-0.09894	0.48779	-0.84180
7050	IMU2	CHILD_TOP_MOVING	0x34	63.9	-914.5	263.0	-91.77	-17.64	2.87	-0.08057	0.10358	-0.58350	0.80225
7050	IMU3	POSITION_3_EXTRA	0x35	257.7	-856.4	310.4	-82.95	-35.91	16.45	0.09015	0.11230	-0.56396	0.81348
7050	IMU4	POSITION_4_EXTRA	0x36	208.4	-687.6	587.1	-83.65	-18.27	21.91	0.25366	0.01556	-0.43701	0.86328
7058	IMU0	POSITION_0_EXTRA	0x32	-965.3	43.4	77.1	-7.84	-61.81	28.00	0.73633	-0.06378	0.66553	0.10962
7058	IMU1	PARENT_BOTTOM_FIXED	0x33	-28.8	-861.8	485.1	-35.14	8.68	2.31	0.20581	-0.09888	0.49023	-0.84033
7058	IMU2	CHILD_TOP_MOVING	0x34	63.4	-919.9	243.0	-89.88	-14.49	3.01	-0.08069	0.10480	-0.58887	0.79785
7058	IMU3	POSITION_3_EXTRA	0x35	258.2	-857.4	291.3	-83.30	-35.42	16.24	0.08850	0.11316	-0.56934	0.80957
7058	IMU4	POSITION_4_EXTRA	0x36	212.3	-695.4	566.6	-84.35	-18.34	21.77	0.25171	0.01443	-0.44263	0.86133
7067	IMU0	POSITION_0_EXTRA	0x32	-959.4	46.8	81.0	-8.68	-60.48	27.02	0.73877	-0.06250	0.66211	0.11176
7067	IMU1	PARENT_BOTTOM_FIXED	0x33	-36.6	-874.5	495.3	-36.82	10.64	2.03	0.20532	-0.09869	0.49268	-0.83936
7067	IMU2	CHILD_TOP_MOVING	0x34	63.4	-921.3	226.4	-86.66	-11.20	2.87	-0.08069	0.10583	-0.59424	0.79395
7067	IMU3	POSITION_3_EXTRA	0x35	258.2	-858.9	277.7	-84.42	-35.28	16.31	0.08679	0.11401	-0.57471	0.80615
7067	IMU4	POSITION_4_EXTRA	0x36	212.8	-703.2	551.4	-84.49	-18.06	21.63	0.25000	0.01330	-0.44824	0.85889
7075	IMU0	POSITION_0_EXTRA	0x32	-951.1	58.1	87.8	-9.59	-60.13	27.09	0.74121	-0.06119	0.65918	0.11395
7075	IMU1	PARENT_BOTTOM_FIXED	0x33	-41.0	-872.5	491.4	-36.68	9.59	1.75	0.20483	-0.09857	0.49487	-0.83789
7075	IMU2	CHILD_TOP_MOVING	0x34	61.5	-924.3	214.2	-84.98	-9.17	2.73	-0.08063	0.10675	-0.59912	0.79004
7075	IMU3	POSITION_3_EXTRA	0x35	255.7	-863.3	265.0	-84.98	-35.49	16.31	0.08508	0.11487	-0.58008	0.80225
7075	IMU4	POSITION_4_EXTRA	0x36	210.3	-709.1	546.6	-85.40	-18.20	21.56	0.24817	0.01215	-0.45386	0.85645
7083	IMU0	POSITION_0_EXTRA	0x32	-938.4	65.4	100.0	-11.62	-58.87	27.86	0.74365	-0.06000	0.65625	0.11627
7083	IMU1	PARENT_BOTTOM_FIXED	0x33	-35.6	-872.1	492.4	-34.37	8.19	1.89	0.20447	-0.09851	0.49707	-0.83691
7083	IMU2	CHILD_TOP_MOVING	0x34	60.0	-921.3	207.4	-86.17	-9.52	2.52	-0.08051	0.10767	-0.60400	0.78613
7083	IMU3	POSITION_3_EXTRA	0x35	252.8	-868.2	252.8	-85.26	-36.33	16.24	0.08331	0.11578	-0.58545	0.79834
7083	IMU4	POSITION_4_EXTRA	0x36	206.4	-715.9	530.0	-85.19	-19.53	21.21	0.24622	0.01111	-0.45972	0.85400
7092	IMU0	POSITION_0_EXTRA	0x32	-920.9	79.1	125.9	-14.28	-56.49	28.14	0.74609	-0.05896	0.65283	0.11871
7092	IMU1	PARENT_BOTTOM_FIXED	0x33	-32.2	-876.4	493.9	-33.11	7.49	2.10	0.20410	-0.09845	0.49927	-0.83545
7092	IMU2	CHILD_TOP_MOVING	0x34	57.6	-922.8	198.1	-88.97	-10.64	2.45	-0.08044	0.10870	-0.60938	0.78223
7092	IMU3	POSITION_3_EXTRA	0x35	249.9	-867.7	235.7	-86.17	-36.75	16.31	0.08154	0.11670	-0.59082	0.79443
7092	IMU4	POSITION_4_EXTRA	0x36	202.0	-724.2	516.8	-85.68	-19.67	21.14	0.24438	0.01006	-0.46533	0.85156
7100	IMU0	POSITION_0_EXTRA	0x32	-931.1	76.6	108.3	-12.53	-52.08	26.18	0.74854	-0.05795	0.65039	0.12097
7100	IMU1	PARENT_BOTTOM_FIXED	0x33	-28.3	-870.1	489.0	-34.58	6.02	1.89	0.20374	-0.09857	0.50146	-0.83447
7100	IMU2	CHILD_TOP_MOVING	0x34	56.1	-925.2	185.4	-91.98	-13.79	2.24	-0.08044	0.10992	-0.61426	0.77832
7100	IMU3	POSITION_3_EXTRA	0x35	248.4	-875.0	224.0	-87.01	-36.54	16.45	0.07983	0.11755	-0.59619	0.79053
7100	IMU4	POSITION_4_EXTRA	0x36	203.0	-732.5	498.2	-85.96	-20.72	21.14	0.24243	0.00908	-0.47095	0.84912
7108	IMU0	POSITION_0_EXTRA	0x32	-922.8	78.6	107.8	-15.12	-51.24	27.58	0.75049	-0.05701	0.64746	0.12335
7108	IMU1	PARENT_BOTTOM_FIXED	0x33	-29.3	-874.0	488.0	-33.46	5.11	2.10	0.20337	-0.09869	0.50342	-0.83301
7108	IMU2	CHILD_TOP_MOVING	0x34	56.6	-931.6	170.8	-94.64	-16.24	2.24	-0.08057	0.11127	-0.61963	0.77393
7108	IMU3	POSITION_3_EXTRA	0x35	249.9	-882.3	210.8	-85.96	-37.73	16.10	0.07800	0.11853	-0.60156	0.78662
7108	IMU4	POSITION_4_EXTRA	0x36	208.9	-744.7	483.6	-85.54	-21.70	20.93	0.24048	0.00817	-0.47681	0.84619
7117	IMU0	POSITION_0_EXTRA	0x32	-919.9	83.0	94.2	-14.00	-50.75	26.32	0.75244	-0.05606	0.64453	0.12573
7117	IMU1	PARENT_BOTTOM_FIXED	0x33	-24.4	-870.6	484.1	-31.78	3.15	2.10	0.20313	-0.09894	0.50537	-0.83203
7117	IMU2	CHILD_TOP_MOVING	0x34	63.0	-938.9	153.2	-95.83	-18.13	2.45	-0.08075	0.11273	-0.62500	0.76904
7117	IMU3	POSITION_3_EXTRA	0x35	254.7	-885.7	196.7	-84.56	-39.55	15.82	0.07617	0.11957	-0.60645	0.78271
7117	IMU4	POSITION_4_EXTRA	0x36	215.7	-755.4	464.6	-85.47	-22.68	20.86	0.23840	0.00732	-0.48242	0.84375
7125	IMU0	POSITION_0_EXTRA	0x32	-917.4	76.1	90.8	-17.15	-51.80	27.02	0.75488	-0.05527	0.64160	0.12817
7125	IMU1	PARENT_BOTTOM_FIXED	0x33	-22.4	-871.6	484.6	-33.67	2.66	1.96	0.20288	-0.09924	0.50732	-0.83105
7125	IMU2	CHILD_TOP_MOVING	0x34	67.3	-948.7	136.2	-94.99	-19.18	2.45	-0.08099	0.11426	-0.63037	0.76465
7125	IMU3	POSITION_3_EXTRA	0x35	264.0	-893.5	176.7	-83.65	-41.16	15.68	0.07422	0.12079	-0.61182	0.77881
7125	IMU4	POSITION_4_EXTRA	0x36	226.9	-766.6	451.4	-84.35	-23.31	20.72	0.23584	0.00652	-0.48706	0.83984
7133	IMU0	POSITION_0_EXTRA	0x32	-896.5	88.3	110.3	-18.69	-50.26	25.83	0.75684	-0.05463	0.63916	0.13062
7133	IMU1	PARENT_BOTTOM_FIXED	0x33	-22.0	-882.8	480.7	-35.35	4.34	1.61	0.20251	-0.09949	0.50928	-0.82959
7133	IMU2	CHILD_TOP_MOVING	0x34	72.7	-952.6	120.5	-93.03	-20.72	2.66	-0.08130	0.11591	-0.63574	0.75977
7133	IMU3	POSITION_3_EXTRA	0x35	268.9	-893.5	163.5	-83.51	-41.09	15.89	0.07220	0.12195	-0.61670	0.77490
7133	IMU4	POSITION_4_EXTRA	0x36	235.7	-774.5	438.2	-84.21	-23.59	20.79	0.23376	0.00576	-0.49243	0.83691
7142	IMU0	POSITION_0_EXTRA	0x32	-897.4	87.4	107.8	-16.17	-47.11	22.61	0.75879	-0.05402	0.63623	0.13281
7142	IMU1	PARENT_BOTTOM_FIXED	0x33	-32.7	-879.9	493.4	-35.00	1.05	1.40	0.20239	-0.09991	0.51123	-0.82861
7142	IMU2	CHILD_TOP_MOVING	0x34	78.1	-958.4	109.8	-91.00	-21.14	3.01	-0.08142	0.11731	-0.63965	0.75391
7142	IMU3	POSITION_3_EXTRA	0x35	275.7	-899.9	152.3	-82.88	-41.23	16.17	0.07025	0.12317	-0.62207	0.77051
7142	IMU4	POSITION_4_EXTRA	0x36	239.6	-778.4	426.5	-83.58	-23.66	20.79	0.23169	0.00501	-0.49805	0.83447
7150	IMU0	POSITION_0_EXTRA	0x32	-896.5	86.4	117.6	-17.43	-45.36	23.94	0.76025	-0.05344	0.63379	0.13513
7150	IMU1	PARENT_BOTTOM_FIXED	0x33	-17.1	-871.6	482.1	-30.52	2.38	1.82	0.20215	-0.10022	0.51270	-0.82764
7150	IMU2	CHILD_TOP_MOVING	0x34	87.4	-964.3	100.0	-89.04	-21.14	2.87	-0.08173	0.11896	-0.64453	0.74902
7150	IMU3	POSITION_3_EXTRA	0x35	280.1	-900.8	131.3	-81.55	-40.53	16.45	0.06830	0.12439	-0.62744	0.76611
7150	IMU4	POSITION_4_EXTRA	0x36	243.5	-784.2	408.9	-83.30	-23.94	21.07	0.22961	0.00427	-0.50342	0.83154
7158	IMU0	POSITION_0_EXTRA	0x32	-896.9	90.3	117.1	-16.38	-42.77	24.64	0.76221	-0.05276	0.63135	0.13745
7158	IMU1	PARENT_BOTTOM_FIXED	0x33	-31.7	-877.4	486.5	-34.65	3.78	1.54	0.20178	-0.10040	0.51465	-0.82666
7158	IMU2	CHILD_TOP_MOVING	0x34	89.3	-964.8	91.3	-86.52	-21.56	2.80	-0.08209	0.12061	-0.64941	0.74463
7158	IMU3	POSITION_3_EXTRA	0x35	280.6	-903.8	122.0	-80.50	-40.04	16.52	0.06635	0.12561	-0.63232	0.76221
7158	IMU4	POSITION_4_EXTRA	0x36	243.5	-794.0	395.8	-82.53	-23.80	21.14	0.22754	0.00353	-0.50879	0.82910
7167	IMU0	POSITION_0_EXTRA	0x32	-897.4	100.0	109.8	-16.66	-42.63	24.99	0.76367	-0.05212	0.62891	0.13977
7167	IMU1	PARENT_BOTTOM_FIXED	0x33	-28.8	-884.3	480.2	-31.71	0.28	1.61	0.20166	-0.10083	0.51660	-0.82520
7167	IMU2	CHILD_TOP_MOVING	0x34	92.2	-964.3	81.0	-84.35	-21.21	3.01	-0.08240	0.12225	-0.65381	0.74023
7167	IMU3	POSITION_3_EXTRA	0x35	283.0	-906.7	104.4	-79.31	-39.27	16.80	0.06439	0.12671	-0.63721	0.75781
7167	IMU4	POSITION_4_EXTRA	0x36	246.9	-803.7	390.4	-81.41	-24.01	21.14	0.22534	0.00282	-0.51416	0.82617
7175	IMU0	POSITION_0_EXTRA	0x32	-888.6	112.2	122.0	-18.76	-43.54	23.59	0.76563	-0.05164	0.62646	0.14209
7175	IMU1	PARENT_BOTTOM_FIXED	0x33	-31.2	-879.4	483.6	-30.66	-0.21	1.89	0.20154	-0.10120	0.51807	-0.82422
7175	IMU2	CHILD_TOP_MOVING	0x34	96.6	-972.1	79.1	-83.58	-19.25	3.57	-0.08270	0.12378	-0.65869	0.73633
7175	IMU3	POSITION_3_EXTRA	0x35	280.1	-913.0	91.3	-78.68	-38.71	17.08	0.06247	0.12781	-0.64258	0.75342
7175	IMU4	POSITION_4_EXTRA	0x36	247.9	-813.5	373.8	-80.22	-23.66	21.21	0.22327	0.00211	-0.51953	0.82373
7183	IMU0	POSITION_0_EXTRA	0x32	-881.3	120.0	143.5	-23.66	-43.96	22.19	0.76709	-0.05148	0.62402	0.14453
7183	IMU1	PARENT_BOTTOM_FIXED	0x33	-25.9	-885.2	480.7	-29.19	-3.15	2.17	0.20166	-0.10175	0.51953	-0.82324
7183	IMU2	CHILD_TOP_MOVING	0x34	92.7	-969.2	74.7	-85.68	-19.46	3.85	-0.08295	0.12524	-0.66309	0.73193
7183	IMU3	POSITION_3_EXTRA	0x35	277.2	-917.0	77.6	-77.35	-40.18	17.01	0.06046	0.12903	-0.64746	0.74951
7183	IMU4	POSITION_4_EXTRA	0x36	247.4	-820.8	358.7	-79.10	-23.52	21.56	0.22107	0.00140	-0.52441	0.82129
7192	IMU0	POSITION_0_EXTRA	0x32	-873.0	105.4	162.0	-25.06	-41.37	23.24	0.76855	-0.05139	0.62109	0.14709
7192	IMU1	PARENT_BOTTOM_FIXED	0x33	-26.8	-889.6	456.8	-30.03	1.19	2.03	0.20142	-0.10205	0.52100	-0.82227
7192	IMU2	CHILD_TOP_MOVING	0x34	93.7	-971.1	58.1	-88.27	-16.66	4.69	-0.08313	0.12659	-0.66797	0.72705
7192	IMU3	POSITION_3_EXTRA	0x35	272.8	-916.5	63.9	-76.23	-40.46	17.22	0.05838	0.13025	-0.65186	0.74512
7192	IMU4	POSITION_4_EXTRA	0x36	249.4	-825.2	357.2	-78.54	-23.59	21.84	0.21887	0.00068	-0.52979	0.81836
7200	IMU0	POSITION_0_EXTRA	0x32	-862.8	112.7	170.8	-23.10	-36.40	22.19	0.77002	-0.05130	0.61914	0.14954
7200	IMU1	PARENT_BOTTOM_FIXED	0x33	-41.5	-891.6	477.3	-33.46	0.21	1.96	0.20142	-0.10236	0.52295	-0.82129
7200	IMU2	CHILD_TOP_MOVING	0x34	90.3	-968.7	31.7	-89.88	-16.73	5.04	-0.08325	0.12781	-0.67285	0.72266
7200	IMU3	POSITION_3_EXTRA	0x35	278.2	-920.4	56.6	-75.04	-41.37	17.43	0.05627	0.13147	-0.65674	0.74121
7200	IMU4	POSITION_4_EXTRA	0x36	250.8	-831.1	345.5	-78.61	-22.89	22.12	0.21667	-0.00008	-0.53467	0.81592
7208	IMU0	POSITION_0_EXTRA	0x32	-872.1	121.0	196.7	-22.96	-32.41	20.30	0.77100	-0.05133	0.61719	0.15186
7208	IMU1	PARENT_BOTTOM_FIXED	0x33	-35.1	-892.6	477.8	-29.89	-1.05	1.89	0.20129	-0.10278	0.52441	-0.82031
7208	IMU2	CHILD_TOP_MOVING	0x34	87.4	-976.5	13.7	-89.81	-15.54	5.60	-0.08344	0.12903	-0.67773	0.71777
7208	IMU3	POSITION_3_EXTRA	0x35	276.2	-923.3	43.4	-73.57	-41.44	17.78	0.05411	0.13257	-0.66113	0.73730
7208	IMU4	POSITION_4_EXTRA	0x36	249.4	-836.9	326.0	-77.63	-22.89	22.47	0.21448	-0.00085	-0.53955	0.81299
7217	IMU0	POSITION_0_EXTRA	0x32	-858.4	134.7	217.2	-22.89	-29.61	18.06	0.77197	-0.05145	0.61523	0.15405
7217	IMU1	PARENT_BOTTOM_FIXED	0x33	-42.9	-893.5	486.5	-26.74	-2.24	2.10	0.20142	-0.10315	0.52539	-0.81934
7217	IMU2	CHILD_TOP_MOVING	0x34	88.3	-978.0	0.5	-87.43	-14.35	6.09	-0.08350	0.13013	-0.68213	0.71338
7217	IMU3	POSITION_3_EXTRA	0x35	274.7	-922.8	32.7	-72.66	-41.86	18.27	0.05191	0.13379	-0.66553	0.73291
7217	IMU4	POSITION_4_EXTRA	0x36	252.3	-841.8	309.9	-75.95	-23.52	22.68	0.21228	-0.00156	-0.54443	0.81055
7225	IMU0	POSITION_0_EXTRA	0x32	-859.9	134.2	185.4	-20.37	-22.19	16.80	0.77295	-0.05161	0.61377	0.15601
7225	IMU1	PARENT_BOTTOM_FIXED	0x33	-29.8	-891.1	466.0	-30.45	-2.94	1.89	0.20142	-0.10370	0.52734	-0.81836
7225	IMU2	CHILD_TOP_MOVING	0x34	90.3	-981.9	-7.8	-83.79	-13.16	6.09	-0.08362	0.13110	-0.68652	0.70850
7225	IMU3	POSITION_3_EXTRA	0x35	277.7	-925.2	21.0	-71.96	-41.44	18.83	0.04971	0.13501	-0.67041	0.72900
7225	IMU4	POSITION_4_EXTRA	0x36	255.2	-845.7	306.5	-75.81	-22.75	23.10	0.20996	-0.00233	-0.54932	0.80762
7233	IMU0	POSITION_0_EXTRA	0x32	-862.3	142.0	185.0	-21.84	-19.67	15.96	0.77344	-0.05188	0.61279	0.15784
7233	IMU1	PARENT_BOTTOM_FIXED	0x33	-27.3	-900.4	479.7	-26.18	-1.47	2.03	0.20142	-0.10406	0.52832	-0.81738
7233	IMU2	CHILD_TOP_MOVING	0x34	88.3	-977.0	-12.7	-80.64	-11.20	6.37	-0.08362	0.13196	-0.69092	0.70459
7233	IMU3	POSITION_3_EXTRA	0x35	275.7	-924.8	13.7	-71.89	-41.23	19.53	0.04749	0.13611	-0.67480	0.72461
7233	IMU4	POSITION_4_EXTRA	0x36	258.6	-853.0	297.2	-75.11	-22.05	23.59	0.20764	-0.00314	-0.55420	0.80518
7242	IMU0	POSITION_0_EXTRA	0x32	-867.2	131.3	177.1	-20.44	-20.23	13.79	0.77393	-0.05219	0.61133	0.15967
7242	IMU1	PARENT_BOTTOM_FIXED	0x33	-25.9	-892.6	469.9	-26.60	-2.59	1.96	0.20142	-0.10455	0.52979	-0.81641
7242	IMU2	CHILD_TOP_MOVING	0x34	94.7	-985.8	-17.1	-78.82	-9.52	6.86	-0.08362	0.13269	-0.69482	0.70020
7242	IMU3	POSITION_3_EXTRA	0x35	279.1	-932.1	4.4	-71.33	-41.93	20.23	0.04520	0.13721	-0.67871	0.72070
7242	IMU4	POSITION_4_EXTRA	0x36	258.6	-863.8	285.0	-73.57	-22.40	24.01	0.20532	-0.00393	-0.55859	0.80273
7250	IMU0	POSITION_0_EXTRA	0x32	-881.3	144.0	185.4	-26.39	-19.88	16.03	0.77490	-0.05273	0.60986	0.16187
7250	IMU1	PARENT_BOTTOM_FIXED	0x33	-24.9	-894.0	471.4	-27.37	-2.31	2.24	0.20142	-0.10498	0.53076	-0.81592
7250	IMU2	CHILD_TOP_MOVING	0x34	89.8	-984.3	-24.4	-77.84	-8.47	7.35	-0.08356	0.13330	-0.69922	0.69629
7250	IMU3	POSITION_3_EXTRA	0x35	278.2	-931.6	-8.8	-71.26	-41.51	21.00	0.04288	0.13831	-0.68311	0.71680
7250	IMU4	POSITION_4_EXTRA	0x36	255.2	-870.1	270.8	-71.54	-23.17	24.15	0.20300	-0.00465	-0.56348	0.79980
7258	IMU0	POSITION_0_EXTRA	0x32	-860.3	138.6	186.4	-31.36	-21.98	18.83	0.77539	-0.05341	0.60840	0.16431
7258	IMU1	PARENT_BOTTOM_FIXED	0x33	-20.0	-896.5	475.8	-27.44	-3.99	2.10	0.20142	-0.10553	0.53223	-0.81494
7258	IMU2	CHILD_TOP_MOVING	0x34	92.2	-981.4	-28.3	-77.91	-10.29	7.63	-0.08362	0.13403	-0.70313	0.69189
7258	IMU3	POSITION_3_EXTRA	0x35	275.7	-933.1	-19.5	-71.33	-42.07	21.98	0.04050	0.13940	-0.68750	0.71240
7258	IMU4	POSITION_4_EXTRA	0x36	251.3	-875.0	258.2	-70.28	-22.61	24.29	0.20068	-0.00540	-0.56787	0.79736
7267	IMU0	POSITION_0_EXTRA	0x32	-860.3	140.1	186.9	-41.23	-17.36	17.71	0.77588	-0.05472	0.60693	0.16724
7267	IMU1	PARENT_BOTTOM_FIXED	0x33	-20.5	-895.5	468.5	-27.02	-3.71	1.82	0.20154	-0.10614	0.53320	-0.81396
7267	IMU2	CHILD_TOP_MOVING	0x34	97.1	-986.2	-40.0	-77.00	-13.09	8.26	-0.08380	0.13489	-0.70703	0.68799
7267	IMU3	POSITION_3_EXTRA	0x35	275.7	-939.4	-34.2	-70.49	-42.77	22.47	0.03806	0.14038	-0.69189	0.70850
7267	IMU4	POSITION_4_EXTRA	0x36	245.0	-886.2	250.3	-68.95	-21.70	24.29	0.19836	-0.00602	-0.57227	0.79492
7275	IMU0	POSITION_0_EXTRA	0x32	-860.3	126.9	232.8	-37.45	-14.07	14.35	0.77588	-0.05603	0.60596	0.16980
7275	IMU1	PARENT_BOTTOM_FIXED	0x33	-22.0	-889.1	476.8	-25.55	-3.71	2.24	0.20154	-0.10663	0.53418	-0.81299
7275	IMU2	CHILD_TOP_MOVING	0x34	88.3	-998.0	-62.0	-76.02	-17.01	8.12	-0.08423	0.13586	-0.71094	0.68359
7275	IMU3	POSITION_3_EXTRA	0x35	267.9	-951.6	-44.9	-68.67	-42.84	22.33	0.03555	0.14148	-0.69580	0.70410
7275	IMU4	POSITION_4_EXTRA	0x36	236.2	-900.4	240.6	-67.76	-20.37	24.15	0.19604	-0.00674	-0.57715	0.79199
7283	IMU0	POSITION_0_EXTRA	0x32	-851.6	113.7	254.2	-29.26	-9.03	10.99	0.77637	-0.05710	0.60498	0.17175
7283	IMU1	PARENT_BOTTOM_FIXED	0x33	-22.0	-890.6	471.9	-24.36	-5.46	2.45	0.20178	-0.10718	0.53516	-0.81250
7283	IMU2	CHILD_TOP_MOVING	0x34	90.3	-1003.3	-73.7	-73.57	-19.46	8.05	-0.08484	0.13696	-0.71436	0.67969
7283	IMU3	POSITION_3_EXTRA	0x35	265.5	-956.5	-55.6	-65.94	-43.12	22.19	0.03302	0.14246	-0.69971	0.70020
7283	IMU4	POSITION_4_EXTRA	0x36	228.9	-913.5	226.9	-65.66	-19.18	23.59	0.19385	-0.00752	-0.58154	0.78906
7292	IMU0	POSITION_0_EXTRA	0x32	-841.3	142.0	290.8	-33.46	-3.01	12.74	0.77588	-0.05838	0.60449	0.17395
7292	IMU1	PARENT_BOTTOM_FIXED	0x33	-23.9	-886.2	472.4	-25.06	-5.46	2.66	0.20190	-0.10779	0.53613	-0.81152
7292	IMU2	CHILD_TOP_MOVING	0x34	91.3	-1007.2	-83.9	-68.74	-22.12	7.91	-0.08557	0.13818	-0.71777	0.67578
7292	IMU3	POSITION_3_EXTRA	0x35	260.6	-965.8	-65.9	-63.14	-42.63	21.77	0.03050	0.14343	-0.70361	0.69629
7292	IMU4	POSITION_4_EXTRA	0x36	218.6	-926.7	220.6	-63.84	-17.85	22.96	0.19165	-0.00838	-0.58594	0.78613
7300	IMU0	POSITION_0_EXTRA	0x32	-857.9	140.1	308.9	-34.86	1.82	7.70	0.77588	-0.06003	0.60400	0.17590
7300	IMU1	PARENT_BOTTOM_FIXED	0x33	-21.0	-888.2	471.9	-22.26	-5.46	2.73	0.20215	-0.10828	0.53711	-0.81104
7300	IMU2	CHILD_TOP_MOVING	0x34	90.8	-1012.6	-85.4	-65.03	-21.84	8.05	-0.08636	0.13928	-0.72119	0.67188
7300	IMU3	POSITION_3_EXTRA	0x35	256.2	-971.6	-80.5	-59.43	-41.16	21.21	0.02802	0.14441	-0.70703	0.69287
7300	IMU4	POSITION_4_EXTRA	0x36	210.8	-933.1	210.3	-62.51	-16.45	22.12	0.18958	-0.00930	-0.59033	0.78369
7308	IMU0	POSITION_0_EXTRA	0x32	-838.9	146.4	331.4	-37.31	10.22	9.03	0.77490	-0.06186	0.60449	0.17798
7308	IMU1	PARENT_BOTTOM_FIXED	0x33	-24.4	-883.8	466.0	-21.56	-4.62	3.01	0.20239	-0.10876	0.53809	-0.81055
7308	IMU2	CHILD_TOP_MOVING	0x34	84.4	-1013.1	-89.8	-62.09	-20.23	8.19	-0.08710	0.14038	-0.72412	0.66846
7308	IMU3	POSITION_3_EXTRA	0x35	245.5	-973.1	-88.3	-56.21	-38.43	20.51	0.02563	0.14526	-0.71045	0.68945
7308	IMU4	POSITION_4_EXTRA	0x36	204.0	-941.4	202.5	-61.18	-14.70	21.42	0.18762	-0.01030	-0.59473	0.78076
7317	IMU0	POSITION_0_EXTRA	0x32	-844.7	133.7	378.7	-22.54	-0.98	8.96	0.77490	-0.06274	0.60400	0.17944
7317	IMU1	PARENT_BOTTOM_FIXED	0x33	-23.4	-881.3	466.0	-21.07	-3.85	3.22	0.20251	-0.10913	0.53857	-0.80957
7317	IMU2	CHILD_TOP_MOVING	0x34	80.0	-1011.1	-95.2	-59.92	-18.90	8.19	-0.08777	0.14124	-0.72705	0.66504
7317	IMU3	POSITION_3_EXTRA	0x35	242.0	-978.0	-89.3	-53.62	-35.63	20.02	0.02339	0.14600	-0.71338	0.68604
7317	IMU4	POSITION_4_EXTRA	0x36	197.2	-947.2	203.0	-60.13	-13.51	20.65	0.18567	-0.01134	-0.59863	0.77832
7325	IMU0	POSITION_0_EXTRA	0x32	-838.4	124.9	356.2	-21.42	-3.43	7.98	0.77490	-0.06354	0.60352	0.18091
7325	IMU1	PARENT_BOTTOM_FIXED	0x33	-22.4	-887.7	461.6	-21.07	-3.64	3.43	0.20276	-0.10950	0.53955	-0.80908
7325	IMU2	CHILD_TOP_MOVING	0x34	75.6	-1012.1	-103.5	-58.38	-15.82	8.26	-0.08838	0.14209	-0.72949	0.66162
7325	IMU3	POSITION_3_EXTRA	0x35	236.2	-977.5	-93.2	-51.03	-32.90	19.39	0.02130	0.14648	-0.71631	0.68311
7325	IMU4	POSITION_4_EXTRA	0x36	192.3	-950.1	203.0	-58.66	-12.74	19.95	0.18384	-0.01239	-0.60254	0.77588
7333	IMU0	POSITION_0_EXTRA	0x32	-840.8	114.2	373.8	-20.02	-4.62	7.77	0.77490	-0.06427	0.60303	0.18225
7333	IMU1	PARENT_BOTTOM_FIXED	0x33	-22.0	-896.0	461.6	-20.02	-3.50	3.64	0.20288	-0.10986	0.54004	-0.80859
7333	IMU2	CHILD_TOP_MOVING	0x34	72.7	-1008.2	-111.3	-56.56	-13.93	8.26	-0.08887	0.14270	-0.73242	0.65869
7333	IMU3	POSITION_3_EXTRA	0x35	233.3	-977.0	-98.6	-49.35	-30.52	19.04	0.01932	0.14697	-0.71924	0.67969
7333	IMU4	POSITION_4_EXTRA	0x36	188.9	-949.2	196.7	-57.26	-12.74	19.04	0.18201	-0.01338	-0.60645	0.77344
7342	IMU0	POSITION_0_EXTRA	0x32	-877.9	112.2	347.5	-19.67	-6.51	9.17	0.77539	-0.06482	0.60205	0.18372
7342	IMU1	PARENT_BOTTOM_FIXED	0x33	-22.4	-903.8	455.3	-19.11	-3.29	3.99	0.20313	-0.11017	0.54102	-0.80811
7342	IMU2	CHILD_TOP_MOVING	0x34	64.4	-1010.6	-117.1	-54.39	-13.44	8.12	-0.08942	0.14319	-0.73486	0.65527
7342	IMU3	POSITION_3_EXTRA	0x35	226.4	-979.9	-105.9	-47.95	-28.42	18.62	0.01744	0.14734	-0.72217	0.67676
7342	IMU4	POSITION_4_EXTRA	0x36	187.4	-953.6	193.7	-56.28	-11.41	18.13	0.18030	-0.01439	-0.60986	0.77100
7350	IMU0	POSITION_0_EXTRA	0x32	-891.1	102.5	317.7	-15.47	-10.50	9.80	0.77588	-0.06512	0.60107	0.18506
7350	IMU1	PARENT_BOTTOM_FIXED	0x33	-28.8	-913.5	460.7	-18.76	-2.59	4.06	0.20337	-0.11041	0.54150	-0.80713
7350	IMU2	CHILD_TOP_MOVING	0x34	65.9	-1007.2	-129.3	-52.78	-12.74	8.40	-0.08990	0.14380	-0.73730	0.65234
7350	IMU3	POSITION_3_EXTRA	0x35	224.0	-981.9	-111.8	-46.62	-27.16	18.06	0.01564	0.14771	-0.72461	0.67432
7350	IMU4	POSITION_4_EXTRA	0x36	182.5	-961.4	190.3	-55.16	-10.08	17.08	0.17871	-0.01542	-0.61328	0.76855
7358	IMU0	POSITION_0_EXTRA	0x32	-900.4	89.8	302.6	-10.01	-17.57	10.78	0.77637	-0.06506	0.59961	0.18616
7358	IMU1	PARENT_BOTTOM_FIXED	0x33	-29.3	-924.3	450.4	-17.08	-2.52	3.92	0.20361	-0.11066	0.54248	-0.80664
7358	IMU2	CHILD_TOP_MOVING	0x34	69.3	-1011.1	-144.0	-50.47	-9.59	8.68	-0.09027	0.14417	-0.73975	0.64941
7358	IMU3	POSITION_3_EXTRA	0x35	222.0	-986.7	-113.2	-45.29	-26.04	17.36	0.01392	0.14807	-0.72705	0.67139
7358	IMU4	POSITION_4_EXTRA	0x36	177.6	-969.7	191.8	-52.78	-10.29	15.75	0.17725	-0.01637	-0.61670	0.76611
7367	IMU0	POSITION_0_EXTRA	0x32	-880.8	97.1	290.4	-9.31	-16.31	11.90	0.77686	-0.06488	0.59863	0.18726
7367	IMU1	PARENT_BOTTOM_FIXED	0x33	-37.1	-931.6	448.5	-16.45	-1.54	3.92	0.20374	-0.11078	0.54297	-0.80615
7367	IMU2	CHILD_TOP_MOVING	0x34	65.4	-1018.5	-148.4	-51.45	-6.02	8.61	-0.09039	0.14429	-0.74219	0.64648
7367	IMU3	POSITION_3_EXTRA	0x35	219.6	-991.6	-113.7	-44.31	-25.34	16.80	0.01225	0.14832	-0.72949	0.66895
7367	IMU4	POSITION_4_EXTRA	0x36	177.6	-973.1	192.8	-50.82	-10.36	14.70	0.17578	-0.01724	-0.62012	0.76367
7375	IMU0	POSITION_0_EXTRA	0x32	-869.1	86.9	267.4	-4.27	-7.49	7.77	0.77734	-0.06464	0.59814	0.18799
7375	IMU1	PARENT_BOTTOM_FIXED	0x33	-43.4	-935.0	442.6	-16.38	-1.33	3.64	0.20398	-0.11090	0.54395	-0.80566
7375	IMU2	CHILD_TOP_MOVING	0x34	52.7	-1011.6	-146.9	-47.74	-6.79	8.61	-0.09070	0.14441	-0.74463	0.64404
7375	IMU3	POSITION_3_EXTRA	0x35	215.7	-988.7	-123.0	-42.70	-23.80	16.03	0.01068	0.14856	-0.73193	0.66602
7375	IMU4	POSITION_4_EXTRA	0x36	177.1	-971.6	193.7	-49.56	-9.80	13.58	0.17444	-0.01805	-0.62305	0.76172
7383	IMU0	POSITION_0_EXTRA	0x32	-888.2	65.4	216.2	-8.26	-0.77	5.95	0.77686	-0.06488	0.59814	0.18860
7383	IMU1	PARENT_BOTTOM_FIXED	0x33	-50.8	-949.2	440.7	-16.45	-1.54	3.29	0.20410	-0.11096	0.54443	-0.80518
7383	IMU2	CHILD_TOP_MOVING	0x34	54.7	-1014.1	-150.8	-48.02	-5.81	8.47	-0.09094	0.14453	-0.74707	0.64111
7383	IMU3	POSITION_3_EXTRA	0x35	210.3	-990.6	-125.9	-41.23	-22.05	15.33	0.00919	0.14856	-0.73291	0.66211
7383	IMU4	POSITION_4_EXTRA	0x36	170.3	-974.0	193.2	-48.79	-8.61	12.74	0.17322	-0.01892	-0.62598	0.75928
7392	IMU0	POSITION_0_EXTRA	0x32	-894.5	56.1	167.4	-13.65	1.47	5.18	0.77686	-0.06543	0.59766	0.18945
7392	IMU1	PARENT_BOTTOM_FIXED	0x33	-55.6	-956.5	441.2	-13.72	-2.45	3.29	0.20435	-0.11121	0.54541	-0.80469
7392	IMU2	CHILD_TOP_MOVING	0x34	41.0	-1014.6	-159.6	-46.97	-4.27	8.68	-0.09113	0.14453	-0.74902	0.63867
7392	IMU3	POSITION_3_EXTRA	0x35	202.0	-991.1	-132.2	-40.39	-19.74	14.91	0.00784	0.14868	-0.73535	0.66016
7392	IMU4	POSITION_4_EXTRA	0x36	164.9	-974.5	187.9	-48.23	-7.91	11.76	0.17200	-0.01978	-0.62891	0.75732
7400	IMU0	POSITION_0_EXTRA	0x32	-907.7	72.7	191.8	-23.66	-1.05	7.63	0.77686	-0.06641	0.59766	0.19092
7400	IMU1	PARENT_BOTTOM_FIXED	0x33	-59.5	-953.6	434.3	-11.06	-2.17	2.94	0.20459	-0.11121	0.54590	-0.80420
7400	IMU2	CHILD_TOP_MOVING	0x34	38.6	-1012.6	-157.6	-45.92	-5.74	8.47	-0.09143	0.14465	-0.75146	0.63623
7400	IMU3	POSITION_3_EXTRA	0x35	195.2	-986.7	-139.1	-41.30	-17.78	15.05	0.00657	0.14868	-0.73779	0.65771
7400	IMU4	POSITION_4_EXTRA	0x36	163.5	-975.5	184.0	-47.39	-7.07	10.85	0.17090	-0.02063	-0.63135	0.75537
7408	IMU0	POSITION_0_EXTRA	0x32	-887.2	70.3	253.3	-29.68	-3.43	8.40	0.77637	-0.06769	0.59717	0.19275
7408	IMU1	PARENT_BOTTOM_FIXED	0x33	-65.4	-956.5	425.0	-10.36	-1.82	2.52	0.20483	-0.11127	0.54590	-0.80371
7408	IMU2	CHILD_TOP_MOVING	0x34	27.8	-1008.7	-145.9	-45.92	-4.20	8.89	-0.09167	0.14453	-0.75342	0.63379
7408	IMU3	POSITION_3_EXTRA	0x35	193.2	-982.8	-143.5	-42.42	-16.52	14.84	0.00540	0.14856	-0.73975	0.65527
7408	IMU4	POSITION_4_EXTRA	0x36	162.0	-969.7	179.6	-46.76	-5.74	9.94	0.16992	-0.02150	-0.63428	0.75342
7417	IMU0	POSITION_0_EXTRA	0x32	-881.3	77.6	326.5	-24.36	4.41	3.64	0.77637	-0.06897	0.59668	0.19397
7417	IMU1	PARENT_BOTTOM_FIXED	0x33	-65.9	-956.0	426.0	-9.17	-1.61	2.31	0.20496	-0.11121	0.54639	-0.80371
7417	IMU2	CHILD_TOP_MOVING	0x34	42.0	-1004.3	-146.9	-46.13	-5.25	9.87	-0.09198	0.14441	-0.75537	0.63135
7417	IMU3	POSITION_3_EXTRA	0x35	178.1	-981.9	-147.4	-44.59	-15.47	15.33	0.00423	0.14844	-0.74219	0.65283
7417	IMU4	POSITION_4_EXTRA	0x36	158.1	-968.2	180.6	-46.13	-3.57	8.96	0.16907	-0.02243	-0.63672	0.75098
7425	IMU0	POSITION_0_EXTRA	0x32	-909.1	71.7	352.3	-19.32	14.84	-0.70	0.77588	-0.07043	0.59717	0.19458
7425	IMU1	PARENT_BOTTOM_FIXED	0x33	-66.9	-952.6	419.2	-6.37	-2.59	1.89	0.20532	-0.11127	0.54688	-0.80322
7425	IMU2	CHILD_TOP_MOVING	0x34	33.2	-998.9	-175.7	-44.80	-5.74	10.22	-0.09241	0.14441	-0.75732	0.62891
7425	IMU3	POSITION_3_EXTRA	0x35	186.9	-978.9	-139.1	-44.73	-14.35	15.40	0.00317	0.14819	-0.74463	0.65039
7425	IMU4	POSITION_4_EXTRA	0x36	155.7	-960.4	186.9	-45.78	-1.75	8.19	0.16833	-0.02342	-0.63965	0.74902
7433	IMU0	POSITION_0_EXTRA	0x32	-896.0	63.4	340.6	-16.80	12.67	-0.70	0.77539	-0.07184	0.59717	0.19507
7433	IMU1	PARENT_BOTTOM_FIXED	0x33	-66.4	-949.2	417.7	-3.50	-2.66	1.96	0.20557	-0.11121	0.54688	-0.80322
7433	IMU2	CHILD_TOP_MOVING	0x34	29.8	-995.5	-195.2	-42.84	-6.30	9.59	-0.09277	0.14441	-0.75928	0.62646
7433	IMU3	POSITION_3_EXTRA	0x35	180.6	-975.0	-141.0	-44.31	-14.70	15.12	0.00208	0.14795	-0.74658	0.64795
7433	IMU4	POSITION_4_EXTRA	0x36	151.3	-961.4	183.5	-44.94	-0.07	7.00	0.16785	-0.02446	-0.64160	0.74707
7442	IMU0	POSITION_0_EXTRA	0x32	-899.9	64.9	327.4	-17.36	5.25	0.98	0.77539	-0.07306	0.59668	0.19580
7442	IMU1	PARENT_BOTTOM_FIXED	0x33	-53.2	-941.4	415.8	-1.96	-3.78	2.17	0.20593	-0.11133	0.54688	-0.80322
7442	IMU2	CHILD_TOP_MOVING	0x34	28.3	-985.3	-206.4	-37.87	-6.30	8.96	-0.09320	0.14441	-0.76123	0.62402
7442	IMU3	POSITION_3_EXTRA	0x35	173.2	-967.7	-155.7	-43.54	-14.49	14.56	0.00101	0.14771	-0.74902	0.64502
7442	IMU4	POSITION_4_EXTRA	0x36	144.4	-959.9	180.1	-44.94	1.68	6.09	0.16736	-0.02556	-0.64404	0.74512
7450	IMU0	POSITION_0_EXTRA	0x32	-935.5	73.7	333.3	-11.83	-2.45	3.01	0.77588	-0.07373	0.59619	0.19641
7450	IMU1	PARENT_BOTTOM_FIXED	0x33	-51.7	-935.0	414.3	-1.12	-3.71	2.10	0.20618	-0.11139	0.54639	-0.80322
7450	IMU2	CHILD_TOP_MOVING	0x34	25.9	-977.0	-210.3	-33.39	-7.77	8.54	-0.09375	0.14441	-0.76270	0.62207
7450	IMU3	POSITION_3_EXTRA	0x35	173.2	-959.4	-150.8	-43.89	-12.60	14.14	0.00008	0.14746	-0.75098	0.64258
7450	IMU4	POSITION_4_EXTRA	0x36	139.6	-955.5	182.0	-43.40	3.15	4.97	0.16699	-0.02667	-0.64648	0.74316
7458	IMU0	POSITION_0_EXTRA	0x32	-927.7	54.2	303.0	-9.45	-7.84	4.76	0.77637	-0.07428	0.59521	0.19690
7458	IMU1	PARENT_BOTTOM_FIXED	0x33	-46.8	-919.9	406.5	0.14	-4.13	1.89	0.20654	-0.11151	0.54639	-0.80322
7458	IMU2	CHILD_TOP_MOVING	0x34	33.7	-973.6	-208.4	-30.03	-7.56	7.84	-0.09424	0.14453	-0.76416	0.62012
7458	IMU3	POSITION_3_EXTRA	0x35	169.8	-960.4	-144.9	-45.78	-11.55	13.44	-0.00074	0.14709	-0.75342	0.64014
7458	IMU4	POSITION_4_EXTRA	0x36	134.2	-951.6	181.5	-42.14	4.48	3.64	0.16687	-0.02780	-0.64844	0.74170
7467	IMU0	POSITION_0_EXTRA	0x32	-930.6	52.2	303.5	-11.97	-7.49	5.39	0.77637	-0.07489	0.59473	0.19751
7467	IMU1	PARENT_BOTTOM_FIXED	0x33	-36.1	-912.6	410.4	-3.08	-4.06	1.89	0.20679	-0.11169	0.54639	-0.80322
7467	IMU2	CHILD_TOP_MOVING	0x34	26.4	-960.9	-204.5	-29.61	-8.47	7.70	-0.09479	0.14465	-0.76563	0.61816
7467	IMU3	POSITION_3_EXTRA	0x35	168.8	-952.6	-144.0	-45.92	-11.48	12.25	-0.00149	0.14685	-0.75537	0.63770
7467	IMU4	POSITION_4_EXTRA	0x36	133.2	-945.3	163.5	-41.72	5.11	2.73	0.16675	-0.02892	-0.65039	0.73975
7475	IMU0	POSITION_0_EXTRA	0x32	-897.4	44.9	283.0	-12.60	-9.94	7.84	0.77686	-0.07513	0.59375	0.19861
7475	IMU1	PARENT_BOTTOM_FIXED	0x33	-30.7	-909.6	426.5	0.49	-6.16	1.96	0.20715	-0.11194	0.54590	-0.80322
7475	IMU2	CHILD_TOP_MOVING	0x34	37.1	-938.9	-200.1	-31.08	-8.33	7.56	-0.09528	0.14478	-0.76709	0.61670
7475	IMU3	POSITION_3_EXTRA	0x35	169.3	-940.9	-142.0	-44.94	-11.83	10.92	-0.00219	0.14673	-0.75732	0.63525
7475	IMU4	POSITION_4_EXTRA	0x36	140.5	-937.9	154.2	-40.67	6.37	2.24	0.16675	-0.03001	-0.65283	0.73779
7483	IMU0	POSITION_0_EXTRA	0x32	-903.3	60.5	293.3	-10.85	-13.65	7.77	0.77734	-0.07544	0.59277	0.19934
7483	IMU1	PARENT_BOTTOM_FIXED	0x33	-24.9	-885.2	402.6	-2.87	-5.53	1.75	0.20740	-0.11230	0.54590	-0.80322
7483	IMU2	CHILD_TOP_MOVING	0x34	15.6	-946.2	-195.7	-35.21	-6.30	8.05	-0.09570	0.14478	-0.76855	0.61475
7483	IMU3	POSITION_3_EXTRA	0x35	164.9	-937.9	-155.2	-41.79	-14.63	8.54	-0.00298	0.14685	-0.75928	0.63330
7483	IMU4	POSITION_4_EXTRA	0x36	143.0	-939.9	146.4	-40.04	6.86	1.33	0.16675	-0.03107	-0.65479	0.73584
7492	IMU0	POSITION_0_EXTRA	0x32	-920.4	51.7	293.8	-8.47	-13.79	8.12	0.77783	-0.07568	0.59180	0.20007
7492	IMU1	PARENT_BOTTOM_FIXED	0x33	-28.3	-865.7	414.8	-3.64	-4.13	1.54	0.20764	-0.11249	0.54541	-0.80322
7492	IMU2	CHILD_TOP_MOVING	0x34	1.0	-967.2	-177.6	-42.07	0.21	8.96	-0.09583	0.14441	-0.77051	0.61230
7492	IMU3	POSITION_3_EXTRA	0x35	154.2	-947.7	-162.0	-41.51	-15.61	8.33	-0.00387	0.14709	-0.76123	0.63086
7492	IMU4	POSITION_4_EXTRA	0x36	148.8	-945.7	131.8	-40.46	6.16	0.91	0.16687	-0.03204	-0.65674	0.73389
7500	IMU0	POSITION_0_EXTRA	0x32	-919.4	61.5	303.0	-6.44	-9.87	7.07	0.77832	-0.07587	0.59131	0.20068
7500	IMU1	PARENT_BOTTOM_FIXED	0x33	-25.4	-851.6	406.5	-10.78	-3.43	1.19	0.20776	-0.11279	0.54590	-0.80273
7500	IMU2	CHILD_TOP_MOVING	0x34	31.7	-969.2	-167.9	-49.14	3.15	7.49	-0.09552	0.14417	-0.77246	0.60986
7500	IMU3	POSITION_3_EXTRA	0x35	165.4	-962.8	-171.3	-40.74	-17.29	8.47	-0.00481	0.14734	-0.76318	0.62842
7500	IMU4	POSITION_4_EXTRA	0x36	156.6	-963.3	120.5	-40.32	5.39	0.70	0.16699	-0.03296	-0.65918	0.73193
7508	IMU0	POSITION_0_EXTRA	0x32	-916.0	57.6	288.4	-2.94	-12.18	8.47	0.77881	-0.07581	0.59033	0.20105
7508	IMU1	PARENT_BOTTOM_FIXED	0x33	-19.5	-856.0	422.1	-9.94	-3.99	1.26	0.20789	-0.11316	0.54639	-0.80273
7508	IMU2	CHILD_TOP_MOVING	0x34	-33.2	-989.2	-167.9	-56.00	6.44	10.64	-0.09540	0.14331	-0.77490	0.60693
7508	IMU3	POSITION_3_EXTRA	0x35	153.7	-968.2	-187.9	-40.18	-17.50	8.89	-0.00585	0.14746	-0.76514	0.62598
7508	IMU4	POSITION_4_EXTRA	0x36	156.6	-976.0	100.5	-40.25	5.11	0.70	0.16699	-0.03384	-0.66113	0.72998
7517	IMU0	POSITION_0_EXTRA	0x32	-888.6	63.9	302.6	-7.35	-18.76	10.08	0.77930	-0.07550	0.58936	0.20203
7517	IMU1	PARENT_BOTTOM_FIXED	0x33	-18.1	-836.4	403.1	-9.03	-4.69	0.91	0.20801	-0.11346	0.54639	-0.80225
7517	IMU2	CHILD_TOP_MOVING	0x34	-4.4	-1000.9	-184.0	-58.17	12.46	14.84	-0.09497	0.14221	-0.77734	0.60400
7517	IMU3	POSITION_3_EXTRA	0x35	154.2	-986.7	-199.1	-39.62	-16.52	9.80	-0.00688	0.14758	-0.76660	0.62402
7517	IMU4	POSITION_4_EXTRA	0x36	162.0	-992.6	90.3	-39.97	4.41	1.19	0.16699	-0.03470	-0.66357	0.72803
7525	IMU0	POSITION_0_EXTRA	0x32	-904.8	76.1	313.8	0.63	-20.16	6.44	0.78027	-0.07507	0.58789	0.20239
7525	IMU1	PARENT_BOTTOM_FIXED	0x33	-15.1	-833.0	398.2	-14.49	-3.22	0.35	0.20813	-0.11383	0.54736	-0.80176
7525	IMU2	CHILD_TOP_MOVING	0x34	10.2	-1011.6	-202.5	-58.17	16.31	14.49	-0.09418	0.14099	-0.77979	0.60107
7525	IMU3	POSITION_3_EXTRA	0x35	156.6	-995.5	-204.5	-37.66	-15.19	9.24	-0.00782	0.14771	-0.76855	0.62158
7525	IMU4	POSITION_4_EXTRA	0x36	166.4	-1002.4	85.4	-37.94	4.41	1.82	0.16687	-0.03555	-0.66553	0.72607
7533	IMU0	POSITION_0_EXTRA	0x32	-905.7	93.2	297.7	3.43	-19.53	6.09	0.78125	-0.07440	0.58691	0.20264
7533	IMU1	PARENT_BOTTOM_FIXED	0x33	-25.4	-849.6	408.5	-15.26	-1.19	0.07	0.20801	-0.11414	0.54834	-0.80127
7533	IMU2	CHILD_TOP_MOVING	0x34	4.4	-1022.4	-209.8	-50.61	15.68	12.74	-0.09351	0.13977	-0.78223	0.59863
7533	IMU3	POSITION_3_EXTRA	0x35	156.2	-1000.4	-212.8	-34.37	-15.26	8.26	-0.00875	0.14783	-0.77002	0.61963
7533	IMU4	POSITION_4_EXTRA	0x36	167.9	-1007.7	83.9	-35.70	3.99	2.38	0.16687	-0.03638	-0.66748	0.72412
7542	IMU0	POSITION_0_EXTRA	0x32	-919.4	87.8	293.3	4.97	-19.39	7.00	0.78174	-0.07373	0.58594	0.20288
7542	IMU1	PARENT_BOTTOM_FIXED	0x33	-8.3	-846.7	389.4	-12.88	0.42	-0.63	0.20789	-0.11432	0.54883	-0.80078
7542	IMU2	CHILD_TOP_MOVING	0x34	-1.5	-1008.7	-198.1	-41.65	13.30	11.06	-0.09296	0.13867	-0.78418	0.59668
7542	IMU3	POSITION_3_EXTRA	0x35	151.3	-994.1	-222.5	-28.56	-15.05	6.86	-0.00967	0.14807	-0.77148	0.61816
7542	IMU4	POSITION_4_EXTRA	0x36	171.3	-1004.3	82.0	-34.09	3.15	3.08	0.16675	-0.03717	-0.66943	0.72266
7550	IMU0	POSITION_0_EXTRA	0x32	-918.9	103.0	273.3	8.33	-20.86	7.14	0.78271	-0.07275	0.58496	0.20288
7550	IMU1	PARENT_BOTTOM_FIXED	0x33	-18.1	-853.5	388.4	-18.76	4.41	-1.33	0.20752	-0.11438	0.55029	-0.79980
7550	IMU2	CHILD_TOP_MOVING	0x34	-16.1	-998.4	-231.3	-31.43	17.99	9.87	-0.09229	0.13745	-0.78564	0.59521
7550	IMU3	POSITION_3_EXTRA	0x35	145.4	-992.1	-228.4	-23.66	-13.09	6.58	-0.01056	0.14819	-0.77246	0.61670
7550	IMU4	POSITION_4_EXTRA	0x36	170.8	-1003.3	83.9	-33.25	2.38	4.06	0.16650	-0.03793	-0.67090	0.72070
7558	IMU0	POSITION_0_EXTRA	0x32	-914.0	111.8	264.5	10.57	-23.45	6.86	0.78369	-0.07153	0.58398	0.20288
7558	IMU1	PARENT_BOTTOM_FIXED	0x33	-21.0	-882.3	398.7	-20.23	7.28	-1.82	0.20691	-0.11438	0.55127	-0.79932
7558	IMU2	CHILD_TOP_MOVING	0x34	-15.6	-982.3	-270.8	-25.83	14.56	8.54	-0.09174	0.13635	-0.78662	0.59375
7558	IMU3	POSITION_3_EXTRA	0x35	147.4	-988.7	-226.9	-20.72	-11.69	6.37	-0.01136	0.14819	-0.77344	0.61523
7558	IMU4	POSITION_4_EXTRA	0x36	171.3	-1003.3	85.4	-31.92	0.42	4.97	0.16614	-0.03860	-0.67285	0.71924
7567	IMU0	POSITION_0_EXTRA	0x32	-920.4	126.9	274.3	12.25	-27.58	8.26	0.78467	-0.07007	0.58301	0.20300
7567	IMU1	PARENT_BOTTOM_FIXED	0x33	-32.7	-893.5	404.6	-19.32	7.28	-2.17	0.20630	-0.11432	0.55176	-0.79883
7567	IMU2	CHILD_TOP_MOVING	0x34	-4.9	-975.0	-311.3	-25.41	16.03	7.14	-0.09100	0.13538	-0.78809	0.59229
7567	IMU3	POSITION_3_EXTRA	0x35	152.3	-988.7	-218.6	-21.14	-10.36	7.14	-0.01208	0.14819	-0.77441	0.61426
7567	IMU4	POSITION_4_EXTRA	0x36	170.8	-1004.8	84.4	-30.87	-0.42	6.16	0.16565	-0.03931	-0.67432	0.71777
7575	IMU0	POSITION_0_EXTRA	0x32	-927.2	139.6	279.1	13.72	-26.88	7.63	0.78564	-0.06854	0.58154	0.20300
7575	IMU1	PARENT_BOTTOM_FIXED	0x33	-24.4	-914.0	402.1	-18.48	7.14	-2.38	0.20581	-0.11426	0.55273	-0.79883
7575	IMU2	CHILD_TOP_MOVING	0x34	-3.4	-981.9	-328.9	-27.58	15.47	5.74	-0.09015	0.13440	-0.78955	0.59082
7575	IMU3	POSITION_3_EXTRA	0x35	150.3	-992.1	-220.6	-21.77	-10.15	7.84	-0.01283	0.14819	-0.77539	0.61328
7575	IMU4	POSITION_4_EXTRA	0x36	169.3	-1004.8	83.4	-30.31	-1.47	7.07	0.16516	-0.03998	-0.67627	0.71631
7583	IMU0	POSITION_0_EXTRA	0x32	-925.7	140.5	273.3	15.40	-27.37	8.68	0.78662	-0.06683	0.58057	0.20300
7583	IMU1	PARENT_BOTTOM_FIXED	0x33	-29.8	-928.7	400.2	-20.51	10.78	-2.59	0.20496	-0.11407	0.55371	-0.79785
7583	IMU2	CHILD_TOP_MOVING	0x34	-6.8	-987.2	-327.0	-33.04	14.14	5.04	-0.08936	0.13367	-0.79102	0.58887
7583	IMU3	POSITION_3_EXTRA	0x35	148.4	-998.0	-223.0	-21.28	-11.90	7.98	-0.01370	0.14819	-0.77637	0.61182
7583	IMU4	POSITION_4_EXTRA	0x36	167.4	-1010.6	80.5	-28.70	-2.87	7.84	0.16455	-0.04059	-0.67773	0.71484
7592	IMU0	POSITION_0_EXTRA	0x32	-936.5	155.7	288.9	14.63	-27.30	8.82	0.78760	-0.06506	0.57959	0.20313
7592	IMU1	PARENT_BOTTOM_FIXED	0x33	-42.0	-950.1	413.8	-20.09	10.99	-2.87	0.20422	-0.11383	0.55518	-0.79736
7592	IMU2	CHILD_TOP_MOVING	0x34	-2.0	-991.6	-314.8	-35.70	13.93	4.13	-0.08844	0.13306	-0.79297	0.58691
7592	IMU3	POSITION_3_EXTRA	0x35	152.3	-993.6	-231.8	-21.07	-12.88	8.47	-0.01461	0.14819	-0.77734	0.61084
7592	IMU4	POSITION_4_EXTRA	0x36	167.9	-1011.6	79.1	-28.00	-4.06	8.68	0.16382	-0.04117	-0.67920	0.71387
7600	IMU0	POSITION_0_EXTRA	0x32	-941.8	155.2	296.7	15.82	-26.32	8.96	0.78857	-0.06329	0.57813	0.20313
7600	IMU1	PARENT_BOTTOM_FIXED	0x33	-43.9	-960.9	399.7	-18.06	9.31	-2.94	0.20361	-0.11365	0.55615	-0.79688
7600	IMU2	CHILD_TOP_MOVING	0x34	-2.0	-999.9	-304.5	-34.51	14.21	3.43	-0.08759	0.13232	-0.79443	0.58496
7600	IMU3	POSITION_3_EXTRA	0x35	150.3	-991.1	-249.9	-21.56	-11.62	9.03	-0.01547	0.14819	-0.77832	0.60938
7600	IMU4	POSITION_4_EXTRA	0x36	173.2	-1013.1	81.5	-27.30	-5.53	9.52	0.16296	-0.04169	-0.68066	0.71240
7608	IMU0	POSITION_0_EXTRA	0x32	-934.5	164.9	306.0	13.93	-25.34	10.29	0.78906	-0.06158	0.57715	0.20337
7608	IMU1	PARENT_BOTTOM_FIXED	0x33	-47.8	-970.1	399.7	-17.57	9.38	-3.01	0.20288	-0.11346	0.55713	-0.79639
7608	IMU2	CHILD_TOP_MOVING	0x34	2.9	-998.9	-305.0	-29.33	13.65	2.73	-0.08667	0.13171	-0.79590	0.58350
7608	IMU3	POSITION_3_EXTRA	0x35	154.7	-989.7	-253.3	-23.24	-10.64	9.94	-0.01627	0.14807	-0.77930	0.60791
7608	IMU4	POSITION_4_EXTRA	0x36	176.7	-1010.6	77.6	-26.39	-6.79	10.08	0.16211	-0.04214	-0.68213	0.71143
7617	IMU0	POSITION_0_EXTRA	0x32	-935.5	166.9	322.1	11.55	-26.11	10.36	0.79004	-0.05994	0.57617	0.20374
7617	IMU1	PARENT_BOTTOM_FIXED	0x33	-50.3	-973.6	393.3	-17.29	11.13	-2.94	0.20215	-0.11316	0.55811	-0.79590
7617	IMU2	CHILD_TOP_MOVING	0x34	1.0	-998.9	-302.6	-25.76	10.43	2.24	-0.08600	0.13123	-0.79688	0.58203
7617	IMU3	POSITION_3_EXTRA	0x35	155.7	-986.2	-257.7	-24.43	-9.17	10.99	-0.01700	0.14783	-0.78027	0.60645
7617	IMU4	POSITION_4_EXTRA	0x36	178.1	-1010.6	73.7	-25.62	-6.72	10.85	0.16113	-0.04260	-0.68311	0.71045
7625	IMU0	POSITION_0_EXTRA	0x32	-932.6	164.5	323.5	10.01	-23.66	8.96	0.79102	-0.05853	0.57471	0.20398
7625	IMU1	PARENT_BOTTOM_FIXED	0x33	-60.0	-991.1	405.0	-16.52	10.64	-2.73	0.20142	-0.11285	0.55908	-0.79541
7625	IMU2	CHILD_TOP_MOVING	0x34	2.0	-993.1	-296.7	-23.38	5.81	1.89	-0.08563	0.13098	-0.79785	0.58105
7625	IMU3	POSITION_3_EXTRA	0x35	158.1	-983.8	-263.0	-23.59	-9.17	11.34	-0.01773	0.14758	-0.78174	0.60498
7625	IMU4	POSITION_4_EXTRA	0x36	180.1	-1003.3	68.8	-25.20	-6.93	11.06	0.16028	-0.04303	-0.68457	0.70898
7633	IMU0	POSITION_0_EXTRA	0x32	-927.2	164.9	332.8	8.47	-23.87	8.61	0.79199	-0.05719	0.57373	0.20422
7633	IMU1	PARENT_BOTTOM_FIXED	0x33	-62.0	-989.7	391.4	-14.77	10.50	-2.52	0.20081	-0.11255	0.56006	-0.79492
7633	IMU2	CHILD_TOP_MOVING	0x34	3.9	-986.2	-304.5	-22.54	2.10	1.89	-0.08545	0.13086	-0.79883	0.57959
7633	IMU3	POSITION_3_EXTRA	0x35	154.7	-975.0	-261.6	-22.54	-9.52	11.55	-0.01851	0.14734	-0.78271	0.60400
7633	IMU4	POSITION_4_EXTRA	0x36	174.7	-999.9	61.0	-24.22	-7.00	11.41	0.15930	-0.04349	-0.68604	0.70801
7642	IMU0	POSITION_0_EXTRA	0x32	-916.5	171.3	349.4	5.18	-26.18	8.54	0.79297	-0.05600	0.57227	0.20483
7642	IMU1	PARENT_BOTTOM_FIXED	0x33	-61.0	-992.1	402.1	-12.95	9.10	-2.31	0.20020	-0.11230	0.56104	-0.79443
7642	IMU2	CHILD_TOP_MOVING	0x34	5.4	-979.9	-304.5	-20.37	-0.35	2.45	-0.08545	0.13074	-0.79980	0.57861
7642	IMU3	POSITION_3_EXTRA	0x35	156.6	-970.1	-267.9	-22.33	-9.87	11.76	-0.01929	0.14722	-0.78369	0.60254
7642	IMU4	POSITION_4_EXTRA	0x36	172.8	-997.0	54.7	-24.01	-7.07	11.76	0.15833	-0.04395	-0.68701	0.70703
7650	IMU0	POSITION_0_EXTRA	0x32	-899.4	169.3	351.8	3.43	-26.53	6.86	0.79395	-0.05496	0.57080	0.20532
7650	IMU1	PARENT_BOTTOM_FIXED	0x33	-66.9	-979.9	387.5	-11.97	9.17	-2.24	0.19958	-0.11200	0.56201	-0.79443
7650	IMU2	CHILD_TOP_MOVING	0x34	15.1	-968.7	-312.3	-17.22	-2.03	2.73	-0.08557	0.13086	-0.80029	0.57764
7650	IMU3	POSITION_3_EXTRA	0x35	150.3	-962.8	-277.7	-22.68	-10.08	12.11	-0.02011	0.14697	-0.78467	0.60107
7650	IMU4	POSITION_4_EXTRA	0x36	168.4	-995.0	44.4	-23.52	-6.37	11.69	0.15735	-0.04443	-0.68848	0.70605
7658	IMU0	POSITION_0_EXTRA	0x32	-910.1	164.9	358.2	2.17	-26.39	5.81	0.79492	-0.05408	0.56934	0.20569
7658	IMU1	PARENT_BOTTOM_FIXED	0x33	-66.4	-973.6	391.4	-9.52	9.73	-2.17	0.19897	-0.11163	0.56250	-0.79395
7658	IMU2	CHILD_TOP_MOVING	0x34	19.0	-967.7	-318.2	-18.06	-1.61	2.94	-0.08557	0.13086	-0.80127	0.57666
7658	IMU3	POSITION_3_EXTRA	0x35	146.4	-963.3	-286.9	-22.26	-11.20	12.11	-0.02101	0.14673	-0.78564	0.59961
7658	IMU4	POSITION_4_EXTRA	0x36	160.1	-998.9	35.1	-22.96	-5.46	11.55	0.15649	-0.04501	-0.68994	0.70508
7667	IMU0	POSITION_0_EXTRA	0x32	-909.1	157.6	363.6	2.03	-26.67	5.67	0.79590	-0.05325	0.56738	0.20618
7667	IMU1	PARENT_BOTTOM_FIXED	0x33	-62.5	-962.8	388.4	-9.17	8.61	-2.03	0.19861	-0.11127	0.56299	-0.79395
7667	IMU2	CHILD_TOP_MOVING	0x34	17.6	-965.3	-320.6	-21.49	0.14	3.50	-0.08551	0.13074	-0.80225	0.57520
7667	IMU3	POSITION_3_EXTRA	0x35	143.5	-967.7	-296.2	-20.09	-11.69	11.48	-0.02194	0.14661	-0.78711	0.59814
7667	IMU4	POSITION_4_EXTRA	0x36	160.1	-1006.7	29.8	-22.33	-5.18	11.48	0.15552	-0.04559	-0.69092	0.70410
7675	IMU0	POSITION_0_EXTRA	0x32	-897.4	164.5	365.0	1.26	-27.02	5.32	0.79736	-0.05246	0.56592	0.20654
7675	IMU1	PARENT_BOTTOM_FIXED	0x33	-62.5	-951.6	380.2	-9.52	9.45	-2.10	0.19812	-0.11078	0.56348	-0.79346
7675	IMU2	CHILD_TOP_MOVING	0x34	10.7	-965.8	-336.7	-21.98	-3.08	3.36	-0.08563	0.13074	-0.80322	0.57373
7675	IMU3	POSITION_3_EXTRA	0x35	144.0	-969.2	-297.2	-19.39	-11.06	11.34	-0.02283	0.14648	-0.78809	0.59717
7675	IMU4	POSITION_4_EXTRA	0x36	159.6	-1011.1	21.0	-21.70	-4.41	11.48	0.15466	-0.04620	-0.69238	0.70264
7683	IMU0	POSITION_0_EXTRA	0x32	-895.0	162.0	365.0	0.70	-26.04	4.48	0.79834	-0.05173	0.56445	0.20703
7683	IMU1	PARENT_BOTTOM_FIXED	0x33	-58.1	-945.7	380.2	-8.96	9.52	-2.31	0.19751	-0.11035	0.56396	-0.79346
7683	IMU2	CHILD_TOP_MOVING	0x34	1.0	-972.1	-339.2	-23.24	-3.99	3.71	-0.08588	0.13086	-0.80420	0.57227
7683	IMU3	POSITION_3_EXTRA	0x35	136.2	-971.6	-298.2	-18.27	-9.73	11.27	-0.02367	0.14636	-0.78857	0.59570
7683	IMU4	POSITION_4_EXTRA	0x36	155.7	-1014.1	8.3	-21.00	-4.55	11.55	0.15381	-0.04681	-0.69336	0.70166
7692	IMU0	POSITION_0_EXTRA	0x32	-896.0	164.5	365.0	-0.84	-23.80	3.57	0.79932	-0.05118	0.56299	0.20740
7692	IMU1	PARENT_BOTTOM_FIXED	0x33	-52.7	-938.9	373.8	-8.33	8.75	-2.66	0.19702	-0.11005	0.56445	-0.79346
7692	IMU2	CHILD_TOP_MOVING	0x34	16.1	-969.7	-341.1	-24.92	-2.31	3.71	-0.08594	0.13086	-0.80518	0.57080
7692	IMU3	POSITION_3_EXTRA	0x35	140.1	-970.6	-300.1	-17.64	-9.94	11.13	-0.02451	0.14612	-0.78955	0.59473
7692	IMU4	POSITION_4_EXTRA	0x36	150.8	-1015.0	1.5	-20.02	-4.83	11.48	0.15283	-0.04739	-0.69482	0.70068
7700	IMU0	POSITION_0_EXTRA	0x32	-897.9	158.6	367.5	-0.42	-23.03	3.01	0.80029	-0.05069	0.56152	0.20776
7700	IMU1	PARENT_BOTTOM_FIXED	0x33	-54.7	-928.7	371.4	-7.00	8.12	-2.87	0.19653	-0.10968	0.56445	-0.79346
7700	IMU2	CHILD_TOP_MOVING	0x34	14.6	-971.6	-344.0	-22.26	-0.91	3.71	-0.08594	0.13086	-0.80615	0.56982
7700	IMU3	POSITION_3_EXTRA	0x35	134.2	-966.2	-312.3	-18.27	-9.45	11.41	-0.02531	0.14587	-0.79053	0.59326
7700	IMU4	POSITION_4_EXTRA	0x36	148.4	-1011.6	-3.9	-19.60	-4.90	11.41	0.15198	-0.04797	-0.69580	0.69971
7708	IMU0	POSITION_0_EXTRA	0x32	-890.6	158.1	367.0	-0.84	-22.96	2.94	0.80127	-0.05020	0.56006	0.20801
7708	IMU1	PARENT_BOTTOM_FIXED	0x33	-53.2	-929.2	373.8	-6.65	8.26	-2.80	0.19604	-0.10931	0.56494	-0.79346
7708	IMU2	CHILD_TOP_MOVING	0x34	14.6	-967.7	-339.6	-20.16	-0.56	3.71	-0.08588	0.13074	-0.80664	0.56836
7708	IMU3	POSITION_3_EXTRA	0x35	129.8	-965.8	-314.8	-18.06	-9.10	11.27	-0.02531	0.14587	-0.79053	0.59326
7708	IMU4	POSITION_4_EXTRA	0x36	144.4	-1014.6	-6.3	-18.97	-4.55	11.13	0.15100	-0.04858	-0.69678	0.69873
7717	IMU0	POSITION_0_EXTRA	0x32	-889.6	158.6	374.8	0.14	-22.12	2.59	0.80176	-0.04968	0.55908	0.20837
7717	IMU1	PARENT_BOTTOM_FIXED	0x33	-52.7	-927.2	368.4	-6.79	8.68	-2.87	0.19556	-0.10895	0.56494	-0.79346
7717	IMU2	CHILD_TOP_MOVING	0x34	8.3	-970.1	-343.1	-17.57	1.61	3.99	-0.08582	0.13049	-0.80762	0.56738
7717	IMU3	POSITION_3_EXTRA	0x35	127.9	-969.2	-317.7	-16.80	-9.45	10.99	-0.02614	0.14563	-0.79150	0.59229
7717	IMU4	POSITION_4_EXTRA	0x36	142.5	-1016.5	-7.8	-18.76	-3.85	10.92	0.15015	-0.04919	-0.69824	0.69775
7725	IMU0	POSITION_0_EXTRA	0x32	-885.7	162.0	379.7	0.14	-21.49	1.82	0.80273	-0.04919	0.55762	0.20862
7725	IMU1	PARENT_BOTTOM_FIXED	0x33	-56.6	-930.6	366.0	-6.37	9.03	-2.73	0.19507	-0.10858	0.56543	-0.79346
7725	IMU2	CHILD_TOP_MOVING	0x34	9.3	-969.2	-345.5	-16.17	1.89	4.34	-0.08575	0.13025	-0.80811	0.56641
7725	IMU3	POSITION_3_EXTRA	0x35	124.9	-969.2	-317.7	-14.84	-9.80	10.36	-0.02696	0.14551	-0.79248	0.59131
7725	IMU4	POSITION_4_EXTRA	0x36	140.5	-1018.0	-5.4	-18.34	-4.20	10.71	0.14929	-0.04977	-0.69922	0.69678
7733	IMU0	POSITION_0_EXTRA	0x32	-888.6	161.5	388.9	2.31	-20.37	1.47	0.80371	-0.04861	0.55615	0.20874
7733	IMU1	PARENT_BOTTOM_FIXED	0x33	-61.0	-932.1	368.4	-6.30	9.31	-2.45	0.19458	-0.10809	0.56592	-0.79297
7733	IMU2	CHILD_TOP_MOVING	0x34	11.7	-967.7	-349.4	-15.19	4.55	4.69	-0.08551	0.12988	-0.80908	0.56592
7733	IMU3	POSITION_3_EXTRA	0x35	124.9	-968.7	-321.1	-13.44	-10.57	9.66	-0.02782	0.14526	-0.79297	0.58984
7733	IMU4	POSITION_4_EXTRA	0x36	142.0	-1018.9	-5.9	-17.85	-3.36	10.57	0.14856	-0.05038	-0.70020	0.69629
7742	IMU0	POSITION_0_EXTRA	0x32	-893.0	166.4	388.4	3.01	-19.53	0.98	0.80469	-0.04800	0.55518	0.20874
7742	IMU1	PARENT_BOTTOM_FIXED	0x33	-63.4	-932.6	370.4	-6.44	8.96	-2.10	0.19409	-0.10760	0.56592	-0.79297
7742	IMU2	CHILD_TOP_MOVING	0x34	7.8	-965.3	-358.7	-13.79	4.55	4.97	-0.08533	0.12952	-0.80957	0.56494
7742	IMU3	POSITION_3_EXTRA	0x35	124.4	-967.2	-325.5	-12.39	-10.01	9.24	-0.02870	0.14514	-0.79395	0.58887
7742	IMU4	POSITION_4_EXTRA	0x36	139.1	-1019.4	-11.2	-17.71	-3.36	10.29	0.14771	-0.05096	-0.70117	0.69531
7750	IMU0	POSITION_0_EXTRA	0x32	-891.6	164.0	390.9	2.66	-20.44	1.26	0.80518	-0.04742	0.55371	0.20886
7750	IMU1	PARENT_BOTTOM_FIXED	0x33	-63.9	-937.9	370.4	-6.44	8.82	-1.68	0.19373	-0.10718	0.56641	-0.79297
7750	IMU2	CHILD_TOP_MOVING	0x34	5.4	-964.3	-364.0	-12.04	3.78	5.46	-0.08527	0.12915	-0.81006	0.56396
7750	IMU3	POSITION_3_EXTRA	0x35	124.4	-968.2	-324.0	-12.11	-9.03	9.17	-0.02953	0.14514	-0.79443	0.58838
7750	IMU4	POSITION_4_EXTRA	0x36	139.6	-1020.4	-14.6	-17.29	-2.94	10.08	0.14697	-0.05154	-0.70215	0.69434
7758	IMU0	POSITION_0_EXTRA	0x32	-889.1	169.8	389.9	2.38	-19.74	1.12	0.80615	-0.04684	0.55273	0.20898
7758	IMU1	PARENT_BOTTOM_FIXED	0x33	-66.4	-946.7	373.8	-6.58	9.31	-1.47	0.19336	-0.10663	0.56689	-0.79297
7758	IMU2	CHILD_TOP_MOVING	0x34	3.9	-966.2	-367.0	-11.34	2.87	5.81	-0.08527	0.12866	-0.81055	0.56348
7758	IMU3	POSITION_3_EXTRA	0x35	124.0	-969.2	-327.0	-11.06	-8.26	8.82	-0.03029	0.14502	-0.79541	0.58740
7758	IMU4	POSITION_4_EXTRA	0x36	139.6	-1019.9	-17.6	-16.52	-1.96	9.80	0.14636	-0.05215	-0.70313	0.69336
7767	IMU0	POSITION_0_EXTRA	0x32	-892.1	170.3	387.5	1.47	-17.85	0.70	0.80713	-0.04636	0.55176	0.20911
7767	IMU1	PARENT_BOTTOM_FIXED	0x33	-67.3	-957.9	376.2	-5.11	8.96	-1.19	0.19287	-0.10614	0.56689	-0.79297
7767	IMU2	CHILD_TOP_MOVING	0x34	6.3	-964.3	-363.6	-11.48	1.47	6.16	-0.08533	0.12830	-0.81152	0.56299
7767	IMU3	POSITION_3_EXTRA	0x35	116.6	-969.2	-335.3	-10.08	-8.12	8.61	-0.03099	0.14478	-0.79590	0.58643
7767	IMU4	POSITION_4_EXTRA	0x36	134.2	-1021.9	-15.6	-15.68	-1.54	9.38	0.14575	-0.05276	-0.70410	0.69287
7775	IMU0	POSITION_0_EXTRA	0x32	-892.6	171.8	393.3	0.63	-17.78	0.84	0.80762	-0.04590	0.55078	0.20923
7775	IMU1	PARENT_BOTTOM_FIXED	0x33	-67.8	-966.7	379.7	-3.78	8.54	-0.91	0.19263	-0.10559	0.56689	-0.79297
7775	IMU2	CHILD_TOP_MOVING	0x34	-2.0	-971.1	-367.5	-10.85	1.61	6.23	-0.08545	0.12793	-0.81201	0.56201
7775	IMU3	POSITION_3_EXTRA	0x35	116.6	-969.2	-338.2	-10.08	-8.12	8.61	-0.03174	0.14465	-0.79639	0.58594
7775	IMU4	POSITION_4_EXTRA	0x36	131.8	-1023.8	-21.5	-14.98	-0.84	9.24	0.14514	-0.05341	-0.70459	0.69189
7783	IMU0	POSITION_0_EXTRA	0x32	-896.9	168.8	404.1	-0.70	-16.03	0.35	0.80811	-0.04559	0.54980	0.20935
7783	IMU1	PARENT_BOTTOM_FIXED	0x33	-65.9	-974.5	382.6	-2.45	7.91	-0.56	0.19226	-0.10510	0.56738	-0.79297
7783	IMU2	CHILD_TOP_MOVING	0x34	9.3	-968.2	-368.9	-10.29	0.28	6.09	-0.08557	0.12756	-0.81250	0.56152
7783	IMU3	POSITION_3_EXTRA	0x35	112.7	-972.1	-338.2	-9.03	-8.05	8.40	-0.03247	0.14453	-0.79688	0.58496
7783	IMU4	POSITION_4_EXTRA	0x36	128.8	-1026.3	-19.0	-14.14	0.00	9.03	0.14453	-0.05408	-0.70557	0.69141
7792	IMU0	POSITION_0_EXTRA	0x32	-891.1	170.3	408.5	-1.68	-14.84	-0.07	0.80908	-0.04538	0.54883	0.20959
7792	IMU1	PARENT_BOTTOM_FIXED	0x33	-66.9	-978.4	387.5	-0.77	7.49	-0.28	0.19202	-0.10461	0.56738	-0.79297
7792	IMU2	CHILD_TOP_MOVING	0x34	0.5	-969.7	-379.2	-9.73	1.33	5.81	-0.08563	0.12720	-0.81299	0.56104
7792	IMU3	POSITION_3_EXTRA	0x35	107.8	-973.1	-343.6	-8.19	-7.98	7.98	-0.03320	0.14441	-0.79736	0.58447
7792	IMU4	POSITION_4_EXTRA	0x36	125.4	-1027.2	-22.4	-12.88	0.49	8.89	0.14404	-0.05478	-0.70605	0.69043
7800	IMU0	POSITION_0_EXTRA	0x32	-893.0	169.8	426.0	-2.45	-14.00	-0.21	0.80957	-0.04523	0.54785	0.20984
7800	IMU1	PARENT_BOTTOM_FIXED	0x33	-62.5	-978.0	392.8	0.70	7.35	0.07	0.19165	-0.10419	0.56738	-0.79346
7800	IMU2	CHILD_TOP_MOVING	0x34	-2.0	-973.6	-382.1	-9.31	1.54	5.74	-0.08575	0.12683	-0.81348	0.56006
7800	IMU3	POSITION_3_EXTRA	0x35	101.5	-973.6	-350.4	-8.19	-8.40	7.84	-0.03397	0.14429	-0.79785	0.58350
7800	IMU4	POSITION_4_EXTRA	0x36	123.5	-1033.1	-29.8	-12.53	0.98	8.75	0.14355	-0.05548	-0.70703	0.68994
7808	IMU0	POSITION_0_EXTRA	0x32	-891.6	167.4	438.7	-3.29	-13.44	0.00	0.81006	-0.04514	0.54639	0.21008
7808	IMU1	PARENT_BOTTOM_FIXED	0x33	-58.6	-976.0	397.2	1.89	7.42	0.28	0.19141	-0.10370	0.56738	-0.79346
7808	IMU2	CHILD_TOP_MOVING	0x34	-2.4	-975.0	-387.5	-9.94	1.47	5.60	-0.08582	0.12659	-0.81396	0.55957
7808	IMU3	POSITION_3_EXTRA	0x35	99.1	-977.5	-352.3	-8.96	-8.82	7.91	-0.03479	0.14417	-0.79834	0.58301
7808	IMU4	POSITION_4_EXTRA	0x36	119.6	-1044.3	-39.0	-12.18	1.75	8.61	0.14319	-0.05615	-0.70752	0.68945
7817	IMU0	POSITION_0_EXTRA	0x32	-892.6	164.0	443.1	-3.29	-11.97	-0.07	0.81104	-0.04507	0.54541	0.21033
7817	IMU1	PARENT_BOTTOM_FIXED	0x33	-51.2	-973.1	399.2	3.15	7.49	0.42	0.19116	-0.10321	0.56738	-0.79346
7817	IMU2	CHILD_TOP_MOVING	0x34	-2.4	-982.3	-399.2	-10.57	0.00	5.25	-0.08594	0.12622	-0.81445	0.55908
7817	IMU3	POSITION_3_EXTRA	0x35	98.6	-984.8	-353.8	-9.45	-10.22	7.63	-0.03558	0.14417	-0.79883	0.58252
7817	IMU4	POSITION_4_EXTRA	0x36	114.7	-1059.4	-51.7	-11.83	2.52	8.33	0.14282	-0.05685	-0.70801	0.68896
7825	IMU0	POSITION_0_EXTRA	0x32	-897.9	166.9	443.1	-2.59	-10.43	0.21	0.81152	-0.04498	0.54492	0.21057
7825	IMU1	PARENT_BOTTOM_FIXED	0x33	-44.9	-968.7	406.0	4.27	7.28	0.42	0.19092	-0.10266	0.56689	-0.79395
7825	IMU2	CHILD_TOP_MOVING	0x34	-5.4	-996.5	-409.9	-11.06	-1.89	4.62	-0.08612	0.12610	-0.81494	0.55811
7825	IMU3	POSITION_3_EXTRA	0x35	97.1	-996.5	-361.1	-9.52	-11.48	7.28	-0.03641	0.14429	-0.79932	0.58154
7825	IMU4	POSITION_4_EXTRA	0x36	107.8	-1072.6	-64.4	-10.50	2.59	7.98	0.14246	-0.05753	-0.70850	0.68848
7833	IMU0	POSITION_0_EXTRA	0x32	-901.3	161.0	450.4	-0.84	-8.54	0.63	0.81201	-0.04483	0.54395	0.21069
7833	IMU1	PARENT_BOTTOM_FIXED	0x33	-37.1	-964.8	408.5	4.97	7.00	0.42	0.19067	-0.10223	0.56641	-0.79443
7833	IMU2	CHILD_TOP_MOVING	0x34	-4.9	-1002.4	-413.8	-10.64	-3.71	4.13	-0.08643	0.12610	-0.81494	0.55762
7833	IMU3	POSITION_3_EXTRA	0x35	97.6	-1007.2	-365.0	-9.31	-12.32	6.65	-0.03726	0.14441	-0.79980	0.58105
7833	IMU4	POSITION_4_EXTRA	0x36	104.4	-1079.5	-75.2	-8.75	2.66	7.49	0.14221	-0.05817	-0.70898	0.68799
7842	IMU0	POSITION_0_EXTRA	0x32	-896.0	160.1	455.3	0.70	-5.18	-0.35	0.81201	-0.04468	0.54346	0.21069
7842	IMU1	PARENT_BOTTOM_FIXED	0x33	-33.2	-960.4	405.5	5.39	6.65	0.28	0.19055	-0.10175	0.56592	-0.79492
7842	IMU2	CHILD_TOP_MOVING	0x34	-4.9	-1010.6	-412.8	-8.89	-5.39	3.08	-0.08679	0.12622	-0.81543	0.55713
7842	IMU3	POSITION_3_EXTRA	0x35	93.7	-1016.5	-366.5	-7.91	-13.23	5.60	-0.03818	0.14465	-0.80029	0.58008
7842	IMU4	POSITION_4_EXTRA	0x36	103.5	-1085.3	-77.1	-7.63	3.71	7.07	0.14209	-0.05881	-0.70898	0.68750
7850	IMU0	POSITION_0_EXTRA	0x32	-899.9	150.8	446.5	1.33	-3.15	-1.05	0.81250	-0.04462	0.54297	0.21057
7850	IMU1	PARENT_BOTTOM_FIXED	0x33	-32.7	-955.5	402.1	5.60	6.93	0.14	0.19019	-0.10132	0.56543	-0.79541
7850	IMU2	CHILD_TOP_MOVING	0x34	-4.4	-1017.5	-405.5	-6.79	-6.72	2.17	-0.08722	0.12634	-0.81592	0.55664
7850	IMU3	POSITION_3_EXTRA	0x35	94.7	-1023.3	-367.5	-5.74	-13.09	4.48	-0.03903	0.14490	-0.80029	0.57959
7850	IMU4	POSITION_4_EXTRA	0x36	106.9	-1091.7	-81.0	-6.37	5.04	6.58	0.14197	-0.05951	-0.70947	0.68701
7858	IMU0	POSITION_0_EXTRA	0x32	-896.0	142.5	433.8	2.45	-1.54	-1.54	0.81250	-0.04456	0.54297	0.21045
7858	IMU1	PARENT_BOTTOM_FIXED	0x33	-33.7	-953.6	402.6	5.46	6.44	0.00	0.18994	-0.10089	0.56494	-0.79590
7858	IMU2	CHILD_TOP_MOVING	0x34	-4.4	-1023.8	-402.6	-4.06	-7.07	1.33	-0.08765	0.12659	-0.81592	0.55615
7858	IMU3	POSITION_3_EXTRA	0x35	95.6	-1030.2	-370.4	-3.78	-12.88	3.57	-0.03986	0.14526	-0.80029	0.57959
7858	IMU4	POSITION_4_EXTRA	0x36	114.2	-1094.1	-82.5	-6.30	7.35	6.16	0.14197	-0.06027	-0.70947	0.68701
7867	IMU0	POSITION_0_EXTRA	0x32	-895.0	131.8	423.1	2.10	0.56	-2.31	0.81250	-0.04465	0.54297	0.21008
7867	IMU1	PARENT_BOTTOM_FIXED	0x33	-33.7	-952.6	401.1	6.44	6.30	-0.28	0.18970	-0.10052	0.56445	-0.79639
7867	IMU2	CHILD_TOP_MOVING	0x34	0.5	-1029.7	-397.7	-0.56	-6.79	0.70	-0.08813	0.12683	-0.81592	0.55615
7867	IMU3	POSITION_3_EXTRA	0x35	102.0	-1032.6	-371.4	-1.33	-11.34	2.94	-0.04059	0.14563	-0.80029	0.57910
7867	IMU4	POSITION_4_EXTRA	0x36	112.2	-1100.4	-82.0	-5.53	8.47	5.46	0.14209	-0.06107	-0.70996	0.68652
7875	IMU0	POSITION_0_EXTRA	0x32	-892.6	126.4	412.4	2.24	0.49	-3.29	0.81299	-0.04480	0.54297	0.20972
7875	IMU1	PARENT_BOTTOM_FIXED	0x33	-37.6	-946.7	400.2	6.09	6.37	-0.42	0.18945	-0.10010	0.56396	-0.79688
7875	IMU2	CHILD_TOP_MOVING	0x34	2.4	-1029.7	-389.9	3.64	-5.95	0.56	-0.08850	0.12695	-0.81592	0.55615
7875	IMU3	POSITION_3_EXTRA	0x35	105.9	-1032.6	-374.8	0.91	-9.03	2.31	-0.04117	0.14587	-0.80029	0.57910
7875	IMU4	POSITION_4_EXTRA	0x36	112.7	-1094.6	-84.9	-0.91	5.95	4.34	0.14221	-0.06161	-0.70996	0.68652
7883	IMU0	POSITION_0_EXTRA	0x32	-890.1	124.0	416.3	1.33	0.70	-3.78	0.81299	-0.04501	0.54297	0.20935
7883	IMU1	PARENT_BOTTOM_FIXED	0x33	-43.4	-947.2	408.9	6.23	6.16	-0.56	0.18933	-0.09967	0.56348	-0.79736
7883	IMU2	CHILD_TOP_MOVING	0x34	3.4	-1020.9	-380.6	8.33	-4.13	0.70	-0.08887	0.12708	-0.81543	0.55664
7883	IMU3	POSITION_3_EXTRA	0x35	107.8	-1026.3	-376.2	3.15	-5.74	1.82	-0.04160	0.14600	-0.80029	0.57910
7883	IMU4	POSITION_4_EXTRA	0x36	114.2	-1088.2	-80.5	1.89	5.46	3.29	0.14233	-0.06207	-0.70947	0.68652
7892	IMU0	POSITION_0_EXTRA	0x32	-880.8	133.7	413.3	2.59	2.03	-5.18	0.81299	-0.04517	0.54297	0.20898
7892	IMU1	PARENT_BOTTOM_FIXED	0x33	-46.4	-941.8	403.1	5.95	6.51	-0.77	0.18909	-0.09918	0.56250	-0.79785
7892	IMU2	CHILD_TOP_MOVING	0x34	1.5	-1014.6	-371.4	11.69	-0.91	1.05	-0.08911	0.12695	-0.81494	0.55713
7892	IMU3	POSITION_3_EXTRA	0x35	107.4	-1018.0	-374.8	4.48	-1.33	1.68	-0.04175	0.14587	-0.80029	0.57959
7892	IMU4	POSITION_4_EXTRA	0x36	111.8	-1079.9	-78.1	3.57	6.93	2.24	0.14258	-0.06250	-0.70947	0.68701
7900	IMU0	POSITION_0_EXTRA	0x32	-886.7	138.1	419.2	3.36	3.08	-6.16	0.81299	-0.04532	0.54297	0.20837
7900	IMU1	PARENT_BOTTOM_FIXED	0x33	-51.2	-940.9	408.0	5.46	6.58	-0.98	0.18884	-0.09875	0.56201	-0.79834
7900	IMU2	CHILD_TOP_MOVING	0x34	-2.0	-1008.7	-363.1	14.84	3.64	1.68	-0.08911	0.12659	-0.81445	0.55811
7900	IMU3	POSITION_3_EXTRA	0x35	103.5	-1010.2	-367.0	4.97	3.08	1.75	-0.04166	0.14563	-0.79980	0.58008
7900	IMU4	POSITION_4_EXTRA	0x36	107.8	-1072.1	-80.0	5.67	6.93	1.47	0.14294	-0.06293	-0.70898	0.68701
7908	IMU0	POSITION_0_EXTRA	0x32	-882.3	146.4	418.2	4.27	2.66	-6.23	0.81299	-0.04538	0.54297	0.20789
7908	IMU1	PARENT_BOTTOM_FIXED	0x33	-53.7	-941.4	408.9	4.97	6.79	-1.19	0.18860	-0.09827	0.56152	-0.79883
7908	IMU2	CHILD_TOP_MOVING	0x34	-2.4	-1002.8	-357.7	16.80	9.66	2.31	-0.08911	0.12659	-0.81445	0.55811
7908	IMU3	POSITION_3_EXTRA	0x35	103.5	-1004.8	-358.2	4.83	7.63	1.96	-0.04132	0.14514	-0.79980	0.58008
7908	IMU4	POSITION_4_EXTRA	0x36	108.8	-1064.3	-68.8	7.14	6.93	0.98	0.14331	-0.06323	-0.70850	0.68750
7917	IMU0	POSITION_0_EXTRA	0x32	-876.9	151.8	421.1	5.53	3.08	-6.37	0.81299	-0.04532	0.54346	0.20728
7917	IMU1	PARENT_BOTTOM_FIXED	0x33	-57.1	-942.3	411.9	5.11	6.65	-1.40	0.18835	-0.09778	0.56104	-0.79932
7917	IMU2	CHILD_TOP_MOVING	0x34	-2.9	-995.0	-356.7	17.50	15.61	3.01	-0.08881	0.12585	-0.81348	0.55957
7917	IMU3	POSITION_3_EXTRA	0x35	99.1	-1000.4	-351.8	4.90	10.99	2.24	-0.04077	0.14453	-0.79980	0.58057
7917	IMU4	POSITION_4_EXTRA	0x36	102.0	-1057.5	-59.0	8.54	7.63	0.28	0.14368	-0.06360	-0.70801	0.68799
7925	IMU0	POSITION_0_EXTRA	0x32	-879.9	154.2	417.7	7.07	4.34	-6.65	0.81299	-0.04517	0.54346	0.20667
7925	IMU1	PARENT_BOTTOM_FIXED	0x33	-55.1	-946.7	408.5	5.46	6.44	-1.82	0.18799	-0.09735	0.56055	-0.79980
7925	IMU2	CHILD_TOP_MOVING	0x34	-9.8	-989.2	-359.2	17.78	19.32	3.36	-0.08813	0.12494	-0.81299	0.56055
7925	IMU3	POSITION_3_EXTRA	0x35	92.7	-995.0	-350.9	5.67	11.97	1.68	-0.04016	0.14392	-0.79932	0.58105
7925	IMU4	POSITION_4_EXTRA	0x36	96.6	-1054.1	-52.7	9.31	7.77	-0.14	0.14417	-0.06390	-0.70752	0.68799
7933	IMU0	POSITION_0_EXTRA	0x32	-884.3	153.7	409.9	8.26	4.97	-6.65	0.81299	-0.04498	0.54395	0.20593
7933	IMU1	PARENT_BOTTOM_FIXED	0x33	-56.1	-949.2	408.9	6.65	6.30	-2.03	0.18774	-0.09692	0.56006	-0.80029
7933	IMU2	CHILD_TOP_MOVING	0x34	-20.0	-987.2	-366.0	16.52	19.46	3.29	-0.08734	0.12384	-0.81250	0.56152
7933	IMU3	POSITION_3_EXTRA	0x35	83.4	-995.5	-347.5	7.00	11.41	0.77	-0.03958	0.14343	-0.79932	0.58154
7933	IMU4	POSITION_4_EXTRA	0x36	95.2	-1054.1	-40.0	10.22	7.42	-0.49	0.14465	-0.06415	-0.70703	0.68848
7942	IMU0	POSITION_0_EXTRA	0x32	-888.2	156.6	408.0	8.61	6.72	-6.58	0.81299	-0.04480	0.54443	0.20520
7942	IMU1	PARENT_BOTTOM_FIXED	0x33	-56.1	-949.2	406.0	8.05	5.81	-2.10	0.18750	-0.09650	0.55957	-0.80078
7942	IMU2	CHILD_TOP_MOVING	0x34	-23.4	-986.2	-373.8	15.40	15.89	2.80	-0.08649	0.12274	-0.81152	0.56396
7942	IMU3	POSITION_3_EXTRA	0x35	82.5	-997.5	-339.6	8.89	10.29	-0.42	-0.03900	0.14294	-0.79883	0.58203
7942	IMU4	POSITION_4_EXTRA	0x36	96.1	-1051.2	-29.8	10.92	7.00	-0.63	0.14502	-0.06439	-0.70654	0.68896
7950	IMU0	POSITION_0_EXTRA	0x32	-895.5	158.6	408.0	9.17	8.68	-6.58	0.81250	-0.04459	0.54492	0.20447
7950	IMU1	PARENT_BOTTOM_FIXED	0x33	-55.1	-950.1	405.0	8.89	5.74	-2.17	0.18726	-0.09607	0.55859	-0.80127
7950	IMU2	CHILD_TOP_MOVING	0x34	-22.4	-984.8	-376.7	15.26	10.64	1.96	-0.08582	0.12183	-0.81152	0.56396
7950	IMU3	POSITION_3_EXTRA	0x35	85.9	-997.5	-326.5	11.34	8.68	-1.68	-0.03851	0.14270	-0.79834	0.58301
7950	IMU4	POSITION_4_EXTRA	0x36	98.6	-1045.8	-28.3	11.97	6.93	-0.98	0.14551	-0.06458	-0.70557	0.68994
7958	IMU0	POSITION_0_EXTRA	0x32	-899.9	159.1	409.4	9.52	9.80	-6.51	0.81250	-0.04437	0.54590	0.20374
7958	IMU1	PARENT_BOTTOM_FIXED	0x33	-54.7	-952.6	407.5	9.59	5.60	-2.17	0.18701	-0.09564	0.55811	-0.80225
7958	IMU2	CHILD_TOP_MOVING	0x34	-19.0	-987.2	-374.8	16.73	7.28	1.40	-0.08539	0.12115	-0.81104	0.56494
7958	IMU3	POSITION_3_EXTRA	0x35	90.3	-995.5	-316.7	13.86	5.74	-2.80	-0.03827	0.14246	-0.79785	0.58398
7958	IMU4	POSITION_4_EXTRA	0x36	103.9	-1043.8	-30.3	12.95	6.65	-1.19	0.14600	-0.06476	-0.70508	0.69043
7967	IMU0	POSITION_0_EXTRA	0x32	-899.9	164.0	408.0	9.73	10.36	-6.23	0.81201	-0.04413	0.54639	0.20300
7967	IMU1	PARENT_BOTTOM_FIXED	0x33	-62.5	-955.5	407.0	10.36	5.67	-2.03	0.18677	-0.09521	0.55713	-0.80273
7967	IMU2	CHILD_TOP_MOVING	0x34	-14.6	-990.2	-366.0	18.62	5.95	1.05	-0.08514	0.12067	-0.81055	0.56592
7967	IMU3	POSITION_3_EXTRA	0x35	95.6	-995.5	-315.2	15.75	3.29	-3.57	-0.03815	0.14246	-0.79688	0.58496
7967	IMU4	POSITION_4_EXTRA	0x36	111.8	-1042.4	-25.4	13.72	6.44	-1.33	0.14636	-0.06494	-0.70459	0.69092
7975	IMU0	POSITION_0_EXTRA	0x32	-896.9	167.9	401.6	9.31	11.13	-5.81	0.81201	-0.04388	0.54736	0.20227
7975	IMU1	PARENT_BOTTOM_FIXED	0x33	-62.5	-958.4	406.0	11.34	5.46	-1.75	0.18652	-0.09473	0.55664	-0.80322
7975	IMU2	CHILD_TOP_MOVING	0x34	-9.8	-991.1	-351.4	20.09	5.88	0.84	-0.08502	0.12024	-0.80957	0.56689
7975	IMU3	POSITION_3_EXTRA	0x35	101.0	-993.1	-317.2	16.80	1.82	-4.13	-0.03806	0.14246	-0.79639	0.58594
7975	IMU4	POSITION_4_EXTRA	0x36	117.1	-1039.0	-20.5	14.84	6.65	-1.40	0.14685	-0.06506	-0.70361	0.69141
7983	IMU0	POSITION_0_EXTRA	0x32	-894.0	169.8	393.8	9.17	11.69	-5.74	0.81152	-0.04361	0.54785	0.20166
7983	IMU1	PARENT_BOTTOM_FIXED	0x33	-65.9	-963.8	401.1	12.81	5.46	-1.75	0.18640	-0.09424	0.55566	-0.80420
7983	IMU2	CHILD_TOP_MOVING	0x34	-5.4	-991.1	-337.7	20.51	7.14	0.91	-0.08490	0.11981	-0.80859	0.56836
7983	IMU3	POSITION_3_EXTRA	0x35	103.5	-990.2	-320.1	16.80	1.19	-4.20	-0.03799	0.14258	-0.79541	0.58691
7983	IMU4	POSITION_4_EXTRA	0x36	120.0	-1035.5	-21.0	16.66	6.44	-1.40	0.14734	-0.06519	-0.70313	0.69238
7992	IMU0	POSITION_0_EXTRA	0x32	-892.6	167.4	386.0	8.96	12.11	-5.95	0.81104	-0.04340	0.54883	0.20093
7992	IMU1	PARENT_BOTTOM_FIXED	0x33	-71.2	-964.3	404.1	15.40	5.18	-1.75	0.18628	-0.09369	0.55469	-0.80469
7992	IMU2	CHILD_TOP_MOVING	0x34	-4.9	-989.2	-331.4	19.81	8.47	1.12	-0.08472	0.11932	-0.80811	0.56982
7992	IMU3	POSITION_3_EXTRA	0x35	104.9	-988.2	-323.1	16.66	2.03	-3.99	-0.03787	0.14270	-0.79492	0.58789
7992	IMU4	POSITION_4_EXTRA	0x36	124.4	-1035.5	-19.5	18.13	6.30	-1.26	0.14771	-0.06531	-0.70215	0.69287
8000	IMU0	POSITION_0_EXTRA	0x32	-896.5	166.9	380.6	8.40	12.74	-6.51	0.81055	-0.04327	0.54980	0.20020
8000	IMU1	PARENT_BOTTOM_FIXED	0x33	-76.6	-957.9	409.4	17.99	4.34	-1.54	0.18628	-0.09308	0.55371	-0.80566
8000	IMU2	CHILD_TOP_MOVING	0x34	-5.4	-990.6	-332.3	18.27	9.59	1.26	-0.08453	0.11871	-0.80713	0.57080
8000	IMU3	POSITION_3_EXTRA	0x35	105.4	-988.2	-324.0	16.80	3.78	-3.99	-0.03763	0.14270	-0.79395	0.58887
8000	IMU4	POSITION_4_EXTRA	0x36	127.9	-1037.5	-15.1	19.39	5.95	-1.05	0.14819	-0.06531	-0.70117	0.69385
8008	IMU0	POSITION_0_EXTRA	0x32	-900.4	164.9	375.8	7.00	13.02	-7.00	0.81006	-0.04324	0.55078	0.19958
8008	IMU1	PARENT_BOTTOM_FIXED	0x33	-80.5	-950.6	404.6	19.53	3.78	-0.84	0.18628	-0.09253	0.55225	-0.80664
8008	IMU2	CHILD_TOP_MOVING	0x34	-7.8	-996.0	-335.7	16.31	10.78	1.75	-0.08423	0.11810	-0.80615	0.57227
8008	IMU3	POSITION_3_EXTRA	0x35	107.8	-991.6	-318.2	17.29	5.74	-3.92	-0.03732	0.14258	-0.79346	0.59033
8008	IMU4	POSITION_4_EXTRA	0x36	132.7	-1042.9	-13.2	20.44	5.04	-0.63	0.14856	-0.06537	-0.70020	0.69482
8017	IMU0	POSITION_0_EXTRA	0x32	-903.3	161.0	374.3	5.74	13.93	-7.91	0.80957	-0.04337	0.55176	0.19885
8017	IMU1	PARENT_BOTTOM_FIXED	0x33	-90.3	-941.4	414.8	19.46	3.08	0.14	0.18640	-0.09186	0.55127	-0.80713
8017	IMU2	CHILD_TOP_MOVING	0x34	-14.6	-996.5	-341.1	15.19	12.04	2.24	-0.08380	0.11743	-0.80566	0.57324
8017	IMU3	POSITION_3_EXTRA	0x35	112.2	-998.4	-308.4	17.85	6.51	-3.85	-0.03693	0.14246	-0.79248	0.59131
8017	IMU4	POSITION_4_EXTRA	0x36	138.6	-1043.3	-6.8	21.42	3.64	-0.07	0.14893	-0.06531	-0.69873	0.69580
8025	IMU0	POSITION_0_EXTRA	0x32	-907.2	159.6	373.8	4.06	14.70	-9.03	0.80908	-0.04364	0.55273	0.19812
8025	IMU1	PARENT_BOTTOM_FIXED	0x33	-94.2	-939.4	418.7	19.46	1.75	0.84	0.18665	-0.09125	0.54980	-0.80811
8025	IMU2	CHILD_TOP_MOVING	0x34	-21.0	-994.1	-341.6	15.19	12.04	2.24	-0.08331	0.11670	-0.80518	0.57422
8025	IMU3	POSITION_3_EXTRA	0x35	115.2	-997.5	-300.1	19.04	6.09	-3.78	-0.03656	0.14233	-0.79150	0.59277
8025	IMU4	POSITION_4_EXTRA	0x36	145.9	-1035.5	1.5	22.54	2.24	0.63	0.14917	-0.06519	-0.69775	0.69678
8033	IMU0	POSITION_0_EXTRA	0x32	-903.8	160.1	371.4	2.66	15.54	-10.43	0.80859	-0.04407	0.55371	0.19739
8033	IMU1	PARENT_BOTTOM_FIXED	0x33	-101.5	-937.4	414.3	19.88	0.84	1.40	0.18701	-0.09058	0.54883	-0.80908
8033	IMU2	CHILD_TOP_MOVING	0x34	-21.0	-994.1	-341.6	15.68	12.04	2.94	-0.08289	0.11591	-0.80469	0.57520
8033	IMU3	POSITION_3_EXTRA	0x35	116.1	-994.1	-291.8	20.44	5.25	-3.36	-0.03629	0.14221	-0.79053	0.59375
8033	IMU4	POSITION_4_EXTRA	0x36	150.8	-1022.8	11.2	23.73	0.91	1.54	0.14941	-0.06494	-0.69678	0.69824
8042	IMU0	POSITION_0_EXTRA	0x32	-904.8	161.0	364.5	1.40	16.10	-12.11	0.80811	-0.04462	0.55469	0.19666
8042	IMU1	PARENT_BOTTOM_FIXED	0x33	-107.8	-931.1	415.3	20.44	0.07	1.96	0.18750	-0.08997	0.54736	-0.81006
8042	IMU2	CHILD_TOP_MOVING	0x34	-31.7	-983.8	-328.9	19.32	9.80	4.69	-0.08264	0.11499	-0.80420	0.57617
8042	IMU3	POSITION_3_EXTRA	0x35	115.2	-986.2	-287.4	21.98	4.41	-2.66	-0.03613	0.14209	-0.78955	0.59521
8042	IMU4	POSITION_4_EXTRA	0x36	155.7	-1010.6	21.5	24.50	-0.63	2.66	0.14954	-0.06464	-0.69531	0.69922
8050	IMU0	POSITION_0_EXTRA	0x32	-900.8	164.5	355.8	0.35	16.24	-13.72	0.80762	-0.04529	0.55566	0.19580
8050	IMU1	PARENT_BOTTOM_FIXED	0x33	-117.1	-920.9	420.7	19.32	-1.40	2.73	0.18799	-0.08936	0.54590	-0.81055
8050	IMU2	CHILD_TOP_MOVING	0x34	-31.7	-983.8	-315.7	19.32	9.80	4.69	-0.08258	0.11407	-0.80322	0.57764
8050	IMU3	POSITION_3_EXTRA	0x35	109.8	-977.5	-284.0	22.96	3.78	-1.54	-0.03607	0.14197	-0.78857	0.59668
8050	IMU4	POSITION_4_EXTRA	0x36	158.1	-998.9	30.7	25.62	-2.52	4.06	0.14941	-0.06427	-0.69434	0.70068
8058	IMU0	POSITION_0_EXTRA	0x32	-902.3	164.5	348.4	-0.70	16.59	-15.33	0.80713	-0.04608	0.55664	0.19495
8058	IMU1	PARENT_BOTTOM_FIXED	0x33	-125.9	-917.9	420.7	16.87	-3.15	3.43	0.18872	-0.08881	0.54492	-0.81152
8058	IMU2	CHILD_TOP_MOVING	0x34	-37.6	-974.5	-315.7	20.51	8.68	5.81	-0.08270	0.11310	-0.80273	0.57861
8058	IMU3	POSITION_3_EXTRA	0x35	106.9	-966.7	-280.1	23.31	2.73	0.00	-0.03616	0.14172	-0.78760	0.59814
8058	IMU4	POSITION_4_EXTRA	0x36	161.0	-987.2	38.1	26.53	-4.06	5.74	0.14929	-0.06390	-0.69287	0.70215
8067	IMU0	POSITION_0_EXTRA	0x32	-898.9	167.4	342.1	-1.68	16.24	-16.66	0.80664	-0.04697	0.55762	0.19397
8067	IMU1	PARENT_BOTTOM_FIXED	0x33	-134.2	-915.5	416.8	15.05	-4.48	3.99	0.18945	-0.08826	0.54395	-0.81201
8067	IMU2	CHILD_TOP_MOVING	0x34	-43.4	-967.2	-302.6	21.21	7.84	7.42	-0.08295	0.11206	-0.80176	0.58008
8067	IMU3	POSITION_3_EXTRA	0x35	108.8	-959.9	-267.9	23.52	2.17	1.75	-0.03635	0.14148	-0.78662	0.59961
8067	IMU4	POSITION_4_EXTRA	0x36	163.5	-979.9	42.5	26.46	-5.53	7.56	0.14893	-0.06354	-0.69141	0.70361
8075	IMU0	POSITION_0_EXTRA	0x32	-898.4	172.8	340.1	-2.24	15.96	-18.20	0.80615	-0.04788	0.55859	0.19312
8075	IMU1	PARENT_BOTTOM_FIXED	0x33	-141.0	-913.5	418.2	13.58	-5.67	4.27	0.19031	-0.08783	0.54297	-0.81250
8075	IMU2	CHILD_TOP_MOVING	0x34	-43.4	-960.9	-291.3	22.26	7.14	9.17	-0.08337	0.11090	-0.80078	0.58154
8075	IMU3	POSITION_3_EXTRA	0x35	114.2	-956.0	-249.4	23.87	1.75	3.50	-0.03662	0.14111	-0.78516	0.60107
8075	IMU4	POSITION_4_EXTRA	0x36	164.9	-974.5	48.3	25.76	-6.79	9.66	0.14844	-0.06317	-0.68994	0.70508
8083	IMU0	POSITION_0_EXTRA	0x32	-898.4	172.8	339.6	-2.59	15.33	-19.04	0.80566	-0.04883	0.55957	0.19214
8083	IMU1	PARENT_BOTTOM_FIXED	0x33	-141.0	-911.6	412.4	12.25	-7.21	4.62	0.19116	-0.08746	0.54199	-0.81299
8083	IMU2	CHILD_TOP_MOVING	0x34	-42.9	-957.5	-283.0	23.66	5.74	10.85	-0.08386	0.10974	-0.79980	0.58301
8083	IMU3	POSITION_3_EXTRA	0x35	117.1	-952.6	-237.7	24.22	0.56	5.32	-0.03702	0.14063	-0.78418	0.60254
8083	IMU4	POSITION_4_EXTRA	0x36	164.0	-974.0	49.8	24.71	-7.14	11.69	0.14783	-0.06293	-0.68896	0.70654
8092	IMU0	POSITION_0_EXTRA	0x32	-899.9	173.7	335.3	-3.22	13.02	-19.60	0.80518	-0.04980	0.56055	0.19116
8092	IMU1	PARENT_BOTTOM_FIXED	0x33	-140.1	-913.5	411.4	11.20	-8.61	5.04	0.19214	-0.08722	0.54150	-0.81299
8092	IMU2	CHILD_TOP_MOVING	0x34	-44.4	-956.0	-275.2	25.41	3.15	12.25	-0.08466	0.10858	-0.79883	0.58447
8092	IMU3	POSITION_3_EXTRA	0x35	114.7	-953.6	-231.3	24.71	-0.98	6.86	-0.03757	0.14026	-0.78320	0.60400
8092	IMU4	POSITION_4_EXTRA	0x36	160.1	-973.1	54.2	23.80	-8.26	13.86	0.14709	-0.06274	-0.68750	0.70752
8100	IMU0	POSITION_0_EXTRA	0x32	-899.9	166.9	337.7	-3.57	10.57	-20.30	0.80469	-0.05081	0.56104	0.19019
8100	IMU1	PARENT_BOTTOM_FIXED	0x33	-137.6	-910.6	407.5	11.62	-9.73	5.60	0.19324	-0.08704	0.54053	-0.81348
8100	IMU2	CHILD_TOP_MOVING	0x34	-47.3	-956.5	-267.9	27.02	-0.56	13.44	-0.08569	0.10748	-0.79785	0.58643
8100	IMU3	POSITION_3_EXTRA	0x35	110.8	-955.0	-230.3	26.18	-2.94	7.98	-0.03833	0.13977	-0.78174	0.60596
8100	IMU4	POSITION_4_EXTRA	0x36	158.1	-973.6	62.5	24.36	-10.64	16.17	0.14600	-0.06256	-0.68652	0.70898
8108	IMU0	POSITION_0_EXTRA	0x32	-896.9	159.1	321.1	-4.13	10.64	-21.21	0.80469	-0.05191	0.56201	0.18921
8108	IMU1	PARENT_BOTTOM_FIXED	0x33	-133.2	-907.2	403.6	12.25	-10.85	6.23	0.19434	-0.08685	0.54004	-0.81348
8108	IMU2	CHILD_TOP_MOVING	0x34	-51.2	-957.0	-265.5	27.23	-5.39	14.70	-0.08710	0.10651	-0.79639	0.58789
8108	IMU3	POSITION_3_EXTRA	0x35	106.4	-957.5	-232.3	28.63	-5.25	8.68	-0.03931	0.13940	-0.78027	0.60742
8108	IMU4	POSITION_4_EXTRA	0x36	154.7	-974.5	67.8	24.85	-12.60	18.06	0.14478	-0.06238	-0.68506	0.71045
8117	IMU0	POSITION_0_EXTRA	0x32	-905.7	153.2	307.0	-5.39	9.66	-22.54	0.80420	-0.05316	0.56250	0.18811
8117	IMU1	PARENT_BOTTOM_FIXED	0x33	-129.8	-901.8	398.7	12.04	-11.90	6.86	0.19543	-0.08679	0.53906	-0.81396
8117	IMU2	CHILD_TOP_MOVING	0x34	-51.2	-958.4	-269.9	28.35	-10.64	15.54	-0.08881	0.10571	-0.79541	0.58936
8117	IMU3	POSITION_3_EXTRA	0x35	106.9	-960.4	-229.4	31.36	-7.14	9.45	-0.04044	0.13916	-0.77930	0.60938
8117	IMU4	POSITION_4_EXTRA	0x36	161.0	-974.0	71.7	24.71	-13.09	20.16	0.14343	-0.06223	-0.68359	0.71240
8125	IMU0	POSITION_0_EXTRA	0x32	-899.9	145.4	303.5	-9.03	8.40	-23.17	0.80371	-0.05466	0.56299	0.18713
8125	IMU1	PARENT_BOTTOM_FIXED	0x33	-125.4	-897.4	401.1	11.13	-12.53	7.63	0.19666	-0.08673	0.53809	-0.81396
8125	IMU2	CHILD_TOP_MOVING	0x34	-54.7	-957.9	-268.9	28.14	-15.40	16.24	-0.09082	0.10510	-0.79395	0.59082
8125	IMU3	POSITION_3_EXTRA	0x35	110.8	-961.8	-224.0	34.30	-8.82	10.36	-0.04169	0.13879	-0.77734	0.61133
8125	IMU4	POSITION_4_EXTRA	0x36	159.6	-971.1	89.3	25.69	-10.92	21.98	0.14221	-0.06223	-0.68262	0.71387
8133	IMU0	POSITION_0_EXTRA	0x32	-900.8	123.5	307.4	-8.47	10.36	-23.87	0.80371	-0.05627	0.56396	0.18604
8133	IMU1	PARENT_BOTTOM_FIXED	0x33	-125.4	-896.0	405.5	10.01	-13.79	8.33	0.19800	-0.08679	0.53760	-0.81445
8133	IMU2	CHILD_TOP_MOVING	0x34	-50.8	-962.8	-272.8	30.10	-19.18	17.22	-0.09308	0.10461	-0.79248	0.59229
8133	IMU3	POSITION_3_EXTRA	0x35	111.3	-961.4	-222.0	37.52	-9.31	11.55	-0.04306	0.13843	-0.77588	0.61328
8133	IMU4	POSITION_4_EXTRA	0x36	145.4	-968.7	85.9	26.74	-12.32	23.59	0.14063	-0.06232	-0.68115	0.71533
8142	IMU0	POSITION_0_EXTRA	0x32	-903.8	127.9	305.5	-7.98	11.13	-25.06	0.80322	-0.05786	0.56445	0.18481
8142	IMU1	PARENT_BOTTOM_FIXED	0x33	-124.9	-893.0	398.7	6.72	-15.12	8.89	0.19934	-0.08691	0.53711	-0.81445
8142	IMU2	CHILD_TOP_MOVING	0x34	-45.4	-963.8	-269.9	32.62	-23.03	17.99	-0.09552	0.10425	-0.79102	0.59424
8142	IMU3	POSITION_3_EXTRA	0x35	118.6	-958.9	-216.2	38.85	-8.89	12.95	-0.04440	0.13806	-0.77393	0.61572
8142	IMU4	POSITION_4_EXTRA	0x36	149.3	-962.8	78.6	25.13	-15.75	25.34	0.13892	-0.06229	-0.67969	0.71729
8150	IMU0	POSITION_0_EXTRA	0x32	-904.8	121.0	314.3	-11.48	9.52	-25.97	0.80322	-0.05969	0.56494	0.18372
8150	IMU1	PARENT_BOTTOM_FIXED	0x33	-125.4	-900.8	409.4	7.98	-16.17	9.59	0.20068	-0.08710	0.53662	-0.81445
8150	IMU2	CHILD_TOP_MOVING	0x34	-37.1	-962.3	-266.4	33.95	-25.34	18.69	-0.09814	0.10394	-0.78955	0.59570
8150	IMU3	POSITION_3_EXTRA	0x35	119.6	-953.6	-214.7	37.52	-7.63	14.91	-0.04578	0.13745	-0.77246	0.61768
8150	IMU4	POSITION_4_EXTRA	0x36	147.9	-963.8	87.4	26.11	-16.38	26.39	0.13708	-0.06226	-0.67822	0.71875
8158	IMU0	POSITION_0_EXTRA	0x32	-899.9	122.0	321.6	-14.91	8.75	-27.09	0.80273	-0.06174	0.56543	0.18274
8158	IMU1	PARENT_BOTTOM_FIXED	0x33	-123.5	-894.5	400.2	8.54	-16.38	10.08	0.20215	-0.08728	0.53564	-0.81445
8158	IMU2	CHILD_TOP_MOVING	0x34	-36.1	-958.4	-262.1	36.05	-26.11	19.67	-0.10077	0.10370	-0.78809	0.59766
8158	IMU3	POSITION_3_EXTRA	0x35	119.1	-952.1	-211.3	35.84	-7.14	17.01	-0.04715	0.13672	-0.77100	0.61963
8158	IMU4	POSITION_4_EXTRA	0x36	141.0	-963.3	85.9	23.94	-16.31	27.58	0.13513	-0.06232	-0.67725	0.72021
8167	IMU0	POSITION_0_EXTRA	0x32	-896.5	112.2	324.0	-16.94	8.26	-28.35	0.80273	-0.06396	0.56543	0.18176
8167	IMU1	PARENT_BOTTOM_FIXED	0x33	-124.9	-893.0	402.1	7.21	-16.24	10.43	0.20361	-0.08740	0.53516	-0.81445
8167	IMU2	CHILD_TOP_MOVING	0x34	-35.1	-959.4	-255.7	34.02	-26.46	20.86	-0.10345	0.10333	-0.78662	0.59912
8167	IMU3	POSITION_3_EXTRA	0x35	117.6	-955.0	-210.3	34.44	-7.77	18.83	-0.04865	0.13599	-0.76953	0.62158
8167	IMU4	POSITION_4_EXTRA	0x36	140.1	-967.2	96.1	22.82	-16.80	28.84	0.13318	-0.06241	-0.67578	0.72168
8175	IMU0	POSITION_0_EXTRA	0x32	-901.8	105.9	322.6	-20.58	7.14	-29.96	0.80273	-0.06647	0.56543	0.18091
8175	IMU1	PARENT_BOTTOM_FIXED	0x33	-125.9	-894.5	400.2	5.95	-17.43	10.64	0.20520	-0.08765	0.53467	-0.81445
8175	IMU2	CHILD_TOP_MOVING	0x34	-33.7	-962.8	-250.8	33.18	-23.45	22.47	-0.10602	0.10284	-0.78516	0.60059
8175	IMU3	POSITION_3_EXTRA	0x35	111.3	-958.9	-216.7	34.09	-7.63	20.23	-0.05020	0.13513	-0.76807	0.62354
8175	IMU4	POSITION_4_EXTRA	0x36	145.4	-971.6	91.7	25.55	-16.94	29.82	0.13110	-0.06250	-0.67432	0.72363
8183	IMU0	POSITION_0_EXTRA	0x32	-897.9	95.6	319.2	-22.26	6.44	-30.87	0.80273	-0.06915	0.56592	0.17993
8183	IMU1	PARENT_BOTTOM_FIXED	0x33	-126.9	-894.5	403.1	5.95	-18.76	10.92	0.20667	-0.08795	0.53418	-0.81445
8183	IMU2	CHILD_TOP_MOVING	0x34	-37.6	-962.8	-247.4	31.85	-19.81	24.01	-0.10846	0.10211	-0.78369	0.60205
8183	IMU3	POSITION_3_EXTRA	0x35	113.2	-961.4	-211.8	35.49	-7.14	21.14	-0.05176	0.13428	-0.76660	0.62549
8183	IMU4	POSITION_4_EXTRA	0x36	140.1	-968.7	95.6	25.69	-15.26	31.22	0.12915	-0.06274	-0.67285	0.72510
8192	IMU0	POSITION_0_EXTRA	0x32	-902.8	91.3	318.2	-22.61	7.14	-32.13	0.80273	-0.07184	0.56592	0.17896
8192	IMU1	PARENT_BOTTOM_FIXED	0x33	-126.4	-896.5	401.1	4.41	-19.95	11.13	0.20837	-0.08838	0.53369	-0.81396
8192	IMU2	CHILD_TOP_MOVING	0x34	-40.0	-966.2	-244.5	31.57	-15.61	25.76	-0.11066	0.10107	-0.78223	0.60400
8192	IMU3	POSITION_3_EXTRA	0x35	113.2	-963.8	-204.5	38.36	-5.67	21.84	-0.05328	0.13318	-0.76514	0.62744
8192	IMU4	POSITION_4_EXTRA	0x36	142.0	-959.4	99.1	25.90	-14.70	32.69	0.12708	-0.06305	-0.67188	0.72656
8200	IMU0	POSITION_0_EXTRA	0x32	-910.6	75.6	317.7	-21.28	8.68	-32.69	0.80225	-0.07465	0.56592	0.17786
8200	IMU1	PARENT_BOTTOM_FIXED	0x33	-128.3	-902.3	406.0	4.69	-21.07	11.48	0.20996	-0.08881	0.53320	-0.81396
8200	IMU2	CHILD_TOP_MOVING	0x34	-46.8	-964.3	-243.5	34.02	-13.23	27.16	-0.11285	0.09985	-0.78076	0.60547
8200	IMU3	POSITION_3_EXTRA	0x35	107.8	-957.9	-196.2	40.32	-4.62	22.75	-0.05484	0.13208	-0.76318	0.62939
8200	IMU4	POSITION_4_EXTRA	0x36	136.6	-955.5	108.8	27.86	-14.35	34.30	0.12500	-0.06342	-0.66992	0.72852
8208	IMU0	POSITION_0_EXTRA	0x32	-907.2	84.9	315.7	-19.25	8.96	-33.81	0.80225	-0.07727	0.56641	0.17664
8208	IMU1	PARENT_BOTTOM_FIXED	0x33	-126.9	-900.8	404.6	4.97	-22.40	11.90	0.21179	-0.08936	0.53271	-0.81348
8208	IMU2	CHILD_TOP_MOVING	0x34	-52.2	-961.4	-233.8	32.48	-11.34	28.56	-0.11499	0.09845	-0.77930	0.60693
8208	IMU3	POSITION_3_EXTRA	0x35	104.9	-949.2	-189.8	39.06	-3.64	24.78	-0.05640	0.13086	-0.76172	0.63184
8208	IMU4	POSITION_4_EXTRA	0x36	126.9	-944.3	110.3	27.79	-14.70	35.70	0.12280	-0.06390	-0.66846	0.73047
8217	IMU0	POSITION_0_EXTRA	0x32	-909.6	88.3	319.2	-21.07	8.61	-35.21	0.80225	-0.07996	0.56641	0.17542
8217	IMU1	PARENT_BOTTOM_FIXED	0x33	-125.4	-902.3	400.2	3.08	-23.03	12.18	0.21350	-0.08990	0.53271	-0.81348
8217	IMU2	CHILD_TOP_MOVING	0x34	-61.0	-956.0	-226.4	33.25	-9.03	30.17	-0.11713	0.09686	-0.77832	0.60840
8217	IMU3	POSITION_3_EXTRA	0x35	95.6	-943.3	-187.4	36.96	-2.38	27.23	-0.05801	0.12939	-0.76025	0.63379
8217	IMU4	POSITION_4_EXTRA	0x36	121.0	-938.9	114.7	25.90	-14.77	37.38	0.12280	-0.06390	-0.66846	0.73047
8225	IMU0	POSITION_0_EXTRA	0x32	-909.1	84.4	316.2	-23.38	7.35	-36.12	0.80225	-0.08282	0.56641	0.17432
8225	IMU1	PARENT_BOTTOM_FIXED	0x33	-127.4	-906.2	402.6	2.80	-23.31	12.46	0.21533	-0.09052	0.53223	-0.81299
8225	IMU2	CHILD_TOP_MOVING	0x34	-64.9	-950.6	-218.1	34.51	-8.89	31.78	-0.11926	0.09509	-0.77686	0.61035
8225	IMU3	POSITION_3_EXTRA	0x35	91.7	-945.3	-174.7	34.79	-2.80	29.47	-0.05972	0.12781	-0.75879	0.63525
8225	IMU4	POSITION_4_EXTRA	0x36	117.6	-936.5	120.5	25.48	-15.82	38.92	0.11798	-0.06500	-0.66553	0.73389
8233	IMU0	POSITION_0_EXTRA	0x32	-904.3	78.1	316.7	-23.52	7.77	-36.47	0.80225	-0.08575	0.56641	0.17310
8233	IMU1	PARENT_BOTTOM_FIXED	0x33	-125.9	-908.2	403.6	3.36	-24.50	12.95	0.21716	-0.09119	0.53174	-0.81299
8233	IMU2	CHILD_TOP_MOVING	0x34	-63.4	-954.5	-210.8	33.60	-7.91	32.97	-0.12140	0.09332	-0.77539	0.61182
8233	IMU3	POSITION_3_EXTRA	0x35	90.3	-946.7	-166.9	33.88	-4.76	30.94	-0.06161	0.12622	-0.75732	0.63721
8233	IMU4	POSITION_4_EXTRA	0x36	109.8	-941.4	122.5	24.15	-16.03	40.39	0.11542	-0.06567	-0.66406	0.73535
8242	IMU0	POSITION_0_EXTRA	0x32	-906.2	78.1	315.7	-23.73	7.14	-37.80	0.80225	-0.08868	0.56641	0.17188
8242	IMU1	PARENT_BOTTOM_FIXED	0x33	-122.0	-905.7	403.1	2.66	-25.97	13.30	0.21912	-0.09192	0.53125	-0.81250
8242	IMU2	CHILD_TOP_MOVING	0x34	-65.9	-952.1	-205.4	33.46	-6.65	34.30	-0.12354	0.09137	-0.77393	0.61328
8242	IMU3	POSITION_3_EXTRA	0x35	85.4	-948.2	-162.0	33.88	-7.00	32.34	-0.06372	0.12463	-0.75586	0.63916
8242	IMU4	POSITION_4_EXTRA	0x36	108.8	-938.4	115.2	24.15	-16.94	41.65	0.11542	-0.06567	-0.66406	0.73535
8250	IMU0	POSITION_0_EXTRA	0x32	-905.2	78.1	316.7	-24.99	5.46	-38.29	0.80225	-0.09161	0.56641	0.17078
8250	IMU1	PARENT_BOTTOM_FIXED	0x33	-117.1	-907.7	411.4	2.52	-26.95	13.79	0.22107	-0.09277	0.53076	-0.81201
8250	IMU2	CHILD_TOP_MOVING	0x34	-82.5	-953.6	-206.9	34.93	-8.40	35.56	-0.12585	0.08942	-0.77246	0.61523
8250	IMU3	POSITION_3_EXTRA	0x35	78.1	-948.7	-152.7	34.79	-10.57	33.32	-0.06604	0.12317	-0.75439	0.64063
8250	IMU4	POSITION_4_EXTRA	0x36	97.6	-939.4	137.6	24.99	-14.63	43.33	0.11011	-0.06720	-0.66113	0.73877
8258	IMU0	POSITION_0_EXTRA	0x32	-906.2	65.4	313.3	-27.72	4.90	-39.34	0.80225	-0.09485	0.56592	0.16968
8258	IMU1	PARENT_BOTTOM_FIXED	0x33	-112.2	-904.8	406.0	2.52	-28.91	15.12	0.22302	-0.09363	0.53027	-0.81201
8258	IMU2	CHILD_TOP_MOVING	0x34	-90.3	-949.2	-198.6	35.21	-13.79	36.40	-0.12854	0.08765	-0.77100	0.61670
8258	IMU3	POSITION_3_EXTRA	0x35	73.2	-949.2	-156.6	36.33	-14.35	33.88	-0.06860	0.12189	-0.75293	0.64258
8258	IMU4	POSITION_4_EXTRA	0x36	66.4	-929.6	132.7	23.45	-19.53	43.89	0.10693	-0.06812	-0.66016	0.74023
8267	IMU0	POSITION_0_EXTRA	0x32	-901.8	45.4	319.2	-26.60	5.95	-37.45	0.80225	-0.09796	0.56592	0.16846
8267	IMU1	PARENT_BOTTOM_FIXED	0x33	-112.2	-904.8	406.0	1.26	-28.91	15.12	0.22522	-0.09460	0.53027	-0.81152
8267	IMU2	CHILD_TOP_MOVING	0x34	-89.3	-955.0	-187.4	34.09	-20.72	37.17	-0.13159	0.08612	-0.76953	0.61816
8267	IMU3	POSITION_3_EXTRA	0x35	76.6	-953.6	-157.1	38.57	-16.45	34.16	-0.07129	0.12067	-0.75146	0.64453
8267	IMU4	POSITION_4_EXTRA	0x36	81.5	-934.0	110.8	16.94	-28.42	44.73	0.10693	-0.06812	-0.66016	0.74023
8275	IMU0	POSITION_0_EXTRA	0x32	-893.5	62.0	311.3	-23.73	6.93	-39.90	0.80225	-0.10107	0.56592	0.16711
8275	IMU1	PARENT_BOTTOM_FIXED	0x33	-120.0	-910.1	413.3	1.75	-31.50	16.10	0.22742	-0.09558	0.52979	-0.81104
8275	IMU2	CHILD_TOP_MOVING	0x34	-87.8	-961.4	-181.0	34.58	-28.21	38.15	-0.13513	0.08496	-0.76758	0.61963
8275	IMU3	POSITION_3_EXTRA	0x35	69.3	-951.1	-148.8	41.23	-17.64	34.44	-0.07410	0.11945	-0.74951	0.64648
8275	IMU4	POSITION_4_EXTRA	0x36	97.1	-949.6	136.2	14.84	-18.90	47.18	0.10327	-0.06860	-0.65918	0.74170
8283	IMU0	POSITION_0_EXTRA	0x32	-895.5	59.5	307.4	-30.52	6.79	-41.09	0.80225	-0.10461	0.56543	0.16589
8283	IMU1	PARENT_BOTTOM_FIXED	0x33	-112.7	-905.2	406.5	5.32	-31.78	18.27	0.22974	-0.09662	0.52930	-0.81055
8283	IMU2	CHILD_TOP_MOVING	0x34	-91.7	-954.5	-174.2	35.07	-31.85	39.20	-0.13892	0.08386	-0.76611	0.62109
8283	IMU3	POSITION_3_EXTRA	0x35	65.4	-953.6	-138.1	41.30	-21.14	35.14	-0.07715	0.11841	-0.74805	0.64844
8283	IMU4	POSITION_4_EXTRA	0x36	55.6	-939.4	129.3	18.97	-20.51	46.97	0.10016	-0.06946	-0.65674	0.74414
8292	IMU0	POSITION_0_EXTRA	0x32	-898.4	41.5	309.4	-33.67	4.13	-42.35	0.80225	-0.10828	0.56494	0.16492
8292	IMU1	PARENT_BOTTOM_FIXED	0x33	-112.7	-905.2	404.1	5.32	-31.78	18.27	0.23218	-0.09753	0.52832	-0.81006
8292	IMU2	CHILD_TOP_MOVING	0x34	-99.6	-957.0	-164.9	36.33	-35.84	40.18	-0.14294	0.08289	-0.76416	0.62256
8292	IMU3	POSITION_3_EXTRA	0x35	61.5	-953.6	-139.1	42.77	-23.24	35.91	-0.08032	0.11743	-0.74609	0.65039
8292	IMU4	POSITION_4_EXTRA	0x36	64.4	-937.4	121.5	15.54	-24.43	48.72	0.09686	-0.07031	-0.65674	0.74414
8300	IMU0	POSITION_0_EXTRA	0x32	-890.6	37.1	305.5	-34.86	1.89	-42.63	0.80225	-0.11206	0.56445	0.16382
8300	IMU1	PARENT_BOTTOM_FIXED	0x33	-110.3	-910.1	424.6	0.14	-32.41	19.67	0.23450	-0.09851	0.52832	-0.80957
8300	IMU2	CHILD_TOP_MOVING	0x34	-97.6	-953.1	-158.6	34.02	-37.59	41.30	-0.14697	0.08197	-0.76270	0.62402
8300	IMU3	POSITION_3_EXTRA	0x35	54.7	-955.5	-132.2	45.36	-23.73	36.05	-0.08356	0.11639	-0.74414	0.65234
8300	IMU4	POSITION_4_EXTRA	0x36	60.0	-937.4	130.3	18.27	-20.65	49.42	0.09320	-0.07123	-0.65625	0.74512
8308	IMU0	POSITION_0_EXTRA	0x32	-888.6	31.2	313.8	-36.75	0.49	-43.40	0.80225	-0.11603	0.56348	0.16284
8308	IMU1	PARENT_BOTTOM_FIXED	0x33	-109.3	-905.2	420.7	3.71	-32.90	20.93	0.23694	-0.09955	0.52783	-0.80908
8308	IMU2	CHILD_TOP_MOVING	0x34	-101.0	-954.0	-160.6	31.29	-36.05	42.35	-0.15112	0.08099	-0.76074	0.62500
8308	IMU3	POSITION_3_EXTRA	0x35	56.6	-950.6	-129.8	47.60	-24.43	36.05	-0.08679	0.11542	-0.74170	0.65430
8308	IMU4	POSITION_4_EXTRA	0x36	38.6	-930.6	117.6	16.31	-22.47	49.98	0.08960	-0.07239	-0.65479	0.74756
8317	IMU0	POSITION_0_EXTRA	0x32	-882.8	26.4	308.4	-38.57	-0.28	-43.82	0.80273	-0.12006	0.56299	0.16187
8317	IMU1	PARENT_BOTTOM_FIXED	0x33	-104.9	-896.0	414.8	3.78	-34.23	21.70	0.23950	-0.10046	0.52734	-0.80859
8317	IMU2	CHILD_TOP_MOVING	0x34	-101.0	-952.1	-150.8	28.70	-35.70	43.54	-0.15515	0.07996	-0.75928	0.62598
8317	IMU3	POSITION_3_EXTRA	0x35	54.7	-952.1	-123.5	47.88	-24.29	36.89	-0.09009	0.11444	-0.73975	0.65674
8317	IMU4	POSITION_4_EXTRA	0x36	49.3	-939.9	120.0	16.24	-23.80	50.47	0.08594	-0.07343	-0.65283	0.74902
8325	IMU0	POSITION_0_EXTRA	0x32	-875.0	15.1	304.5	-38.99	-0.07	-44.80	0.80273	-0.12415	0.56201	0.16077
8325	IMU1	PARENT_BOTTOM_FIXED	0x33	-108.8	-896.5	405.0	1.61	-34.16	22.40	0.24219	-0.10150	0.52637	-0.80811
8325	IMU2	CHILD_TOP_MOVING	0x34	-98.1	-956.5	-149.8	25.97	-34.09	44.59	-0.15906	0.07886	-0.75781	0.62695
8325	IMU3	POSITION_3_EXTRA	0x35	50.8	-957.5	-119.1	48.44	-25.13	37.17	-0.09344	0.11340	-0.73779	0.65869
8325	IMU4	POSITION_4_EXTRA	0x36	35.1	-943.8	132.7	17.71	-19.67	51.24	0.08215	-0.07446	-0.65283	0.74902
8333	IMU0	POSITION_0_EXTRA	0x32	-875.5	8.3	299.6	-39.41	0.21	-45.50	0.80322	-0.12830	0.56104	0.15979
8333	IMU1	PARENT_BOTTOM_FIXED	0x33	-109.3	-897.9	402.6	4.48	-35.28	23.03	0.24487	-0.10248	0.52588	-0.80713
8333	IMU2	CHILD_TOP_MOVING	0x34	-110.8	-958.4	-157.6	23.87	-32.06	45.71	-0.16284	0.07764	-0.75684	0.62793
8333	IMU3	POSITION_3_EXTRA	0x35	45.9	-959.9	-110.8	47.60	-25.83	37.87	-0.09680	0.11243	-0.73535	0.66113
8333	IMU4	POSITION_4_EXTRA	0x36	18.5	-938.4	116.1	14.21	-26.11	50.75	0.07874	-0.07556	-0.65186	0.75000
8342	IMU0	POSITION_0_EXTRA	0x32	-872.5	-9.3	296.7	-40.11	1.47	-46.06	0.80176	-0.13232	0.55957	0.15833
8342	IMU1	PARENT_BOTTOM_FIXED	0x33	-106.4	-883.3	398.2	4.20	-34.86	23.10	0.24756	-0.10352	0.52539	-0.80664
8342	IMU2	CHILD_TOP_MOVING	0x34	-116.6	-964.3	-155.7	20.86	-28.49	46.83	-0.16663	0.07623	-0.75586	0.62842
8342	IMU3	POSITION_3_EXTRA	0x35	33.2	-966.7	-110.3	46.41	-25.20	39.20	-0.10028	0.11133	-0.73340	0.66309
8342	IMU4	POSITION_4_EXTRA	0x36	25.4	-959.4	130.8	14.35	-22.61	52.08	0.07483	-0.07648	-0.65088	0.75146
8350	IMU0	POSITION_0_EXTRA	0x32	-876.9	-7.8	295.7	-42.35	1.89	-46.48	0.80176	-0.13672	0.55859	0.15735
8350	IMU1	PARENT_BOTTOM_FIXED	0x33	-105.4	-900.8	408.9	7.49	-38.01	23.38	0.25049	-0.10449	0.52490	-0.80615
8350	IMU2	CHILD_TOP_MOVING	0x34	-127.9	-971.6	-154.7	21.07	-22.68	47.95	-0.17004	0.07446	-0.75488	0.62842
8350	IMU3	POSITION_3_EXTRA	0x35	18.1	-974.5	-97.6	46.06	-24.01	39.83	-0.10376	0.11011	-0.73145	0.66504
8350	IMU4	POSITION_4_EXTRA	0x36	2.4	-951.6	158.6	23.73	-17.71	51.94	0.07117	-0.07745	-0.64990	0.75244
8358	IMU0	POSITION_0_EXTRA	0x32	-877.4	-23.4	301.6	-45.71	0.63	-45.85	0.80176	-0.14124	0.55762	0.15649
8358	IMU1	PARENT_BOTTOM_FIXED	0x33	-93.7	-898.9	408.9	12.32	-38.01	24.22	0.25317	-0.10559	0.52393	-0.80518
8358	IMU2	CHILD_TOP_MOVING	0x34	-147.4	-975.0	-153.2	25.41	-22.68	48.58	-0.17358	0.07257	-0.75342	0.62939
8358	IMU3	POSITION_3_EXTRA	0x35	16.1	-973.1	-87.4	46.55	-23.17	40.46	-0.10718	0.10883	-0.72900	0.66699
8358	IMU4	POSITION_4_EXTRA	0x36	-23.9	-937.0	151.3	24.92	-23.24	51.38	0.06775	-0.07867	-0.64844	0.75391
8367	IMU0	POSITION_0_EXTRA	0x32	-874.0	-40.0	310.9	-46.69	-2.45	-45.71	0.80176	-0.14575	0.55664	0.15576
8367	IMU1	PARENT_BOTTOM_FIXED	0x33	-75.6	-899.4	407.5	12.39	-36.61	24.29	0.25903	-0.10779	0.52148	-0.80518
8367	IMU2	CHILD_TOP_MOVING	0x34	-148.4	-961.4	-150.3	30.10	-24.50	49.00	-0.17725	0.07074	-0.75195	0.63037
8367	IMU3	POSITION_3_EXTRA	0x35	3.4	-969.7	-77.6	49.98	-20.79	40.60	-0.11060	0.10730	-0.72656	0.66895
8367	IMU4	POSITION_4_EXTRA	0x36	-25.9	-931.1	159.1	21.77	-23.59	51.80	0.06396	-0.07977	-0.64697	0.75537
8375	IMU0	POSITION_0_EXTRA	0x32	-890.1	-53.7	316.2	-47.04	-5.18	-46.06	0.80225	-0.15027	0.55518	0.15503
8375	IMU1	PARENT_BOTTOM_FIXED	0x33	-58.1	-912.6	419.2	12.11	-33.74	24.78	0.25903	-0.10779	0.52148	-0.80518
8375	IMU2	CHILD_TOP_MOVING	0x34	-164.9	-951.6	-141.0	31.78	-24.08	49.56	-0.18091	0.06873	-0.75049	0.63135
8375	IMU3	POSITION_3_EXTRA	0x35	-7.3	-959.4	-58.6	51.59	-19.18	40.67	-0.11389	0.10571	-0.72412	0.67139
8375	IMU4	POSITION_4_EXTRA	0x36	-52.7	-933.1	177.6	22.47	-19.95	51.66	0.06015	-0.08081	-0.64551	0.75684
8383	IMU0	POSITION_0_EXTRA	0x32	-888.6	-66.9	314.3	-47.04	-9.73	-45.01	0.80225	-0.15479	0.55371	0.15442
8383	IMU1	PARENT_BOTTOM_FIXED	0x33	-42.0	-918.9	421.1	16.10	-29.75	25.55	0.26416	-0.10950	0.51953	-0.80469
8383	IMU2	CHILD_TOP_MOVING	0x34	-175.2	-947.7	-144.0	34.16	-23.38	50.12	-0.18457	0.06665	-0.74902	0.63232
8383	IMU3	POSITION_3_EXTRA	0x35	-12.2	-962.8	-54.2	47.74	-14.70	42.21	-0.11707	0.10382	-0.72217	0.67383
8383	IMU4	POSITION_4_EXTRA	0x36	-74.7	-928.2	175.2	18.69	-26.81	50.89	0.05649	-0.08209	-0.64404	0.75830
8392	IMU0	POSITION_0_EXTRA	0x32	-886.2	-82.0	320.6	-48.02	-10.50	-43.96	0.80273	-0.15918	0.55176	0.15393
8392	IMU1	PARENT_BOTTOM_FIXED	0x33	-27.3	-919.9	415.8	13.37	-27.30	25.62	0.26660	-0.11029	0.51807	-0.80469
8392	IMU2	CHILD_TOP_MOVING	0x34	-174.2	-947.2	-143.5	35.98	-23.73	50.19	-0.18835	0.06458	-0.74756	0.63330
8392	IMU3	POSITION_3_EXTRA	0x35	-32.2	-970.6	-47.3	45.22	-10.29	43.33	-0.12006	0.10162	-0.72021	0.67578
8392	IMU4	POSITION_4_EXTRA	0x36	-74.2	-932.6	186.4	10.92	-23.45	51.17	0.05255	-0.08295	-0.64307	0.75928
8400	IMU0	POSITION_0_EXTRA	0x32	-894.5	-103.5	326.0	-46.13	-9.52	-44.03	0.80322	-0.16370	0.55029	0.15320
8400	IMU1	PARENT_BOTTOM_FIXED	0x33	-23.4	-937.4	424.6	12.74	-25.13	25.55	0.26880	-0.11090	0.51709	-0.80420
8400	IMU2	CHILD_TOP_MOVING	0x34	-174.2	-951.6	-145.4	35.70	-20.02	49.70	-0.19177	0.06238	-0.74561	0.63428
8400	IMU3	POSITION_3_EXTRA	0x35	-38.6	-977.0	-36.1	46.20	-12.11	42.42	-0.12311	0.09955	-0.71777	0.67773
8400	IMU4	POSITION_4_EXTRA	0x36	-97.1	-934.5	171.3	4.13	-21.91	51.17	0.04865	-0.08411	-0.64160	0.76074
8408	IMU0	POSITION_0_EXTRA	0x32	-896.9	-119.1	327.4	-43.61	-10.22	-43.40	0.80371	-0.16797	0.54883	0.15247
8408	IMU1	PARENT_BOTTOM_FIXED	0x33	-11.2	-937.0	418.7	16.73	-24.78	25.90	0.27100	-0.11157	0.51611	-0.80420
8408	IMU2	CHILD_TOP_MOVING	0x34	-181.5	-955.5	-135.7	36.47	-20.23	48.65	-0.19519	0.06024	-0.74414	0.63574
8408	IMU3	POSITION_3_EXTRA	0x35	-45.4	-975.5	-37.1	46.48	-13.44	41.79	-0.12622	0.09753	-0.71582	0.67969
8408	IMU4	POSITION_4_EXTRA	0x36	-112.2	-944.8	168.8	6.16	-24.43	49.84	0.04468	-0.08545	-0.64111	0.76123
8417	IMU0	POSITION_0_EXTRA	0x32	-890.6	-146.9	341.6	-44.38	-9.73	-41.72	0.80420	-0.17236	0.54688	0.15173
8417	IMU1	PARENT_BOTTOM_FIXED	0x33	-9.8	-934.0	422.1	15.12	-22.75	25.97	0.27319	-0.11206	0.51514	-0.80420
8417	IMU2	CHILD_TOP_MOVING	0x34	-188.4	-950.1	-128.8	38.92	-21.77	47.46	-0.19861	0.05820	-0.74219	0.63721
8417	IMU3	POSITION_3_EXTRA	0x35	-54.7	-967.7	-36.1	46.41	-14.42	41.16	-0.12939	0.09564	-0.71338	0.68164
8417	IMU4	POSITION_4_EXTRA	0x36	-110.8	-939.9	183.5	5.18	-25.55	49.07	0.04065	-0.08661	-0.64063	0.76172
8425	IMU0	POSITION_0_EXTRA	0x32	-898.4	-165.9	363.1	-44.94	-7.35	-41.09	0.80420	-0.17676	0.54541	0.15100
8425	IMU1	PARENT_BOTTOM_FIXED	0x33	-5.9	-929.2	423.1	14.00	-22.54	25.69	0.27539	-0.11267	0.51416	-0.80420
8425	IMU2	CHILD_TOP_MOVING	0x34	-200.6	-948.7	-117.6	36.89	-23.38	46.20	-0.20203	0.05634	-0.74023	0.63818
8425	IMU3	POSITION_3_EXTRA	0x35	-63.0	-979.9	-26.4	42.63	-15.33	41.16	-0.13257	0.09381	-0.71143	0.68359
8425	IMU4	POSITION_4_EXTRA	0x36	-125.4	-956.0	182.5	5.18	-25.55	49.07	0.03665	-0.08765	-0.64014	0.76221
8433	IMU0	POSITION_0_EXTRA	0x32	-893.5	-178.1	362.1	-41.65	-7.00	-40.67	0.80469	-0.18103	0.54346	0.15015
8433	IMU1	PARENT_BOTTOM_FIXED	0x33	-5.9	-926.2	426.5	11.41	-19.88	25.48	0.27734	-0.11316	0.51318	-0.80371
8433	IMU2	CHILD_TOP_MOVING	0x34	-210.8	-963.8	-95.2	34.16	-23.10	44.87	-0.20544	0.05453	-0.73877	0.63916
8433	IMU3	POSITION_3_EXTRA	0x35	-68.8	-985.8	-27.3	40.11	-13.72	40.74	-0.13550	0.09192	-0.70947	0.68506
8433	IMU4	POSITION_4_EXTRA	0x36	-128.8	-955.0	187.9	1.75	-18.62	49.42	0.03281	-0.08881	-0.63916	0.76318
8442	IMU0	POSITION_0_EXTRA	0x32	-892.1	-200.6	357.7	-35.70	-7.07	-40.60	0.80518	-0.18494	0.54199	0.14905
8442	IMU1	PARENT_BOTTOM_FIXED	0x33	-10.2	-918.9	425.0	14.98	-20.09	25.13	0.27930	-0.11359	0.51221	-0.80371
8442	IMU2	CHILD_TOP_MOVING	0x34	-209.4	-960.9	-70.8	31.22	-19.46	43.54	-0.20862	0.05270	-0.73682	0.64063
8442	IMU3	POSITION_3_EXTRA	0x35	-78.1	-995.5	-9.8	37.94	-10.92	40.46	-0.13843	0.08997	-0.70801	0.68652
8442	IMU4	POSITION_4_EXTRA	0x36	-162.0	-965.8	172.8	1.75	-18.62	49.42	0.02907	-0.09027	-0.63867	0.76318
8450	IMU0	POSITION_0_EXTRA	0x32	-893.0	-213.3	359.7	-32.34	-5.32	-39.06	0.80566	-0.18860	0.54053	0.14783
8450	IMU1	PARENT_BOTTOM_FIXED	0x33	-10.7	-897.9	405.0	11.41	-17.71	23.87	0.28101	-0.11401	0.51123	-0.80371
8450	IMU2	CHILD_TOP_MOVING	0x34	-234.7	-973.6	-72.2	28.49	-15.12	42.84	-0.21155	0.05069	-0.73535	0.64111
8450	IMU3	POSITION_3_EXTRA	0x35	-85.9	-1005.3	9.8	38.71	-8.54	39.27	-0.14111	0.08789	-0.70605	0.68848
8450	IMU4	POSITION_4_EXTRA	0x36	-162.0	-965.8	172.8	4.34	-19.46	46.55	0.02536	-0.09161	-0.63818	0.76367
8458	IMU0	POSITION_0_EXTRA	0x32	-894.0	-227.9	352.8	-24.71	-2.17	-38.08	0.80566	-0.19202	0.53955	0.14636
8458	IMU1	PARENT_BOTTOM_FIXED	0x33	-18.1	-897.9	422.6	11.20	-14.70	22.68	0.28271	-0.11426	0.51074	-0.80322
8458	IMU2	CHILD_TOP_MOVING	0x34	-233.8	-977.0	-62.5	27.51	-15.68	41.51	-0.21436	0.04883	-0.73389	0.64209
8458	IMU3	POSITION_3_EXTRA	0x35	-96.6	-1006.3	21.0	39.13	-5.53	38.08	-0.14368	0.08569	-0.70410	0.68994
8458	IMU4	POSITION_4_EXTRA	0x36	-169.8	-960.9	233.3	4.76	-19.46	44.10	0.02159	-0.09259	-0.63770	0.76465
8467	IMU0	POSITION_0_EXTRA	0x32	-900.4	-226.9	344.0	-18.90	-1.82	-37.45	0.80615	-0.19495	0.53857	0.14465
8467	IMU1	PARENT_BOTTOM_FIXED	0x33	-25.9	-889.6	415.3	9.38	-11.62	21.49	0.28418	-0.11438	0.51025	-0.80322
8467	IMU2	CHILD_TOP_MOVING	0x34	-241.6	-976.0	-53.7	26.60	-9.66	40.53	-0.21692	0.04672	-0.73242	0.64307
8467	IMU3	POSITION_3_EXTRA	0x35	-95.2	-1006.3	29.8	38.64	-3.57	37.03	-0.14600	0.08350	-0.70215	0.69189
8467	IMU4	POSITION_4_EXTRA	0x36	-169.8	-960.9	233.3	4.76	-19.46	44.10	0.01807	-0.09375	-0.63672	0.76514
8475	IMU0	POSITION_0_EXTRA	0x32	-904.3	-229.8	338.7	-19.32	-3.92	-35.91	0.80615	-0.19775	0.53711	0.14307
8475	IMU1	PARENT_BOTTOM_FIXED	0x33	-32.2	-895.0	427.5	9.38	-7.98	20.37	0.28564	-0.11426	0.50977	-0.80322
8475	IMU2	CHILD_TOP_MOVING	0x34	-239.1	-972.6	-50.8	25.41	-5.67	39.41	-0.21912	0.04456	-0.73145	0.64404
8475	IMU3	POSITION_3_EXTRA	0x35	-100.5	-999.9	34.6	39.20	-3.57	35.56	-0.14819	0.08136	-0.70020	0.69336
8475	IMU4	POSITION_4_EXTRA	0x36	-163.0	-959.4	209.8	1.82	-23.17	42.70	0.01446	-0.09467	-0.63623	0.76563
8483	IMU0	POSITION_0_EXTRA	0x32	-909.6	-237.2	312.8	-19.67	-2.10	-36.96	0.80664	-0.20068	0.53662	0.14148
8483	IMU1	PARENT_BOTTOM_FIXED	0x33	-40.5	-880.8	423.1	10.29	-5.67	19.04	0.28662	-0.11407	0.50879	-0.80322
8483	IMU2	CHILD_TOP_MOVING	0x34	-247.9	-962.8	-58.1	26.60	1.61	38.99	-0.22083	0.04202	-0.72998	0.64502
8483	IMU3	POSITION_3_EXTRA	0x35	-99.6	-984.8	31.2	39.90	-5.81	33.95	-0.15051	0.07941	-0.69824	0.69531
8483	IMU4	POSITION_4_EXTRA	0x36	-153.7	-960.9	216.7	4.13	-15.47	42.98	0.01128	-0.09595	-0.63525	0.76611
8492	IMU0	POSITION_0_EXTRA	0x32	-918.9	-241.1	319.6	-22.75	-1.61	-36.82	0.80664	-0.20386	0.53564	0.13989
8492	IMU1	PARENT_BOTTOM_FIXED	0x33	-49.3	-878.9	424.1	8.89	-4.06	17.92	0.28784	-0.11377	0.50879	-0.80273
8492	IMU2	CHILD_TOP_MOVING	0x34	-240.6	-946.2	-65.4	28.98	4.97	38.36	-0.22241	0.03940	-0.72900	0.64600
8492	IMU3	POSITION_3_EXTRA	0x35	-101.5	-970.1	23.4	42.77	-7.70	31.85	-0.15271	0.07770	-0.69629	0.69727
8492	IMU4	POSITION_4_EXTRA	0x36	-145.9	-912.6	232.3	4.83	-15.75	41.65	0.00812	-0.09717	-0.63477	0.76660
8500	IMU0	POSITION_0_EXTRA	0x32	-927.7	-247.4	343.6	-26.39	-7.84	-35.77	0.80664	-0.20386	0.53564	0.13879
8500	IMU1	PARENT_BOTTOM_FIXED	0x33	-51.7	-867.7	412.4	9.80	-3.64	17.15	0.28882	-0.11346	0.50830	-0.80273
8500	IMU2	CHILD_TOP_MOVING	0x34	-238.6	-927.7	-69.3	30.24	11.06	37.52	-0.22351	0.03650	-0.72754	0.64697
8500	IMU3	POSITION_3_EXTRA	0x35	-98.6	-951.6	16.1	45.43	-8.47	29.89	-0.15491	0.07611	-0.69385	0.69922
8500	IMU4	POSITION_4_EXTRA	0x36	-145.9	-912.6	232.3	11.13	-14.00	40.95	0.00521	-0.09827	-0.63330	0.76758
8508	IMU0	POSITION_0_EXTRA	0x32	-906.7	-248.9	362.6	-27.23	-11.76	-33.04	0.80664	-0.20703	0.53418	0.13879
8508	IMU1	PARENT_BOTTOM_FIXED	0x33	-64.4	-880.4	435.3	11.20	-4.20	16.87	0.28979	-0.11310	0.50781	-0.80273
8508	IMU2	CHILD_TOP_MOVING	0x34	-239.6	-915.5	-69.3	29.19	13.79	36.61	-0.22461	0.03342	-0.72656	0.64795
8508	IMU3	POSITION_3_EXTRA	0x35	-96.6	-933.1	20.0	44.73	-8.12	29.19	-0.15698	0.07452	-0.69189	0.70068
8508	IMU4	POSITION_4_EXTRA	0x36	-185.9	-924.3	191.8	-2.80	-3.43	42.00	0.00249	-0.10028	-0.63330	0.76758
8517	IMU0	POSITION_0_EXTRA	0x32	-908.2	-240.6	374.8	-18.48	-7.91	-34.65	0.80713	-0.21008	0.53271	0.13782
8517	IMU1	PARENT_BOTTOM_FIXED	0x33	-63.0	-864.2	410.4	14.42	-6.30	16.73	0.29102	-0.11279	0.50684	-0.80322
8517	IMU2	CHILD_TOP_MOVING	0x34	-241.1	-901.3	-59.5	27.09	12.25	35.70	-0.22571	0.03050	-0.72559	0.64893
8517	IMU3	POSITION_3_EXTRA	0x35	-100.0	-931.6	19.5	38.50	-6.44	29.75	-0.15906	0.07288	-0.68994	0.70264
8517	IMU4	POSITION_4_EXTRA	0x36	-185.9	-917.4	200.6	5.67	-15.82	37.17	-0.00044	-0.10132	-0.63232	0.76807
8525	IMU0	POSITION_0_EXTRA	0x32	-894.5	-247.9	366.5	-15.75	-7.98	-32.13	0.80762	-0.21252	0.53125	0.13647
8525	IMU1	PARENT_BOTTOM_FIXED	0x33	-60.5	-865.7	410.9	12.04	-5.11	16.66	0.29199	-0.11255	0.50635	-0.80322
8525	IMU2	CHILD_TOP_MOVING	0x34	-255.2	-903.3	-54.7	23.24	8.12	34.79	-0.22705	0.02789	-0.72461	0.64941
8525	IMU3	POSITION_3_EXTRA	0x35	-109.8	-933.5	24.4	31.57	-3.64	30.31	-0.16089	0.07117	-0.68848	0.70361
8525	IMU4	POSITION_4_EXTRA	0x36	-182.5	-914.5	207.4	3.85	-14.63	35.00	-0.00318	-0.10229	-0.63184	0.76855
8533	IMU0	POSITION_0_EXTRA	0x32	-907.2	-239.1	356.7	-10.29	-5.46	-31.92	0.80811	-0.21484	0.52979	0.13513
8533	IMU1	PARENT_BOTTOM_FIXED	0x33	-63.4	-866.2	408.9	11.90	-4.13	16.52	0.29297	-0.11218	0.50586	-0.80322
8533	IMU2	CHILD_TOP_MOVING	0x34	-271.3	-906.7	-60.5	22.26	-1.61	34.09	-0.22876	0.02579	-0.72363	0.64990
8533	IMU3	POSITION_3_EXTRA	0x35	-120.0	-953.6	35.6	27.58	-2.80	30.24	-0.16272	0.06946	-0.68701	0.70459
8533	IMU4	POSITION_4_EXTRA	0x36	-200.1	-925.2	177.6	-1.26	-14.07	33.39	-0.00589	-0.10327	-0.63135	0.76855
8542	IMU0	POSITION_0_EXTRA	0x32	-906.7	-238.1	349.9	-8.96	-6.02	-30.73	0.80859	-0.21680	0.52881	0.13367
8542	IMU1	PARENT_BOTTOM_FIXED	0x33	-66.4	-868.6	402.1	10.71	-3.64	16.52	0.29395	-0.11188	0.50537	-0.80273
8542	IMU2	CHILD_TOP_MOVING	0x34	-276.2	-917.9	-69.8	19.67	-11.69	32.90	-0.23096	0.02432	-0.72266	0.65039
8542	IMU3	POSITION_3_EXTRA	0x35	-124.4	-975.0	47.8	29.61	-4.62	28.70	-0.16455	0.06787	-0.68555	0.70605
8542	IMU4	POSITION_4_EXTRA	0x36	-196.2	-943.3	174.2	1.33	-11.69	31.50	-0.00832	-0.10425	-0.63135	0.76855
8550	IMU0	POSITION_0_EXTRA	0x32	-897.4	-236.7	356.2	-5.95	-6.72	-28.28	0.80908	-0.21851	0.52783	0.13220
8550	IMU1	PARENT_BOTTOM_FIXED	0x33	-75.6	-874.0	392.8	10.43	-2.73	15.96	0.29492	-0.11151	0.50488	-0.80273
8550	IMU2	CHILD_TOP_MOVING	0x34	-279.1	-938.4	-73.2	19.04	-16.10	31.78	-0.23315	0.02316	-0.72168	0.65088
8550	IMU3	POSITION_3_EXTRA	0x35	-125.4	-983.3	60.5	32.13	-5.95	26.88	-0.16638	0.06647	-0.68408	0.70703
8550	IMU4	POSITION_4_EXTRA	0x36	-185.0	-951.1	192.8	0.70	-8.54	30.45	-0.01046	-0.10529	-0.63086	0.76855
8558	IMU0	POSITION_0_EXTRA	0x32	-907.7	-220.6	379.7	-8.68	-10.64	-25.76	0.80957	-0.21997	0.52686	0.13074
8558	IMU1	PARENT_BOTTOM_FIXED	0x33	-79.1	-880.4	387.5	9.52	-1.26	15.40	0.29590	-0.11108	0.50488	-0.80273
8558	IMU2	CHILD_TOP_MOVING	0x34	-281.1	-943.3	-63.9	19.74	-12.88	31.08	-0.23523	0.02190	-0.72070	0.65137
8558	IMU3	POSITION_3_EXTRA	0x35	-123.5	-982.3	61.5	32.13	-3.36	26.18	-0.16797	0.06494	-0.68262	0.70850
8558	IMU4	POSITION_4_EXTRA	0x36	-178.1	-962.3	194.7	0.35	-0.56	30.73	-0.01221	-0.10669	-0.63037	0.76855
8567	IMU0	POSITION_0_EXTRA	0x32	-885.2	-248.9	376.2	-4.41	-11.13	-24.78	0.81006	-0.22131	0.52539	0.12976
8567	IMU1	PARENT_BOTTOM_FIXED	0x33	-83.9	-888.2	391.4	7.49	0.21	14.70	0.29663	-0.11060	0.50488	-0.80273
8567	IMU2	CHILD_TOP_MOVING	0x34	-281.1	-944.3	-44.9	22.75	-7.14	30.94	-0.23706	0.02032	-0.71973	0.65186
8567	IMU3	POSITION_3_EXTRA	0x35	-125.4	-979.4	65.4	28.91	1.40	26.39	-0.16931	0.06323	-0.68115	0.70947
8567	IMU4	POSITION_4_EXTRA	0x36	-202.5	-957.5	200.6	0.77	2.94	30.03	-0.01385	-0.10834	-0.63037	0.76855
8575	IMU0	POSITION_0_EXTRA	0x32	-899.9	-239.1	370.9	1.96	-6.72	-24.78	0.81104	-0.22253	0.52393	0.12854
8575	IMU1	PARENT_BOTTOM_FIXED	0x33	-80.0	-909.1	401.6	7.00	2.87	14.35	0.29712	-0.11005	0.50488	-0.80225
8575	IMU2	CHILD_TOP_MOVING	0x34	-283.5	-938.4	-28.8	20.30	-2.66	30.38	-0.23853	0.01862	-0.71875	0.65283
8575	IMU3	POSITION_3_EXTRA	0x35	-130.3	-975.0	63.4	26.53	4.13	26.04	-0.17053	0.06146	-0.67969	0.71045
8575	IMU4	POSITION_4_EXTRA	0x36	-202.5	-964.3	196.7	3.71	2.24	28.49	-0.01538	-0.10986	-0.62939	0.76904
8583	IMU0	POSITION_0_EXTRA	0x32	-918.9	-252.3	379.2	0.28	-7.21	-23.59	0.81152	-0.22327	0.52344	0.12708
8583	IMU1	PARENT_BOTTOM_FIXED	0x33	-82.0	-911.1	400.6	6.16	6.16	13.44	0.29761	-0.10937	0.50537	-0.80225
8583	IMU2	CHILD_TOP_MOVING	0x34	-292.3	-931.1	-33.7	18.34	-2.45	29.89	-0.23999	0.01692	-0.71777	0.65283
8583	IMU3	POSITION_3_EXTRA	0x35	-139.6	-978.0	51.2	26.04	7.77	24.99	-0.17151	0.05951	-0.67871	0.71143
8583	IMU4	POSITION_4_EXTRA	0x36	-222.0	-967.7	213.3	7.91	4.55	27.02	-0.01675	-0.11151	-0.62891	0.76953
8592	IMU0	POSITION_0_EXTRA	0x32	-929.2	-256.2	380.2	-0.21	-6.30	-24.08	0.81201	-0.22412	0.52246	0.12573
8592	IMU1	PARENT_BOTTOM_FIXED	0x33	-91.3	-938.4	417.7	3.36	8.47	12.46	0.29785	-0.10864	0.50537	-0.80176
8592	IMU2	CHILD_TOP_MOVING	0x34	-288.4	-927.2	-40.5	13.30	-5.39	28.77	-0.24158	0.01556	-0.71729	0.65332
8592	IMU3	POSITION_3_EXTRA	0x35	-155.2	-980.9	63.4	29.05	8.61	23.17	-0.17236	0.05750	-0.67773	0.71289
8592	IMU4	POSITION_4_EXTRA	0x36	-244.0	-961.4	235.2	14.35	-1.19	23.94	-0.01822	-0.11279	-0.62744	0.77002
8600	IMU0	POSITION_0_EXTRA	0x32	-940.9	-280.6	386.5	-1.54	-6.65	-23.10	0.81250	-0.22510	0.52148	0.12439
8600	IMU1	PARENT_BOTTOM_FIXED	0x33	-95.6	-948.7	413.8	3.85	10.92	11.06	0.29785	-0.10779	0.50586	-0.80176
8600	IMU2	CHILD_TOP_MOVING	0x34	-304.0	-930.6	-57.1	8.61	-1.96	27.44	-0.24292	0.01413	-0.71680	0.65332
8600	IMU3	POSITION_3_EXTRA	0x35	-166.4	-981.4	64.9	32.83	8.26	21.00	-0.17322	0.05554	-0.67627	0.71387
8600	IMU4	POSITION_4_EXTRA	0x36	-235.2	-960.9	235.2	17.50	-2.52	21.91	-0.01958	-0.11383	-0.62598	0.77100
8608	IMU0	POSITION_0_EXTRA	0x32	-954.5	-299.1	398.2	-1.54	-5.39	-21.70	0.81299	-0.22595	0.52051	0.12323
8608	IMU1	PARENT_BOTTOM_FIXED	0x33	-90.3	-946.2	390.4	1.47	14.70	9.52	0.29761	-0.10687	0.50684	-0.80176
8608	IMU2	CHILD_TOP_MOVING	0x34	-312.3	-937.9	-62.0	6.58	2.87	26.67	-0.24390	0.01254	-0.71680	0.65283
8608	IMU3	POSITION_3_EXTRA	0x35	-177.6	-978.0	74.7	30.87	10.36	20.37	-0.17395	0.05350	-0.67480	0.71533
8608	IMU4	POSITION_4_EXTRA	0x36	-255.7	-960.4	227.4	17.78	0.14	20.79	-0.02080	-0.11505	-0.62500	0.77197
8617	IMU0	POSITION_0_EXTRA	0x32	-954.5	-300.6	413.3	2.03	-5.39	-21.70	0.81348	-0.22668	0.52002	0.12195
8617	IMU1	PARENT_BOTTOM_FIXED	0x33	-124.0	-985.8	460.2	-0.49	14.21	8.82	0.29761	-0.10571	0.50684	-0.80127
8617	IMU2	CHILD_TOP_MOVING	0x34	-333.8	-936.5	-63.9	9.10	10.01	26.25	-0.24463	0.01052	-0.71680	0.65283
8617	IMU3	POSITION_3_EXTRA	0x35	-190.3	-980.4	84.9	24.50	13.58	21.07	-0.17456	0.05127	-0.67383	0.71631
8617	IMU4	POSITION_4_EXTRA	0x36	-258.6	-961.8	250.8	18.34	1.68	19.53	-0.02187	-0.11627	-0.62354	0.77295
8625	IMU0	POSITION_0_EXTRA	0x32	-955.0	-300.6	413.3	5.11	-4.48	-21.49	0.81396	-0.22705	0.51953	0.12054
8625	IMU1	PARENT_BOTTOM_FIXED	0x33	-112.7	-965.8	412.4	4.06	13.79	7.56	0.29761	-0.10455	0.50732	-0.80176
8625	IMU2	CHILD_TOP_MOVING	0x34	-352.3	-943.8	-61.5	11.48	13.93	25.83	-0.24512	0.00824	-0.71631	0.65283
8625	IMU3	POSITION_3_EXTRA	0x35	-207.9	-989.2	87.4	17.78	17.50	21.84	-0.17505	0.04886	-0.67334	0.71680
8625	IMU4	POSITION_4_EXTRA	0x36	-269.4	-966.7	241.6	17.57	3.57	18.83	-0.02284	-0.11761	-0.62207	0.77393
8633	IMU0	POSITION_0_EXTRA	0x32	-961.8	-311.3	428.5	9.17	-4.55	-19.67	0.81445	-0.22729	0.51904	0.11914
8633	IMU1	PARENT_BOTTOM_FIXED	0x33	-114.7	-978.4	434.3	1.05	15.19	6.58	0.29736	-0.10339	0.50732	-0.80176
8633	IMU2	CHILD_TOP_MOVING	0x34	-374.8	-940.4	-62.5	9.87	17.01	25.20	-0.24548	0.00580	-0.71631	0.65283
8633	IMU3	POSITION_3_EXTRA	0x35	-222.5	-996.5	91.7	13.23	18.48	22.12	-0.17554	0.04639	-0.67285	0.71729
8633	IMU4	POSITION_4_EXTRA	0x36	-281.1	-968.2	246.0	16.38	4.20	17.92	-0.02377	-0.11896	-0.62061	0.77441
8642	IMU0	POSITION_0_EXTRA	0x32	-949.6	-300.6	426.5	8.96	-4.27	-20.37	0.81494	-0.22742	0.51855	0.11768
8642	IMU1	PARENT_BOTTOM_FIXED	0x33	-112.7	-970.1	423.1	3.15	14.70	5.25	0.29712	-0.10223	0.50781	-0.80176
8642	IMU2	CHILD_TOP_MOVING	0x34	-389.9	-941.4	-67.3	7.56	12.67	24.01	-0.24609	0.00362	-0.71680	0.65234
8642	IMU3	POSITION_3_EXTRA	0x35	-231.8	-1000.4	101.0	9.52	18.06	21.91	-0.17603	0.04398	-0.67236	0.71777
8642	IMU4	POSITION_4_EXTRA	0x36	-285.0	-975.0	246.9	14.35	4.06	17.01	-0.02467	-0.12024	-0.61963	0.77539
8650	IMU0	POSITION_0_EXTRA	0x32	-955.5	-304.0	426.0	8.05	-5.53	-20.65	0.81543	-0.22766	0.51758	0.11621
8650	IMU1	PARENT_BOTTOM_FIXED	0x33	-108.3	-967.7	427.0	4.13	14.21	3.85	0.29688	-0.10120	0.50781	-0.80176
8650	IMU2	CHILD_TOP_MOVING	0x34	-388.4	-941.4	-59.0	3.85	12.81	22.75	-0.24658	0.00159	-0.71680	0.65186
8650	IMU3	POSITION_3_EXTRA	0x35	-237.2	-1005.8	104.9	7.07	15.19	21.14	-0.17664	0.04178	-0.67236	0.71777
8650	IMU4	POSITION_4_EXTRA	0x36	-291.8	-977.5	246.9	13.16	6.02	16.66	-0.02524	-0.12140	-0.61865	0.77588
8658	IMU0	POSITION_0_EXTRA	0x32	-957.9	-308.4	441.6	5.74	-4.34	-20.51	0.81592	-0.22815	0.51709	0.11487
8658	IMU1	PARENT_BOTTOM_FIXED	0x33	-105.9	-960.9	425.5	6.09	13.37	2.52	0.29663	-0.10016	0.50781	-0.80225
8658	IMU2	CHILD_TOP_MOVING	0x34	-396.3	-950.6	-55.6	-2.38	12.39	21.21	-0.24707	-0.00022	-0.71729	0.65137
8658	IMU3	POSITION_3_EXTRA	0x35	-247.4	-1008.7	93.2	5.18	13.79	20.16	-0.17725	0.03970	-0.67236	0.71777
8658	IMU4	POSITION_4_EXTRA	0x36	-312.8	-982.8	237.7	12.25	6.37	15.89	-0.02574	-0.12250	-0.61768	0.77637
8667	IMU0	POSITION_0_EXTRA	0x32	-941.8	-303.0	392.8	5.88	-6.79	-18.97	0.81641	-0.22839	0.51660	0.11365
8667	IMU1	PARENT_BOTTOM_FIXED	0x33	-97.6	-952.6	423.6	8.33	12.95	1.26	0.29614	-0.09949	0.50781	-0.80225
8667	IMU2	CHILD_TOP_MOVING	0x34	-404.6	-944.3	-59.5	-1.19	7.42	20.09	-0.24780	-0.00180	-0.71729	0.65088
8667	IMU3	POSITION_3_EXTRA	0x35	-254.2	-1006.3	97.1	5.25	11.55	18.62	-0.17786	0.03781	-0.67236	0.71777
8667	IMU4	POSITION_4_EXTRA	0x36	-314.3	-986.2	245.0	11.41	7.42	14.91	-0.02614	-0.12366	-0.61719	0.77686
8675	IMU0	POSITION_0_EXTRA	0x32	-950.1	-309.4	410.9	6.51	-7.84	-17.78	0.81689	-0.22864	0.51563	0.11249
8675	IMU1	PARENT_BOTTOM_FIXED	0x33	-93.2	-936.5	420.2	10.85	11.97	0.07	0.29565	-0.09888	0.50732	-0.80273
8675	IMU2	CHILD_TOP_MOVING	0x34	-399.2	-940.4	-70.8	-3.78	4.76	18.41	-0.24854	-0.00308	-0.71777	0.64990
8675	IMU3	POSITION_3_EXTRA	0x35	-257.2	-1004.8	91.7	6.44	8.68	16.80	-0.17859	0.03613	-0.67236	0.71777
8675	IMU4	POSITION_4_EXTRA	0x36	-324.5	-968.7	246.0	8.96	7.35	13.93	-0.02652	-0.12476	-0.61670	0.77686
8683	IMU0	POSITION_0_EXTRA	0x32	-940.9	-339.2	432.4	5.88	-6.09	-16.45	0.81738	-0.22888	0.51514	0.11139
8683	IMU1	PARENT_BOTTOM_FIXED	0x33	-86.9	-927.2	422.1	10.22	12.25	-1.19	0.29492	-0.09839	0.50732	-0.80322
8683	IMU2	CHILD_TOP_MOVING	0x34	-400.2	-937.0	-80.0	-5.18	3.29	16.45	-0.24927	-0.00417	-0.71826	0.64941
8683	IMU3	POSITION_3_EXTRA	0x35	-264.0	-1009.7	81.5	8.89	6.72	14.42	-0.17920	0.03467	-0.67188	0.71777
8683	IMU4	POSITION_4_EXTRA	0x36	-337.2	-982.8	239.6	7.56	8.12	12.95	-0.02682	-0.12585	-0.61621	0.77734
8692	IMU0	POSITION_0_EXTRA	0x32	-939.9	-335.3	409.9	8.12	-6.37	-15.68	0.81787	-0.22888	0.51465	0.11023
8692	IMU1	PARENT_BOTTOM_FIXED	0x33	-83.0	-917.4	424.1	10.85	12.60	-2.38	0.29419	-0.09784	0.50732	-0.80371
8692	IMU2	CHILD_TOP_MOVING	0x34	-397.2	-946.2	-83.4	-3.85	1.68	14.56	-0.24988	-0.00505	-0.71875	0.64844
8692	IMU3	POSITION_3_EXTRA	0x35	-265.5	-1014.1	77.1	10.08	6.79	12.18	-0.17944	0.03357	-0.67188	0.71826
8692	IMU4	POSITION_4_EXTRA	0x36	-332.8	-989.7	246.0	6.23	11.76	12.25	-0.02693	-0.12708	-0.61572	0.77734
8700	IMU0	POSITION_0_EXTRA	0x32	-941.4	-319.6	425.0	7.63	-8.47	-13.51	0.81836	-0.22888	0.51416	0.10931
8700	IMU1	PARENT_BOTTOM_FIXED	0x33	-81.5	-910.6	427.0	9.66	12.95	-3.43	0.29321	-0.09735	0.50732	-0.80420
8700	IMU2	CHILD_TOP_MOVING	0x34	-398.2	-949.2	-82.5	-4.62	5.04	12.46	-0.25024	-0.00597	-0.71924	0.64795
8700	IMU3	POSITION_3_EXTRA	0x35	-273.8	-1016.0	88.3	6.09	9.87	11.13	-0.17957	0.03241	-0.67139	0.71826
8700	IMU4	POSITION_4_EXTRA	0x36	-371.9	-997.5	224.0	5.46	8.47	10.29	-0.02708	-0.12805	-0.61523	0.77734
8708	IMU0	POSITION_0_EXTRA	0x32	-929.6	-325.5	448.0	7.91	-6.79	-12.60	0.81885	-0.22888	0.51367	0.10834
8708	IMU1	PARENT_BOTTOM_FIXED	0x33	-82.0	-908.7	432.9	9.24	13.16	-4.69	0.29224	-0.09692	0.50684	-0.80469
8708	IMU2	CHILD_TOP_MOVING	0x34	-405.5	-957.9	-83.4	-4.76	8.68	10.29	-0.25024	-0.00695	-0.71973	0.64697
8708	IMU3	POSITION_3_EXTRA	0x35	-275.7	-1021.4	87.8	1.47	12.32	10.29	-0.17944	0.03123	-0.67139	0.71826
8708	IMU4	POSITION_4_EXTRA	0x36	-344.5	-997.0	243.0	4.13	11.13	9.10	-0.02707	-0.12915	-0.61475	0.77734
8717	IMU0	POSITION_0_EXTRA	0x32	-935.0	-325.5	424.1	8.54	-3.99	-12.74	0.81934	-0.22876	0.51318	0.10736
8717	IMU1	PARENT_BOTTOM_FIXED	0x33	-82.5	-901.3	430.9	7.14	13.02	-5.88	0.29126	-0.09656	0.50684	-0.80518
8717	IMU2	CHILD_TOP_MOVING	0x34	-407.5	-957.9	-74.7	-3.57	12.18	8.12	-0.25000	-0.00800	-0.72021	0.64648
8717	IMU3	POSITION_3_EXTRA	0x35	-279.1	-1027.2	94.2	-2.24	14.35	9.17	-0.17920	0.03004	-0.67188	0.71826
8717	IMU4	POSITION_4_EXTRA	0x36	-370.4	-996.5	238.1	3.43	11.48	7.70	-0.02696	-0.13013	-0.61475	0.77734
8725	IMU0	POSITION_0_EXTRA	0x32	-937.4	-322.1	423.1	9.66	-4.48	-10.99	0.81982	-0.22852	0.51270	0.10638
8725	IMU1	PARENT_BOTTOM_FIXED	0x33	-82.5	-909.6	443.6	4.34	13.16	-6.93	0.29028	-0.09631	0.50684	-0.80518
8725	IMU2	CHILD_TOP_MOVING	0x34	-404.6	-959.9	-66.9	-5.53	21.35	6.09	-0.24927	-0.00932	-0.72119	0.64600
8725	IMU3	POSITION_3_EXTRA	0x35	-278.2	-1035.0	92.7	-4.27	14.00	7.49	-0.17883	0.02899	-0.67236	0.71777
8725	IMU4	POSITION_4_EXTRA	0x36	-359.7	-1002.4	233.8	3.22	9.94	5.74	-0.02681	-0.13098	-0.61475	0.77734
8733	IMU0	POSITION_0_EXTRA	0x32	-926.7	-316.2	441.2	12.04	-2.24	-9.80	0.82031	-0.22815	0.51270	0.10541
8733	IMU1	PARENT_BOTTOM_FIXED	0x33	-86.4	-911.1	447.0	5.11	13.58	-7.98	0.28931	-0.09601	0.50684	-0.80566
8733	IMU2	CHILD_TOP_MOVING	0x34	-406.5	-969.7	-64.9	-8.26	27.23	3.85	-0.24805	-0.01066	-0.72217	0.64551
8733	IMU3	POSITION_3_EXTRA	0x35	-277.7	-1032.1	93.2	-4.90	13.30	5.25	-0.17847	0.02809	-0.67285	0.71777
8733	IMU4	POSITION_4_EXTRA	0x36	-368.4	-1005.3	227.4	1.40	12.04	4.69	-0.02654	-0.13184	-0.61426	0.77734
8742	IMU0	POSITION_0_EXTRA	0x32	-933.1	-312.8	429.9	10.85	-0.07	-8.96	0.82031	-0.22791	0.51270	0.10449
8742	IMU1	PARENT_BOTTOM_FIXED	0x33	-91.7	-906.2	444.1	4.69	12.25	-8.89	0.28809	-0.09583	0.50684	-0.80615
8742	IMU2	CHILD_TOP_MOVING	0x34	-411.4	-966.2	-64.9	-8.05	29.47	1.68	-0.24658	-0.01199	-0.72314	0.64502
8742	IMU3	POSITION_3_EXTRA	0x35	-277.2	-1035.5	97.1	-8.05	12.39	3.57	-0.17798	0.02736	-0.67334	0.71729
8742	IMU4	POSITION_4_EXTRA	0x36	-372.8	-1010.2	227.9	0.42	11.97	2.73	-0.02615	-0.13269	-0.61426	0.77734
8750	IMU0	POSITION_0_EXTRA	0x32	-917.9	-302.1	412.4	11.97	-2.45	-6.65	0.82080	-0.22742	0.51221	0.10370
8750	IMU1	PARENT_BOTTOM_FIXED	0x33	-96.1	-908.7	450.9	2.03	12.04	-9.66	0.28687	-0.09564	0.50732	-0.80664
8750	IMU2	CHILD_TOP_MOVING	0x34	-416.8	-965.8	-63.0	-10.50	28.07	-0.84	-0.24512	-0.01309	-0.72412	0.64453
8750	IMU3	POSITION_3_EXTRA	0x35	-282.1	-1032.6	91.7	-10.92	11.90	1.61	-0.17749	0.02678	-0.67432	0.71680
8750	IMU4	POSITION_4_EXTRA	0x36	-374.8	-1009.2	225.0	0.28	11.69	0.63	-0.02567	-0.13342	-0.61426	0.77734
8758	IMU0	POSITION_0_EXTRA	0x32	-915.0	-300.1	436.8	13.23	-3.01	-4.48	0.82129	-0.22681	0.51221	0.10297
8758	IMU1	PARENT_BOTTOM_FIXED	0x33	-106.9	-908.2	454.8	1.26	11.76	-10.50	0.28589	-0.09552	0.50732	-0.80664
8758	IMU2	CHILD_TOP_MOVING	0x34	-423.1	-967.2	-62.5	-11.97	25.83	-3.29	-0.24365	-0.01393	-0.72510	0.64404
8758	IMU3	POSITION_3_EXTRA	0x35	-285.5	-1033.6	94.2	-13.58	13.09	-0.14	-0.17676	0.02628	-0.67480	0.71582
8758	IMU4	POSITION_4_EXTRA	0x36	-381.6	-1008.2	225.5	-0.28	11.97	-1.61	-0.02504	-0.13403	-0.61475	0.77686
8767	IMU0	POSITION_0_EXTRA	0x32	-926.2	-298.7	436.3	15.12	-0.07	-2.59	0.82129	-0.22595	0.51221	0.10223
8767	IMU1	PARENT_BOTTOM_FIXED	0x33	-116.6	-909.6	462.1	0.63	11.62	-11.13	0.28467	-0.09534	0.50732	-0.80713
8767	IMU2	CHILD_TOP_MOVING	0x34	-426.0	-963.8	-64.9	-11.97	22.33	-5.46	-0.24219	-0.01449	-0.72607	0.64355
8767	IMU3	POSITION_3_EXTRA	0x35	-285.5	-1033.1	96.6	-13.65	12.67	-2.38	-0.17590	0.02589	-0.67578	0.71533
8767	IMU4	POSITION_4_EXTRA	0x36	-381.6	-1005.3	228.4	-0.56	12.25	-3.64	-0.02431	-0.13464	-0.61475	0.77686
8775	IMU0	POSITION_0_EXTRA	0x32	-930.6	-295.7	403.6	18.34	2.24	-0.63	0.82178	-0.22485	0.51270	0.10150
8775	IMU1	PARENT_BOTTOM_FIXED	0x33	-124.4	-904.8	463.6	0.00	11.41	-11.76	0.28345	-0.09515	0.50781	-0.80762
8775	IMU2	CHILD_TOP_MOVING	0x34	-427.0	-960.9	-72.2	-11.41	20.16	-7.49	-0.24084	-0.01485	-0.72656	0.64307
8775	IMU3	POSITION_3_EXTRA	0x35	-281.1	-1029.7	89.8	-12.88	12.32	-4.83	-0.17505	0.02563	-0.67676	0.71484
8775	IMU4	POSITION_4_EXTRA	0x36	-380.2	-1002.4	232.3	-0.91	12.67	-5.74	-0.02342	-0.13513	-0.61475	0.77686
8783	IMU0	POSITION_0_EXTRA	0x32	-913.5	-286.0	399.7	19.25	1.12	2.03	0.82178	-0.22363	0.51270	0.10083
8783	IMU1	PARENT_BOTTOM_FIXED	0x33	-128.3	-903.3	471.9	-0.70	10.64	-12.04	0.28247	-0.09503	0.50781	-0.80762
8783	IMU2	CHILD_TOP_MOVING	0x34	-421.6	-958.4	-74.7	-10.08	17.71	-9.45	-0.23950	-0.01501	-0.72754	0.64258
8783	IMU3	POSITION_3_EXTRA	0x35	-280.6	-1025.8	85.9	-12.74	13.30	-7.00	-0.17395	0.02544	-0.67773	0.71436
8783	IMU4	POSITION_4_EXTRA	0x36	-377.2	-1003.3	230.3	-1.33	12.95	-7.98	-0.02242	-0.13550	-0.61475	0.77637
8792	IMU0	POSITION_0_EXTRA	0x32	-924.3	-285.5	418.2	17.71	2.17	3.99	0.82227	-0.22253	0.51318	0.10040
8792	IMU1	PARENT_BOTTOM_FIXED	0x33	-129.3	-902.3	474.8	-0.70	9.24	-12.39	0.28125	-0.09497	0.50781	-0.80811
8792	IMU2	CHILD_TOP_MOVING	0x34	-421.1	-956.5	-76.1	-9.10	16.45	-11.20	-0.23828	-0.01521	-0.72852	0.64209
8792	IMU3	POSITION_3_EXTRA	0x35	-280.1	-1023.8	85.9	-13.23	13.51	-8.96	-0.17273	0.02533	-0.67822	0.71387
8792	IMU4	POSITION_4_EXTRA	0x36	-376.2	-999.9	235.2	-1.54	13.23	-10.36	-0.02126	-0.13574	-0.61523	0.77637
8800	IMU0	POSITION_0_EXTRA	0x32	-920.9	-281.1	415.3	17.64	4.41	6.09	0.82227	-0.22119	0.51318	0.10004
8800	IMU1	PARENT_BOTTOM_FIXED	0x33	-128.3	-899.4	477.8	-0.35	7.70	-12.67	0.28027	-0.09503	0.50781	-0.80859
8800	IMU2	CHILD_TOP_MOVING	0x34	-421.6	-954.0	-77.6	-7.42	14.49	-12.88	-0.23706	-0.01526	-0.72900	0.64160
8800	IMU3	POSITION_3_EXTRA	0x35	-280.6	-1024.3	85.4	-13.02	14.35	-10.85	-0.17139	0.02527	-0.67920	0.71338
8800	IMU4	POSITION_4_EXTRA	0x36	-372.3	-998.4	240.1	-2.03	13.37	-12.60	-0.01997	-0.13599	-0.61523	0.77637
8808	IMU0	POSITION_0_EXTRA	0x32	-927.2	-286.5	407.5	17.99	6.09	8.33	0.82227	-0.21985	0.51416	0.09973
8808	IMU1	PARENT_BOTTOM_FIXED	0x33	-125.9	-897.4	477.8	0.00	6.51	-12.95	0.27930	-0.09515	0.50830	-0.80859
8808	IMU2	CHILD_TOP_MOVING	0x34	-422.6	-954.5	-78.1	-6.37	13.65	-14.56	-0.23584	-0.01521	-0.72949	0.64160
8808	IMU3	POSITION_3_EXTRA	0x35	-283.0	-1025.8	87.4	-11.55	13.58	-13.09	-0.16992	0.02534	-0.68018	0.71289
8808	IMU4	POSITION_4_EXTRA	0x36	-372.3	-996.0	236.2	-2.66	13.51	-14.63	-0.01859	-0.13611	-0.61572	0.77588
8817	IMU0	POSITION_0_EXTRA	0x32	-926.7	-283.0	400.6	17.71	6.72	10.92	0.82227	-0.21851	0.51465	0.09961
8817	IMU1	PARENT_BOTTOM_FIXED	0x33	-121.0	-896.9	478.2	0.07	5.39	-13.09	0.27832	-0.09534	0.50781	-0.80908
8817	IMU2	CHILD_TOP_MOVING	0x34	-422.6	-957.0	-78.1	-6.02	13.23	-16.38	-0.23450	-0.01505	-0.72998	0.64160
8817	IMU3	POSITION_3_EXTRA	0x35	-281.6	-1029.2	84.9	-10.01	12.46	-15.47	-0.16846	0.02557	-0.68066	0.71289
8817	IMU4	POSITION_4_EXTRA	0x36	-368.4	-997.5	235.7	-3.64	13.37	-16.66	-0.01709	-0.13611	-0.61621	0.77539
8825	IMU0	POSITION_0_EXTRA	0x32	-926.2	-281.1	392.8	17.08	8.33	12.95	0.82227	-0.21716	0.51514	0.09955
8825	IMU1	PARENT_BOTTOM_FIXED	0x33	-116.6	-895.5	482.6	0.14	4.20	-13.23	0.27734	-0.09564	0.50781	-0.80957
8825	IMU2	CHILD_TOP_MOVING	0x34	-420.2	-959.9	-78.1	-5.53	12.39	-18.27	-0.23303	-0.01457	-0.73047	0.64160
8825	IMU3	POSITION_3_EXTRA	0x35	-278.6	-1029.2	84.4	-9.24	11.34	-17.78	-0.16699	0.02597	-0.68115	0.71240
8825	IMU4	POSITION_4_EXTRA	0x36	-368.9	-999.9	227.4	-4.34	13.09	-18.55	-0.01550	-0.13611	-0.61670	0.77539
8833	IMU0	POSITION_0_EXTRA	0x32	-921.8	-278.2	384.1	16.59	9.66	14.70	0.82178	-0.21570	0.51611	0.09961
8833	IMU1	PARENT_BOTTOM_FIXED	0x33	-111.8	-894.5	484.6	0.56	3.22	-13.44	0.27637	-0.09595	0.50781	-0.80957
8833	IMU2	CHILD_TOP_MOVING	0x34	-415.3	-963.3	-78.1	-5.46	10.85	-20.16	-0.23157	-0.01393	-0.73096	0.64160
8833	IMU3	POSITION_3_EXTRA	0x35	-273.3	-1029.7	83.0	-10.08	10.64	-19.81	-0.16541	0.02652	-0.68164	0.71240
8833	IMU4	POSITION_4_EXTRA	0x36	-366.0	-1000.4	223.5	-4.83	13.23	-20.30	-0.01382	-0.13599	-0.61719	0.77490
8842	IMU0	POSITION_0_EXTRA	0x32	-917.9	-272.3	385.5	15.61	11.41	16.38	0.82178	-0.21436	0.51709	0.09979
8842	IMU1	PARENT_BOTTOM_FIXED	0x33	-109.8	-892.1	483.1	0.84	2.31	-13.58	0.27539	-0.09637	0.50781	-0.81006
8842	IMU2	CHILD_TOP_MOVING	0x34	-410.4	-964.8	-74.2	-5.81	9.66	-22.19	-0.22998	-0.01311	-0.73145	0.64160
8842	IMU3	POSITION_3_EXTRA	0x35	-268.4	-1033.1	81.5	-12.04	9.80	-21.56	-0.16370	0.02721	-0.68262	0.71191
8842	IMU4	POSITION_4_EXTRA	0x36	-363.6	-1002.4	222.5	-5.46	12.46	-22.33	-0.01206	-0.13562	-0.61768	0.77441
8850	IMU0	POSITION_0_EXTRA	0x32	-915.5	-264.0	384.5	14.28	13.02	18.06	0.82129	-0.21289	0.51855	0.10010
8850	IMU1	PARENT_BOTTOM_FIXED	0x33	-106.9	-891.6	484.6	0.07	1.47	-13.72	0.27466	-0.09686	0.50732	-0.81055
8850	IMU2	CHILD_TOP_MOVING	0x34	-405.0	-970.1	-72.2	-6.30	8.47	-24.15	-0.22839	-0.01214	-0.73193	0.64160
8850	IMU3	POSITION_3_EXTRA	0x35	-264.0	-1035.0	80.0	-13.86	8.89	-23.45	-0.16370	0.02721	-0.68262	0.71191
8850	IMU4	POSITION_4_EXTRA	0x36	-356.7	-1007.2	212.3	-4.83	12.53	-24.15	-0.01020	-0.13525	-0.61816	0.77441
8858	IMU0	POSITION_0_EXTRA	0x32	-914.5	-258.6	381.1	14.21	14.56	19.60	0.82080	-0.21143	0.51953	0.10046
8858	IMU1	PARENT_BOTTOM_FIXED	0x33	-105.4	-886.7	480.7	0.28	0.35	-13.86	0.27368	-0.09741	0.50732	-0.81104
8858	IMU2	CHILD_TOP_MOVING	0x34	-400.2	-973.1	-73.2	-6.16	7.14	-26.11	-0.22681	-0.01099	-0.73242	0.64160
8858	IMU3	POSITION_3_EXTRA	0x35	-259.1	-1036.0	76.6	-14.35	8.12	-25.62	-0.16199	0.02808	-0.68359	0.71143
8858	IMU4	POSITION_4_EXTRA	0x36	-355.8	-1005.8	212.8	-4.13	13.16	-26.04	-0.00819	-0.13489	-0.61865	0.77393
8867	IMU0	POSITION_0_EXTRA	0x32	-910.6	-257.7	380.2	13.30	14.91	22.19	0.82031	-0.20996	0.52100	0.10101
8867	IMU1	PARENT_BOTTOM_FIXED	0x33	-101.0	-888.6	483.1	0.98	-0.77	-13.93	0.27295	-0.09796	0.50684	-0.81104
8867	IMU2	CHILD_TOP_MOVING	0x34	-393.3	-972.6	-75.2	-5.67	4.97	-28.28	-0.22534	-0.00964	-0.73291	0.64209
8867	IMU3	POSITION_3_EXTRA	0x35	-252.8	-1031.1	74.7	-14.07	8.47	-28.00	-0.16016	0.02908	-0.68408	0.71094
8867	IMU4	POSITION_4_EXTRA	0x36	-351.8	-1006.3	203.0	-2.10	12.04	-28.21	-0.00609	-0.13440	-0.61914	0.77393
8875	IMU0	POSITION_0_EXTRA	0x32	-906.7	-255.7	376.7	12.46	16.10	24.36	0.81982	-0.20850	0.52246	0.10175
8875	IMU1	PARENT_BOTTOM_FIXED	0x33	-99.6	-881.8	478.2	1.54	-1.26	-14.14	0.27222	-0.09863	0.50684	-0.81152
8875	IMU2	CHILD_TOP_MOVING	0x34	-388.0	-974.0	-76.1	-3.57	4.27	-30.24	-0.22363	-0.00819	-0.73291	0.64209
8875	IMU3	POSITION_3_EXTRA	0x35	-246.9	-1032.6	77.1	-15.19	9.73	-29.82	-0.15820	0.03020	-0.68506	0.71094
8875	IMU4	POSITION_4_EXTRA	0x36	-349.4	-998.0	223.0	-2.03	13.72	-29.96	-0.00381	-0.13379	-0.61963	0.77344
8883	IMU0	POSITION_0_EXTRA	0x32	-908.2	-249.9	379.7	12.25	16.87	25.90	0.81934	-0.20691	0.52393	0.10254
8883	IMU1	PARENT_BOTTOM_FIXED	0x33	-97.6	-884.3	478.7	0.00	-1.89	-14.14	0.27124	-0.09930	0.50635	-0.81201
8883	IMU2	CHILD_TOP_MOVING	0x34	-381.6	-972.1	-69.8	-2.17	3.36	-32.06	-0.22217	-0.00673	-0.73291	0.64258
8883	IMU3	POSITION_3_EXTRA	0x35	-239.6	-1033.1	73.2	-14.84	9.87	-32.13	-0.15613	0.03134	-0.68555	0.71045
8883	IMU4	POSITION_4_EXTRA	0x36	-343.6	-1001.9	210.3	-2.31	11.41	-32.62	-0.00150	-0.13293	-0.62012	0.77344
8892	IMU0	POSITION_0_EXTRA	0x32	-912.1	-251.8	368.4	13.58	19.11	27.02	0.81836	-0.20532	0.52539	0.10327
8892	IMU1	PARENT_BOTTOM_FIXED	0x33	-97.6	-884.3	484.1	0.56	-2.31	-14.14	0.27051	-0.09998	0.50635	-0.81201
8892	IMU2	CHILD_TOP_MOVING	0x34	-373.3	-973.1	-65.9	-1.54	2.73	-34.16	-0.22058	-0.00513	-0.73340	0.64307
8892	IMU3	POSITION_3_EXTRA	0x35	-232.3	-1029.2	71.7	-14.70	10.57	-34.37	-0.15393	0.03259	-0.68652	0.70996
8892	IMU4	POSITION_4_EXTRA	0x36	-335.7	-998.9	212.8	-2.52	10.71	-35.00	0.00092	-0.13208	-0.62061	0.77295
8900	IMU0	POSITION_0_EXTRA	0x32	-918.4	-242.5	372.8	12.74	19.53	28.91	0.81787	-0.20361	0.52686	0.10419
8900	IMU1	PARENT_BOTTOM_FIXED	0x33	-94.2	-879.4	481.7	0.35	-1.33	-14.35	0.26978	-0.10065	0.50586	-0.81250
8900	IMU2	CHILD_TOP_MOVING	0x34	-365.5	-973.6	-68.8	0.00	2.17	-36.12	-0.21887	-0.00341	-0.73340	0.64355
8900	IMU3	POSITION_3_EXTRA	0x35	-220.6	-1031.1	68.3	-14.70	10.57	-34.37	-0.15149	0.03394	-0.68750	0.70947
8900	IMU4	POSITION_4_EXTRA	0x36	-319.6	-998.9	204.0	0.63	12.32	-36.61	0.00354	-0.13110	-0.62109	0.77295
8908	IMU0	POSITION_0_EXTRA	0x32	-909.6	-240.1	356.7	11.97	21.14	30.17	0.81689	-0.20203	0.52881	0.10516
8908	IMU1	PARENT_BOTTOM_FIXED	0x33	-95.6	-875.5	482.6	-1.40	-1.54	-14.56	0.26904	-0.10132	0.50586	-0.81299
8908	IMU2	CHILD_TOP_MOVING	0x34	-357.2	-976.5	-68.8	2.10	1.89	-37.87	-0.21704	-0.00160	-0.73291	0.64453
8908	IMU3	POSITION_3_EXTRA	0x35	-211.3	-1031.6	55.6	-8.82	8.12	-39.83	-0.14917	0.03546	-0.68799	0.70947
8908	IMU4	POSITION_4_EXTRA	0x36	-312.3	-993.6	206.9	1.61	13.86	-38.43	0.00633	-0.13013	-0.62109	0.77295
8917	IMU0	POSITION_0_EXTRA	0x32	-913.0	-236.7	354.3	11.34	22.33	32.27	0.81592	-0.20032	0.53076	0.10626
8917	IMU1	PARENT_BOTTOM_FIXED	0x33	-93.7	-879.9	486.5	-1.82	-2.38	-14.56	0.26807	-0.10205	0.50586	-0.81299
8917	IMU2	CHILD_TOP_MOVING	0x34	-341.6	-974.0	-63.0	1.40	3.43	-39.62	-0.21509	0.00027	-0.73291	0.64502
8917	IMU3	POSITION_3_EXTRA	0x35	-200.6	-1020.4	62.0	-7.00	8.33	-42.28	-0.14661	0.03711	-0.68848	0.70947
8917	IMU4	POSITION_4_EXTRA	0x36	-308.4	-990.6	205.0	1.82	12.81	-40.74	0.00921	-0.12915	-0.62158	0.77295
8925	IMU0	POSITION_0_EXTRA	0x32	-907.2	-229.8	353.8	11.62	23.94	33.95	0.81494	-0.19861	0.53271	0.10742
8925	IMU1	PARENT_BOTTOM_FIXED	0x33	-87.8	-877.9	489.0	0.63	-2.52	-14.49	0.26733	-0.10278	0.50537	-0.81348
8925	IMU2	CHILD_TOP_MOVING	0x34	-337.7	-973.1	-63.9	2.38	6.51	-41.02	-0.21289	0.00204	-0.73291	0.64600
8925	IMU3	POSITION_3_EXTRA	0x35	-200.6	-1020.4	62.0	-7.00	8.33	-42.28	-0.14417	0.03867	-0.68896	0.70947
8925	IMU4	POSITION_4_EXTRA	0x36	-302.1	-985.8	205.4	-0.28	10.71	-43.54	0.01212	-0.12781	-0.62207	0.77246
8933	IMU0	POSITION_0_EXTRA	0x32	-904.8	-226.4	354.8	11.06	25.27	35.91	0.81396	-0.19678	0.53467	0.10870
8933	IMU1	PARENT_BOTTOM_FIXED	0x33	-84.9	-873.5	485.6	-0.21	-2.87	-14.49	0.26660	-0.10352	0.50488	-0.81396
8933	IMU2	CHILD_TOP_MOVING	0x34	-333.3	-970.1	-62.0	2.73	4.69	-42.70	-0.21082	0.00397	-0.73291	0.64697
8933	IMU3	POSITION_3_EXTRA	0x35	-191.8	-1017.0	61.0	-9.24	9.38	-43.75	-0.14148	0.04028	-0.68945	0.70947
8933	IMU4	POSITION_4_EXTRA	0x36	-280.6	-991.1	195.2	0.35	10.01	-45.78	0.01479	-0.12671	-0.62207	0.77246
8942	IMU0	POSITION_0_EXTRA	0x32	-911.1	-217.6	346.5	11.90	26.46	37.17	0.81250	-0.19495	0.53711	0.10999
8942	IMU1	PARENT_BOTTOM_FIXED	0x33	-83.4	-869.6	477.8	-0.98	-1.89	-14.49	0.26587	-0.10419	0.50488	-0.81396
8942	IMU2	CHILD_TOP_MOVING	0x34	-322.6	-969.2	-68.8	2.10	4.55	-44.24	-0.20850	0.00602	-0.73291	0.64746
8942	IMU3	POSITION_3_EXTRA	0x35	-185.0	-1015.5	58.6	-10.29	11.48	-45.43	-0.13867	0.04187	-0.68994	0.70947
8942	IMU4	POSITION_4_EXTRA	0x36	-278.2	-980.9	215.2	2.94	13.30	-47.25	0.01772	-0.12573	-0.62256	0.77246
8950	IMU0	POSITION_0_EXTRA	0x32	-915.5	-215.2	343.1	12.18	26.39	39.55	0.81152	-0.19299	0.53906	0.11139
8950	IMU1	PARENT_BOTTOM_FIXED	0x33	-68.3	-865.7	459.7	-0.42	-0.21	-14.56	0.26489	-0.10492	0.50488	-0.81445
8950	IMU2	CHILD_TOP_MOVING	0x34	-313.3	-971.1	-70.8	-0.49	2.73	-46.20	-0.20630	0.00831	-0.73291	0.64844
8950	IMU3	POSITION_3_EXTRA	0x35	-177.1	-1019.9	61.5	-11.41	11.69	-46.90	-0.13574	0.04355	-0.69043	0.70947
8950	IMU4	POSITION_4_EXTRA	0x36	-270.8	-974.0	206.9	1.40	11.69	-49.49	0.02065	-0.12463	-0.62256	0.77246
8958	IMU0	POSITION_0_EXTRA	0x32	-917.4	-208.9	344.5	12.39	26.25	41.72	0.81006	-0.19092	0.54150	0.11298
8958	IMU1	PARENT_BOTTOM_FIXED	0x33	-78.6	-864.7	479.2	-9.03	7.91	-14.84	0.26367	-0.10516	0.50488	-0.81445
8958	IMU2	CHILD_TOP_MOVING	0x34	-304.0	-967.7	-74.7	-0.14	2.87	-47.81	-0.20386	0.01068	-0.73291	0.64893
8958	IMU3	POSITION_3_EXTRA	0x35	-165.4	-1012.1	56.6	-8.82	10.57	-49.49	-0.13281	0.04541	-0.69043	0.70947
8958	IMU4	POSITION_4_EXTRA	0x36	-246.0	-978.0	198.6	2.59	11.48	-51.45	0.02379	-0.12329	-0.62305	0.77246
8967	IMU0	POSITION_0_EXTRA	0x32	-914.0	-204.5	338.2	12.39	25.83	43.12	0.80908	-0.18872	0.54346	0.11462
8967	IMU1	PARENT_BOTTOM_FIXED	0x33	-74.7	-875.5	488.0	-7.56	2.24	-14.98	0.26245	-0.10577	0.50537	-0.81445
8967	IMU2	CHILD_TOP_MOVING	0x34	-290.4	-964.8	-73.2	2.03	4.34	-48.93	-0.20142	0.01303	-0.73291	0.64990
8967	IMU3	POSITION_3_EXTRA	0x35	-152.3	-998.4	57.6	-10.57	11.76	-50.89	-0.12964	0.04730	-0.69092	0.70947
8967	IMU4	POSITION_4_EXTRA	0x36	-234.7	-967.2	218.6	4.27	15.19	-52.57	0.02718	-0.12213	-0.62305	0.77246
8975	IMU0	POSITION_0_EXTRA	0x32	-918.4	-197.6	336.7	12.81	26.32	45.43	0.80762	-0.18652	0.54590	0.11633
8975	IMU1	PARENT_BOTTOM_FIXED	0x33	-59.0	-874.5	469.5	-4.13	1.26	-14.63	0.26147	-0.10645	0.50537	-0.81494
8975	IMU2	CHILD_TOP_MOVING	0x34	-274.3	-969.7	-62.5	-0.07	5.46	-50.68	-0.19873	0.01549	-0.73242	0.65088
8975	IMU3	POSITION_3_EXTRA	0x35	-140.5	-1007.7	55.6	-11.69	11.69	-52.08	-0.12646	0.04932	-0.69141	0.70947
8975	IMU4	POSITION_4_EXTRA	0x36	-237.7	-960.9	208.4	0.35	12.74	-55.02	0.03050	-0.12073	-0.62305	0.77197
8983	IMU0	POSITION_0_EXTRA	0x32	-915.5	-193.2	334.3	14.00	26.88	47.04	0.80664	-0.18420	0.54785	0.11810
8983	IMU1	PARENT_BOTTOM_FIXED	0x33	-54.2	-877.4	482.6	-1.40	2.31	-14.35	0.26050	-0.10706	0.50537	-0.81543
8983	IMU2	CHILD_TOP_MOVING	0x34	-269.4	-958.9	-66.4	-0.28	9.03	-51.45	-0.19580	0.01779	-0.73291	0.65137
8983	IMU3	POSITION_3_EXTRA	0x35	-126.9	-995.5	51.2	-11.48	12.53	-53.97	-0.12305	0.05136	-0.69189	0.70947
8983	IMU4	POSITION_4_EXTRA	0x36	-217.6	-963.3	199.6	4.27	11.83	-56.98	0.03400	-0.11920	-0.62354	0.77197
8992	IMU0	POSITION_0_EXTRA	0x32	-921.3	-187.4	321.6	14.28	26.95	48.02	0.80518	-0.18176	0.55029	0.11993
8992	IMU1	PARENT_BOTTOM_FIXED	0x33	-42.9	-859.4	451.4	-7.49	5.25	-15.05	0.25928	-0.10760	0.50586	-0.81543
8992	IMU2	CHILD_TOP_MOVING	0x34	-266.4	-968.7	-62.0	2.80	4.83	-52.85	-0.19299	0.02032	-0.73242	0.65234
8992	IMU3	POSITION_3_EXTRA	0x35	-113.7	-993.1	59.5	-18.62	13.72	-53.90	-0.11951	0.05347	-0.69287	0.70947
8992	IMU4	POSITION_4_EXTRA	0x36	-205.9	-951.1	221.6	-1.05	12.39	-58.94	0.03760	-0.11749	-0.62354	0.77197
9000	IMU0	POSITION_0_EXTRA	0x32	-920.9	-184.5	324.5	15.68	26.60	50.12	0.80420	-0.17920	0.55273	0.12177
9000	IMU1	PARENT_BOTTOM_FIXED	0x33	-48.3	-884.3	478.2	-9.31	5.81	-15.05	0.25806	-0.10815	0.50586	-0.81543
9000	IMU2	CHILD_TOP_MOVING	0x34	-243.5	-968.2	-54.7	-0.63	0.14	-54.53	-0.19043	0.02327	-0.73242	0.65332
9000	IMU3	POSITION_3_EXTRA	0x35	-104.4	-1003.3	38.6	-14.21	13.44	-56.42	-0.11591	0.05566	-0.69336	0.70947
9000	IMU4	POSITION_4_EXTRA	0x36	-185.0	-961.8	195.7	0.14	11.83	-60.62	0.04132	-0.11572	-0.62402	0.77197
9008	IMU0	POSITION_0_EXTRA	0x32	-917.9	-168.8	321.6	15.19	26.46	50.75	0.80273	-0.17651	0.55518	0.12372
9008	IMU1	PARENT_BOTTOM_FIXED	0x33	-41.0	-875.5	466.0	-3.57	4.90	-14.77	0.25684	-0.10864	0.50635	-0.81543
9008	IMU2	CHILD_TOP_MOVING	0x34	-234.7	-961.8	-68.8	1.61	4.48	-55.37	-0.18750	0.02602	-0.73242	0.65430
9008	IMU3	POSITION_3_EXTRA	0x35	-89.8	-984.8	51.2	-14.98	16.17	-57.89	-0.11206	0.05783	-0.69385	0.70898
9008	IMU4	POSITION_4_EXTRA	0x36	-167.4	-958.9	209.4	2.52	14.21	-61.95	0.04529	-0.11389	-0.62451	0.77148
9017	IMU0	POSITION_0_EXTRA	0x32	-925.2	-171.8	321.6	15.68	25.55	51.66	0.80127	-0.17395	0.55713	0.12573
9017	IMU1	PARENT_BOTTOM_FIXED	0x33	-41.0	-876.0	459.7	-4.13	6.51	-14.91	0.25562	-0.10913	0.50635	-0.81592
9017	IMU2	CHILD_TOP_MOVING	0x34	-218.6	-978.9	-52.2	0.70	2.52	-57.05	-0.18457	0.02901	-0.73193	0.65527
9017	IMU3	POSITION_3_EXTRA	0x35	-76.1	-1002.8	47.3	-15.05	12.25	-59.29	-0.10828	0.06030	-0.69482	0.70898
9017	IMU4	POSITION_4_EXTRA	0x36	-159.1	-950.1	218.6	0.35	16.17	-63.42	0.04941	-0.11212	-0.62451	0.77148
9025	IMU0	POSITION_0_EXTRA	0x32	-914.5	-171.8	312.3	19.95	25.55	53.06	0.80029	-0.17102	0.55957	0.12756
9025	IMU1	PARENT_BOTTOM_FIXED	0x33	-35.1	-873.0	453.4	-7.98	9.17	-15.40	0.25415	-0.10950	0.50684	-0.81592
9025	IMU2	CHILD_TOP_MOVING	0x34	-202.0	-972.6	-36.6	-0.28	6.58	-57.75	-0.18140	0.03189	-0.73193	0.65625
9025	IMU3	POSITION_3_EXTRA	0x35	-57.1	-997.5	22.0	-8.68	15.40	-62.23	-0.10413	0.06274	-0.69482	0.70898
9025	IMU4	POSITION_4_EXTRA	0x36	-145.4	-956.5	188.9	3.43	15.26	-64.89	0.05362	-0.11023	-0.62500	0.77100
9033	IMU0	POSITION_0_EXTRA	0x32	-913.5	-157.6	312.3	21.07	24.85	53.76	0.79883	-0.16797	0.56201	0.12939
9033	IMU1	PARENT_BOTTOM_FIXED	0x33	-34.2	-885.2	467.0	-9.52	10.57	-15.61	0.25269	-0.10980	0.50732	-0.81592
9033	IMU2	CHILD_TOP_MOVING	0x34	-195.7	-978.0	-42.9	-1.40	10.57	-58.59	-0.17798	0.03461	-0.73193	0.65674
9033	IMU3	POSITION_3_EXTRA	0x35	-50.3	-983.3	45.9	-11.69	17.08	-62.79	-0.09991	0.06512	-0.69531	0.70898
9033	IMU4	POSITION_4_EXTRA	0x36	-138.1	-937.4	205.9	-0.77	12.18	-67.69	0.05780	-0.10803	-0.62549	0.77100
9042	IMU0	POSITION_0_EXTRA	0x32	-909.1	-145.9	301.1	22.89	25.27	53.48	0.79785	-0.16479	0.56396	0.13110
9042	IMU1	PARENT_BOTTOM_FIXED	0x33	-33.2	-887.7	462.1	-6.02	11.76	-15.61	0.25098	-0.10999	0.50781	-0.81641
9042	IMU2	CHILD_TOP_MOVING	0x34	-187.9	-974.5	-46.8	-0.21	8.96	-59.71	-0.17456	0.03748	-0.73145	0.65771
9042	IMU3	POSITION_3_EXTRA	0x35	-35.1	-984.8	31.7	-13.09	14.49	-63.91	-0.09576	0.06775	-0.69580	0.70898
9042	IMU4	POSITION_4_EXTRA	0x36	-117.1	-941.8	198.6	-2.94	11.90	-69.44	0.06210	-0.10571	-0.62598	0.77051
9050	IMU0	POSITION_0_EXTRA	0x32	-914.5	-143.5	295.2	23.38	25.83	54.53	0.79639	-0.16162	0.56641	0.13293
9050	IMU1	PARENT_BOTTOM_FIXED	0x33	-28.8	-882.8	452.4	-7.70	13.02	-15.75	0.24951	-0.11017	0.50830	-0.81641
9050	IMU2	CHILD_TOP_MOVING	0x34	-174.2	-966.2	-46.4	-3.64	13.79	-60.69	-0.17090	0.04019	-0.73145	0.65869
9050	IMU3	POSITION_3_EXTRA	0x35	-34.2	-978.0	25.4	-14.49	18.83	-64.75	-0.09137	0.07019	-0.69629	0.70898
9050	IMU4	POSITION_4_EXTRA	0x36	-97.6	-947.7	199.6	1.96	16.94	-69.79	0.06671	-0.10358	-0.62646	0.77002
9058	IMU0	POSITION_0_EXTRA	0x32	-917.0	-127.9	295.2	24.85	24.99	55.51	0.79492	-0.15833	0.56885	0.13477
9058	IMU1	PARENT_BOTTOM_FIXED	0x33	-32.7	-887.7	458.7	-9.24	15.40	-16.17	0.24780	-0.11023	0.50879	-0.81641
9058	IMU2	CHILD_TOP_MOVING	0x34	-177.1	-954.0	-58.1	-1.75	20.02	-61.18	-0.16687	0.04254	-0.73193	0.65967
9058	IMU3	POSITION_3_EXTRA	0x35	-30.7	-980.4	30.3	-14.35	16.80	-66.15	-0.08698	0.07275	-0.69678	0.70850
9058	IMU4	POSITION_4_EXTRA	0x36	-89.8	-948.2	210.3	9.10	23.94	-69.65	0.07172	-0.10181	-0.62598	0.77002
9067	IMU0	POSITION_0_EXTRA	0x32	-921.3	-124.0	293.8	23.38	23.24	55.16	0.79395	-0.15503	0.57080	0.13660
9067	IMU1	PARENT_BOTTOM_FIXED	0x33	-28.3	-889.6	455.3	-5.04	15.40	-16.10	0.24609	-0.11017	0.50928	-0.81689
9067	IMU2	CHILD_TOP_MOVING	0x34	-164.0	-968.2	-57.6	-2.87	20.51	-62.23	-0.16272	0.04498	-0.73193	0.66016
9067	IMU3	POSITION_3_EXTRA	0x35	-15.1	-971.1	21.5	-14.14	18.34	-67.34	-0.08246	0.07532	-0.69727	0.70850
9067	IMU4	POSITION_4_EXTRA	0x36	-101.5	-929.2	199.6	9.66	23.10	-71.19	0.07666	-0.09998	-0.62598	0.77002
9075	IMU0	POSITION_0_EXTRA	0x32	-917.9	-124.0	300.1	27.09	21.91	58.38	0.79297	-0.15137	0.57275	0.13843
9075	IMU1	PARENT_BOTTOM_FIXED	0x33	-39.0	-883.3	452.4	-8.54	19.04	-16.52	0.24426	-0.10999	0.50977	-0.81689
9075	IMU2	CHILD_TOP_MOVING	0x34	-157.1	-972.1	-55.6	-6.30	23.59	-62.93	-0.15833	0.04736	-0.73193	0.66064
9075	IMU3	POSITION_3_EXTRA	0x35	-3.9	-975.5	20.0	-12.67	21.98	-68.53	-0.07764	0.07770	-0.69775	0.70850
9075	IMU4	POSITION_4_EXTRA	0x36	-81.0	-917.4	200.6	6.30	17.64	-73.50	0.08160	-0.09766	-0.62598	0.76953
9083	IMU0	POSITION_0_EXTRA	0x32	-910.1	-115.7	306.5	33.25	22.75	58.59	0.79150	-0.14746	0.57520	0.14001
9083	IMU1	PARENT_BOTTOM_FIXED	0x33	-42.9	-881.3	446.5	-9.80	19.74	-17.36	0.24243	-0.10974	0.51074	-0.81689
9083	IMU2	CHILD_TOP_MOVING	0x34	-143.0	-962.8	-58.6	-5.67	29.75	-63.28	-0.15356	0.04944	-0.73242	0.66162
9083	IMU3	POSITION_3_EXTRA	0x35	9.8	-969.2	20.0	-14.63	26.60	-68.53	-0.07263	0.07996	-0.69824	0.70801
9083	IMU4	POSITION_4_EXTRA	0x36	-48.3	-926.7	201.5	4.27	19.11	-74.06	0.08667	-0.09534	-0.62598	0.76953
9092	IMU0	POSITION_0_EXTRA	0x32	-916.5	-112.2	309.9	35.28	22.26	58.52	0.79053	-0.14331	0.57715	0.14160
9092	IMU1	PARENT_BOTTOM_FIXED	0x33	-45.4	-887.2	443.1	-13.93	23.59	-18.41	0.24023	-0.10937	0.51172	-0.81689
9092	IMU2	CHILD_TOP_MOVING	0x34	-140.5	-978.9	-69.8	0.28	32.83	-63.63	-0.14868	0.05130	-0.73242	0.66260
9092	IMU3	POSITION_3_EXTRA	0x35	23.4	-961.4	46.4	-21.21	27.51	-67.62	-0.06750	0.08209	-0.69873	0.70801
9092	IMU4	POSITION_4_EXTRA	0x36	-31.7	-926.2	208.9	6.16	23.17	-74.27	0.09192	-0.09320	-0.62598	0.76904
9100	IMU0	POSITION_0_EXTRA	0x32	-909.1	-87.4	304.0	40.39	20.30	58.94	0.79004	-0.13892	0.57910	0.14294
9100	IMU1	PARENT_BOTTOM_FIXED	0x33	-56.6	-890.6	470.4	-7.42	22.89	-18.55	0.23828	-0.10883	0.51221	-0.81738
9100	IMU2	CHILD_TOP_MOVING	0x34	-116.6	-967.2	-57.6	1.33	31.50	-64.19	-0.14380	0.05331	-0.73242	0.66357
9100	IMU3	POSITION_3_EXTRA	0x35	40.5	-972.6	0.5	-18.27	28.56	-68.60	-0.06229	0.08429	-0.69971	0.70752
9100	IMU4	POSITION_4_EXTRA	0x36	-25.4	-926.7	205.0	6.93	24.64	-74.97	0.09729	-0.09113	-0.62598	0.76855
9108	IMU0	POSITION_0_EXTRA	0x32	-910.6	-75.6	293.3	44.73	19.95	58.10	0.78906	-0.13416	0.58154	0.14417
9108	IMU1	PARENT_BOTTOM_FIXED	0x33	-48.3	-869.1	439.7	-7.70	24.08	-19.32	0.23608	-0.10834	0.51270	-0.81787
9108	IMU2	CHILD_TOP_MOVING	0x34	-120.0	-957.0	-69.8	-0.14	37.03	-64.19	-0.13867	0.05499	-0.73242	0.66406
9108	IMU3	POSITION_3_EXTRA	0x35	48.8	-960.9	12.2	-18.27	29.12	-69.16	-0.05701	0.08649	-0.70020	0.70703
9108	IMU4	POSITION_4_EXTRA	0x36	22.4	-945.7	153.7	7.49	23.66	-75.60	0.10272	-0.08881	-0.62598	0.76807
9117	IMU0	POSITION_0_EXTRA	0x32	-912.6	-48.8	284.5	39.13	18.97	55.44	0.78809	-0.12976	0.58350	0.14551
9117	IMU1	PARENT_BOTTOM_FIXED	0x33	-51.7	-880.8	462.1	-11.76	28.49	-20.23	0.23376	-0.10760	0.51367	-0.81787
9117	IMU2	CHILD_TOP_MOVING	0x34	-124.4	-950.1	-67.3	2.73	33.32	-63.84	-0.13391	0.05673	-0.73242	0.66504
9117	IMU3	POSITION_3_EXTRA	0x35	56.6	-941.8	16.1	-20.79	23.03	-69.23	-0.05209	0.08893	-0.70068	0.70654
9117	IMU4	POSITION_4_EXTRA	0x36	16.1	-910.1	230.8	12.60	30.59	-76.23	0.10846	-0.08704	-0.62549	0.76807
9125	IMU0	POSITION_0_EXTRA	0x32	-915.5	-83.0	279.1	45.64	19.04	59.36	0.78711	-0.12512	0.58545	0.14661
9125	IMU1	PARENT_BOTTOM_FIXED	0x33	-43.4	-891.1	456.3	-7.14	28.07	-20.72	0.23145	-0.10693	0.51465	-0.81836
9125	IMU2	CHILD_TOP_MOVING	0x34	-85.9	-971.6	-58.6	-5.74	24.15	-64.19	-0.12939	0.05917	-0.73242	0.66553
9125	IMU3	POSITION_3_EXTRA	0x35	76.6	-970.6	-22.4	-20.02	28.49	-68.81	-0.04678	0.09119	-0.70166	0.70557
9125	IMU4	POSITION_4_EXTRA	0x36	23.9	-936.5	208.4	18.90	35.42	-75.74	0.11450	-0.08533	-0.62500	0.76807
9133	IMU0	POSITION_0_EXTRA	0x32	-905.7	-45.9	288.4	46.69	20.79	56.56	0.78613	-0.12036	0.58740	0.14758
9133	IMU1	PARENT_BOTTOM_FIXED	0x33	-53.2	-885.7	448.0	-11.34	32.55	-21.28	0.22888	-0.10602	0.51563	-0.81836
9133	IMU2	CHILD_TOP_MOVING	0x34	-77.6	-968.7	-81.0	-11.34	23.45	-63.49	-0.12488	0.06165	-0.73291	0.66602
9133	IMU3	POSITION_3_EXTRA	0x35	99.6	-951.1	-18.5	-19.67	30.31	-69.37	-0.04132	0.09338	-0.70264	0.70508
9133	IMU4	POSITION_4_EXTRA	0x36	19.5	-908.2	191.3	17.92	36.19	-77.14	0.12054	-0.08368	-0.62402	0.76807
9142	IMU0	POSITION_0_EXTRA	0x32	-902.3	-42.5	249.9	46.83	20.44	56.56	0.78516	-0.11548	0.58936	0.14856
9142	IMU1	PARENT_BOTTOM_FIXED	0x33	-58.1	-887.7	459.7	-9.94	30.52	-21.91	0.22644	-0.10516	0.51611	-0.81885
9142	IMU2	CHILD_TOP_MOVING	0x34	-56.6	-978.0	-97.6	-12.04	19.67	-63.56	-0.12048	0.06439	-0.73389	0.66602
9142	IMU3	POSITION_3_EXTRA	0x35	107.8	-973.6	-23.9	-19.46	31.92	-69.30	-0.03577	0.09552	-0.70313	0.70459
9142	IMU4	POSITION_4_EXTRA	0x36	36.6	-911.1	204.5	13.86	33.04	-78.82	0.12659	-0.08185	-0.62354	0.76758
9150	IMU0	POSITION_0_EXTRA	0x32	-923.8	-45.4	259.1	47.95	24.08	56.84	0.78369	-0.11078	0.59180	0.14941
9150	IMU1	PARENT_BOTTOM_FIXED	0x33	-46.8	-890.1	446.5	-8.05	31.15	-22.19	0.22388	-0.10437	0.51709	-0.81934
9150	IMU2	CHILD_TOP_MOVING	0x34	-62.5	-974.0	-97.6	-9.94	23.31	-63.70	-0.11597	0.06683	-0.73389	0.66602
9150	IMU3	POSITION_3_EXTRA	0x35	108.8	-964.8	-12.2	-13.51	33.67	-70.84	-0.03015	0.09760	-0.70361	0.70410
9150	IMU4	POSITION_4_EXTRA	0x36	51.2	-917.0	199.6	12.11	33.46	-80.01	0.13257	-0.08002	-0.62305	0.76758
9158	IMU0	POSITION_0_EXTRA	0x32	-906.7	-37.6	267.9	48.44	18.97	57.05	0.78271	-0.10577	0.59424	0.15039
9158	IMU1	PARENT_BOTTOM_FIXED	0x33	-52.7	-893.5	455.8	-10.15	32.69	-22.75	0.22119	-0.10345	0.51807	-0.81934
9158	IMU2	CHILD_TOP_MOVING	0x34	-59.0	-978.9	-86.9	-5.81	22.82	-63.91	-0.11157	0.06927	-0.73438	0.66650
9158	IMU3	POSITION_3_EXTRA	0x35	104.9	-963.8	-3.9	-9.59	32.34	-72.10	-0.02463	0.09973	-0.70361	0.70410
9158	IMU4	POSITION_4_EXTRA	0x36	53.2	-921.8	197.6	12.53	36.68	-80.36	0.13879	-0.07837	-0.62256	0.76709
9167	IMU0	POSITION_0_EXTRA	0x32	-911.6	-21.5	276.2	50.82	17.43	56.56	0.78174	-0.10077	0.59570	0.15125
9167	IMU1	PARENT_BOTTOM_FIXED	0x33	-51.2	-890.1	450.4	-8.75	33.95	-23.10	0.21851	-0.10242	0.51855	-0.81982
9167	IMU2	CHILD_TOP_MOVING	0x34	-57.6	-985.8	-66.4	-0.42	22.75	-63.35	-0.10724	0.07159	-0.73389	0.66699
9167	IMU3	POSITION_3_EXTRA	0x35	118.6	-961.4	-15.1	-8.05	31.22	-73.36	-0.01909	0.10193	-0.70361	0.70410
9167	IMU4	POSITION_4_EXTRA	0x36	55.6	-924.3	193.7	15.12	38.22	-81.20	0.14514	-0.07666	-0.62158	0.76660
9175	IMU0	POSITION_0_EXTRA	0x32	-900.4	-4.4	281.6	49.84	16.31	55.30	0.78076	-0.09576	0.59766	0.15210
9175	IMU1	PARENT_BOTTOM_FIXED	0x33	-55.6	-888.6	450.9	-9.45	34.86	-23.45	0.21570	-0.10138	0.51953	-0.81982
9175	IMU2	CHILD_TOP_MOVING	0x34	-56.1	-985.3	-56.6	2.31	23.38	-62.51	-0.10297	0.07379	-0.73389	0.66797
9175	IMU3	POSITION_3_EXTRA	0x35	125.9	-962.3	-15.6	-10.85	33.32	-73.22	-0.01344	0.10406	-0.70361	0.70361
9175	IMU4	POSITION_4_EXTRA	0x36	63.4	-922.8	200.1	15.40	38.78	-82.11	0.15149	-0.07501	-0.62061	0.76611
9183	IMU0	POSITION_0_EXTRA	0x32	-896.0	-4.4	281.6	52.57	16.52	55.16	0.77979	-0.09058	0.59961	0.15283
9183	IMU1	PARENT_BOTTOM_FIXED	0x33	-48.3	-891.1	447.5	-8.54	34.09	-23.66	0.21301	-0.10040	0.52051	-0.82031
9183	IMU2	CHILD_TOP_MOVING	0x34	-44.4	-984.3	-52.2	3.15	20.09	-62.51	-0.09888	0.07611	-0.73340	0.66895
9183	IMU3	POSITION_3_EXTRA	0x35	125.4	-960.4	-21.5	-11.90	34.23	-72.87	-0.00780	0.10608	-0.70361	0.70313
9183	IMU4	POSITION_4_EXTRA	0x36	66.9	-922.8	204.0	15.05	38.71	-83.23	0.15796	-0.07330	-0.62012	0.76563
9192	IMU0	POSITION_0_EXTRA	0x32	-882.3	12.2	283.0	54.67	16.94	55.37	0.77881	-0.08521	0.60156	0.15344
9192	IMU1	PARENT_BOTTOM_FIXED	0x33	-53.7	-882.3	445.1	-7.70	35.14	-23.87	0.21021	-0.09930	0.52100	-0.82080
9192	IMU2	CHILD_TOP_MOVING	0x34	-28.3	-992.6	-57.1	2.87	16.80	-63.07	-0.09491	0.07867	-0.73291	0.66943
9192	IMU3	POSITION_3_EXTRA	0x35	137.1	-965.8	-19.5	-12.25	35.63	-73.01	-0.00209	0.10797	-0.70361	0.70313
9192	IMU4	POSITION_4_EXTRA	0x36	75.2	-926.7	211.8	15.96	39.90	-84.21	0.16455	-0.07159	-0.61914	0.76514
9200	IMU0	POSITION_0_EXTRA	0x32	-888.6	20.0	284.0	56.42	17.22	52.85	0.77783	-0.07990	0.60352	0.15393
9200	IMU1	PARENT_BOTTOM_FIXED	0x33	-44.9	-886.2	443.6	-7.70	34.23	-24.08	0.20740	-0.09833	0.52197	-0.82129
9200	IMU2	CHILD_TOP_MOVING	0x34	-26.8	-989.7	-80.0	3.43	17.99	-62.79	-0.09088	0.08112	-0.73242	0.67041
9200	IMU3	POSITION_3_EXTRA	0x35	148.8	-969.2	-22.4	-12.95	36.61	-73.71	0.00373	0.10992	-0.70410	0.70264
9200	IMU4	POSITION_4_EXTRA	0x36	83.0	-929.2	214.7	17.29	41.23	-85.26	0.17114	-0.06989	-0.61816	0.76465
9208	IMU0	POSITION_0_EXTRA	0x32	-893.0	16.6	265.0	60.83	18.20	53.69	0.77686	-0.07434	0.60547	0.15417
9208	IMU1	PARENT_BOTTOM_FIXED	0x33	-45.4	-879.4	430.9	-8.12	36.75	-24.08	0.20459	-0.09723	0.52246	-0.82129
9208	IMU2	CHILD_TOP_MOVING	0x34	-29.8	-995.0	-100.0	4.27	19.25	-62.58	-0.08685	0.08350	-0.73193	0.67090
9208	IMU3	POSITION_3_EXTRA	0x35	147.9	-968.2	-25.4	-12.39	40.95	-73.99	0.00972	0.11157	-0.70410	0.70215
9208	IMU4	POSITION_4_EXTRA	0x36	87.8	-922.8	216.2	18.62	42.07	-86.31	0.17786	-0.06824	-0.61719	0.76416
9217	IMU0	POSITION_0_EXTRA	0x32	-899.4	27.3	261.1	65.10	18.55	53.34	0.77588	-0.06854	0.60742	0.15417
9217	IMU1	PARENT_BOTTOM_FIXED	0x33	-43.4	-883.3	434.8	-10.22	38.85	-24.36	0.20154	-0.09601	0.52344	-0.82178
9217	IMU2	CHILD_TOP_MOVING	0x34	-9.8	-983.8	-106.4	7.14	24.78	-62.79	-0.08252	0.08557	-0.73145	0.67188
9217	IMU3	POSITION_3_EXTRA	0x35	152.7	-963.3	-16.1	-13.93	44.59	-73.78	0.01588	0.11298	-0.70410	0.70166
9217	IMU4	POSITION_4_EXTRA	0x36	97.6	-916.0	225.9	20.23	42.56	-87.36	0.18469	-0.06641	-0.61572	0.76367
9225	IMU0	POSITION_0_EXTRA	0x32	-897.9	40.5	254.7	66.50	16.94	54.25	0.77490	-0.06256	0.60938	0.15417
9225	IMU1	PARENT_BOTTOM_FIXED	0x33	-42.5	-882.3	436.3	-11.34	40.67	-24.92	0.19849	-0.09473	0.52441	-0.82227
9225	IMU2	CHILD_TOP_MOVING	0x34	-5.4	-986.7	-101.5	12.04	31.08	-63.49	-0.07782	0.08734	-0.73047	0.67285
9225	IMU3	POSITION_3_EXTRA	0x35	161.0	-961.8	-15.1	-14.14	46.76	-74.06	0.02216	0.11432	-0.70410	0.70117
9225	IMU4	POSITION_4_EXTRA	0x36	106.9	-909.6	229.4	19.04	44.10	-88.27	0.19165	-0.06470	-0.61475	0.76318
9233	IMU0	POSITION_0_EXTRA	0x32	-901.8	46.8	260.1	61.67	14.07	53.90	0.77393	-0.05688	0.61133	0.15442
9233	IMU1	PARENT_BOTTOM_FIXED	0x33	-41.0	-881.8	433.8	-10.78	41.02	-25.41	0.19531	-0.09338	0.52539	-0.82227
9233	IMU2	CHILD_TOP_MOVING	0x34	6.8	-987.7	-91.3	16.31	37.38	-64.12	-0.07281	0.08887	-0.72949	0.67432
9233	IMU3	POSITION_3_EXTRA	0x35	170.3	-957.0	-13.2	-14.35	48.79	-73.92	0.02853	0.11554	-0.70410	0.70068
9233	IMU4	POSITION_4_EXTRA	0x36	109.3	-910.1	223.5	18.20	45.36	-88.48	0.19873	-0.06305	-0.61328	0.76270
9242	IMU0	POSITION_0_EXTRA	0x32	-898.9	57.1	248.4	70.70	14.77	54.32	0.77295	-0.05066	0.61328	0.15430
9242	IMU1	PARENT_BOTTOM_FIXED	0x33	-41.0	-887.7	425.5	-12.04	41.51	-25.97	0.19214	-0.09210	0.52637	-0.82275
9242	IMU2	CHILD_TOP_MOVING	0x34	10.2	-987.7	-89.3	21.98	41.72	-64.82	-0.06757	0.09009	-0.72852	0.67627
9242	IMU3	POSITION_3_EXTRA	0x35	182.0	-957.5	-14.2	-15.75	49.63	-73.71	0.03494	0.11664	-0.70410	0.70020
9242	IMU4	POSITION_4_EXTRA	0x36	122.0	-913.5	228.9	20.79	46.76	-89.25	0.20569	-0.06146	-0.61182	0.76221
9250	IMU0	POSITION_0_EXTRA	0x32	-863.8	83.0	254.2	66.64	13.16	54.46	0.77197	-0.04462	0.61475	0.15430
9250	IMU1	PARENT_BOTTOM_FIXED	0x33	-44.9	-897.4	421.1	-12.32	42.70	-26.74	0.18884	-0.09082	0.52783	-0.82275
9250	IMU2	CHILD_TOP_MOVING	0x34	19.0	-977.5	-87.4	20.65	48.30	-65.10	-0.06195	0.09106	-0.72754	0.67773
9250	IMU3	POSITION_3_EXTRA	0x35	188.9	-952.1	-23.9	-16.24	51.31	-73.71	0.04144	0.11768	-0.70459	0.69971
9250	IMU4	POSITION_4_EXTRA	0x36	119.6	-901.3	234.2	21.98	47.46	-90.30	0.21289	-0.05978	-0.61035	0.76172
9258	IMU0	POSITION_0_EXTRA	0x32	-844.7	87.4	264.0	71.68	17.99	55.51	0.77051	-0.03833	0.61670	0.15417
9258	IMU1	PARENT_BOTTOM_FIXED	0x33	-45.4	-901.3	411.9	-12.46	42.63	-27.51	0.18555	-0.08948	0.52881	-0.82275
9258	IMU2	CHILD_TOP_MOVING	0x34	11.7	-974.0	-85.4	20.51	51.24	-65.59	-0.05627	0.09180	-0.72607	0.67969
9258	IMU3	POSITION_3_EXTRA	0x35	191.3	-948.2	-24.4	-16.10	56.35	-73.78	0.04807	0.11823	-0.70313	0.69775
9258	IMU4	POSITION_4_EXTRA	0x36	118.1	-894.0	214.2	18.41	44.31	-89.88	0.21997	-0.05801	-0.60938	0.76074
9267	IMU0	POSITION_0_EXTRA	0x32	-877.4	90.3	254.7	77.00	21.91	52.57	0.76953	-0.03192	0.61914	0.15369
9267	IMU1	PARENT_BOTTOM_FIXED	0x33	-42.9	-911.6	411.9	-13.16	43.33	-28.14	0.18213	-0.08820	0.53027	-0.82324
9267	IMU2	CHILD_TOP_MOVING	0x34	19.0	-986.7	-85.9	18.27	54.46	-65.94	-0.05035	0.09247	-0.72510	0.68115
9267	IMU3	POSITION_3_EXTRA	0x35	195.2	-949.6	-19.5	-15.96	59.64	-74.20	0.05493	0.11877	-0.70313	0.69727
9267	IMU4	POSITION_4_EXTRA	0x36	146.9	-899.9	242.5	17.50	47.18	-91.14	0.22717	-0.05634	-0.60791	0.75977
9275	IMU0	POSITION_0_EXTRA	0x32	-891.1	102.0	223.5	78.47	21.35	53.55	0.76807	-0.02534	0.62109	0.15308
9275	IMU1	PARENT_BOTTOM_FIXED	0x33	-36.1	-913.5	403.1	-14.14	43.68	-28.98	0.17859	-0.08698	0.53125	-0.82324
9275	IMU2	CHILD_TOP_MOVING	0x34	16.1	-980.9	-89.8	17.50	52.85	-66.57	-0.04456	0.09314	-0.72412	0.68262
9275	IMU3	POSITION_3_EXTRA	0x35	201.5	-954.0	-24.4	-15.12	63.21	-74.62	0.06195	0.11914	-0.70313	0.69678
9275	IMU4	POSITION_4_EXTRA	0x36	140.5	-903.8	250.3	18.69	49.21	-91.77	0.23438	-0.05472	-0.60645	0.75879
9283	IMU0	POSITION_0_EXTRA	0x32	-902.3	116.6	233.3	80.08	17.50	56.35	0.76660	-0.01854	0.62305	0.15259
9283	IMU1	PARENT_BOTTOM_FIXED	0x33	-33.2	-925.7	406.5	-14.35	44.52	-29.75	0.17493	-0.08569	0.53271	-0.82324
9283	IMU2	CHILD_TOP_MOVING	0x34	37.1	-986.2	-94.2	20.79	49.56	-68.04	-0.03885	0.09406	-0.72314	0.68408
9283	IMU3	POSITION_3_EXTRA	0x35	203.5	-950.1	-25.4	-13.16	66.43	-75.18	0.06915	0.11938	-0.70264	0.69629
9283	IMU4	POSITION_4_EXTRA	0x36	147.9	-896.5	235.7	21.63	50.33	-91.98	0.24133	-0.05301	-0.60352	0.75684
9292	IMU0	POSITION_0_EXTRA	0x32	-885.2	108.8	235.2	79.31	13.79	55.93	0.76563	-0.01173	0.62500	0.15210
9292	IMU1	PARENT_BOTTOM_FIXED	0x33	-26.8	-931.1	400.2	-13.79	44.66	-30.59	0.17126	-0.08453	0.53418	-0.82324
9292	IMU2	CHILD_TOP_MOVING	0x34	44.9	-972.6	-91.7	23.45	47.04	-70.14	-0.03317	0.09528	-0.72168	0.68555
9292	IMU3	POSITION_3_EXTRA	0x35	213.3	-945.7	-25.4	-10.92	66.50	-76.58	0.07635	0.11969	-0.70215	0.69580
9292	IMU4	POSITION_4_EXTRA	0x36	151.8	-893.5	241.6	23.31	48.23	-92.68	0.24854	-0.05121	-0.60205	0.75586
9300	IMU0	POSITION_0_EXTRA	0x32	-890.1	125.9	234.2	80.71	13.02	55.58	0.76416	-0.00486	0.62646	0.15149
9300	IMU1	PARENT_BOTTOM_FIXED	0x33	-20.5	-946.7	389.4	-11.27	44.24	-31.36	0.16760	-0.08337	0.53516	-0.82324
9300	IMU2	CHILD_TOP_MOVING	0x34	37.1	-982.3	-89.8	27.44	48.09	-71.12	-0.02750	0.09631	-0.72021	0.68750
9300	IMU3	POSITION_3_EXTRA	0x35	211.8	-937.0	-30.3	-9.24	66.50	-77.77	0.08362	0.12000	-0.70166	0.69531
9300	IMU4	POSITION_4_EXTRA	0x36	152.3	-873.5	244.0	21.98	44.10	-93.31	0.25586	-0.04919	-0.60059	0.75488
9308	IMU0	POSITION_0_EXTRA	0x32	-877.9	138.6	245.0	85.26	13.02	57.82	0.76318	0.00237	0.62842	0.15076
9308	IMU1	PARENT_BOTTOM_FIXED	0x33	-20.5	-952.6	369.4	-7.63	45.29	-32.27	0.16370	-0.08215	0.53613	-0.82373
9308	IMU2	CHILD_TOP_MOVING	0x34	50.3	-968.2	-70.8	29.54	42.21	-73.01	-0.02203	0.09784	-0.71826	0.68945
9308	IMU3	POSITION_3_EXTRA	0x35	220.6	-932.1	-16.1	-7.77	65.52	-78.68	0.09076	0.12036	-0.70117	0.69531
9308	IMU4	POSITION_4_EXTRA	0x36	179.6	-870.1	250.3	19.11	38.01	-93.87	0.26245	-0.04688	-0.59912	0.75391
9317	IMU0	POSITION_0_EXTRA	0x32	-863.8	155.7	252.8	82.95	14.98	55.86	0.76172	0.00935	0.62988	0.15015
9317	IMU1	PARENT_BOTTOM_FIXED	0x33	-27.8	-952.1	379.7	-5.81	45.64	-33.25	0.15991	-0.08087	0.53711	-0.82373
9317	IMU2	CHILD_TOP_MOVING	0x34	71.2	-969.7	-62.5	30.17	39.90	-74.55	-0.01657	0.09955	-0.71631	0.69092
9317	IMU3	POSITION_3_EXTRA	0x35	241.6	-927.7	-11.7	-6.44	62.65	-79.73	0.09802	0.12115	-0.70068	0.69531
9317	IMU4	POSITION_4_EXTRA	0x36	190.3	-865.2	264.0	18.20	39.13	-93.94	0.26953	-0.04459	-0.59766	0.75293
9325	IMU0	POSITION_0_EXTRA	0x32	-856.4	147.4	240.6	84.14	20.02	56.21	0.76025	0.01637	0.63184	0.14941
9325	IMU1	PARENT_BOTTOM_FIXED	0x33	-27.3	-955.0	388.4	-3.22	44.80	-33.60	0.15613	-0.07965	0.53760	-0.82422
9325	IMU2	CHILD_TOP_MOVING	0x34	84.9	-959.4	-66.4	30.73	33.60	-76.23	-0.01134	0.10168	-0.71436	0.69287
9325	IMU3	POSITION_3_EXTRA	0x35	261.6	-916.0	-7.3	-4.83	61.18	-80.92	0.10522	0.12201	-0.69971	0.69531
9325	IMU4	POSITION_4_EXTRA	0x36	220.6	-863.3	268.4	21.00	39.69	-94.08	0.27637	-0.04230	-0.59570	0.75146
9333	IMU0	POSITION_0_EXTRA	0x32	-853.5	178.6	217.6	82.67	25.69	53.76	0.75830	0.02312	0.63428	0.14856
9333	IMU1	PARENT_BOTTOM_FIXED	0x33	-35.1	-956.5	390.4	-0.35	44.94	-34.16	0.15234	-0.07831	0.53809	-0.82471
9333	IMU2	CHILD_TOP_MOVING	0x34	102.0	-967.2	-63.0	30.17	27.86	-77.98	-0.00629	0.10419	-0.71240	0.69482
9333	IMU3	POSITION_3_EXTRA	0x35	279.6	-912.6	-7.3	-5.04	58.59	-81.69	0.11230	0.12305	-0.69922	0.69482
9333	IMU4	POSITION_4_EXTRA	0x36	229.8	-854.5	262.5	22.12	41.37	-94.43	0.28345	-0.04007	-0.59424	0.75049
9342	IMU0	POSITION_0_EXTRA	0x32	-852.5	171.8	192.3	77.70	25.20	52.71	0.75635	0.02956	0.63623	0.14795
9342	IMU1	PARENT_BOTTOM_FIXED	0x33	-38.1	-957.9	388.4	-3.78	45.43	-35.21	0.14844	-0.07703	0.53906	-0.82520
9342	IMU2	CHILD_TOP_MOVING	0x34	108.8	-957.0	-61.0	27.09	25.06	-78.82	-0.00133	0.10693	-0.71045	0.69629
9342	IMU3	POSITION_3_EXTRA	0x35	291.3	-902.8	-23.9	-5.39	58.24	-82.39	0.11957	0.12421	-0.69824	0.69434
9342	IMU4	POSITION_4_EXTRA	0x36	226.9	-848.1	263.5	27.02	33.04	-94.92	0.29004	-0.03726	-0.59229	0.74951
9350	IMU0	POSITION_0_EXTRA	0x32	-846.7	157.6	126.4	87.78	34.44	49.77	0.75439	0.03632	0.63916	0.14673
9350	IMU1	PARENT_BOTTOM_FIXED	0x33	-46.4	-971.1	396.7	-4.69	45.15	-36.40	0.14453	-0.07581	0.53955	-0.82568
9350	IMU2	CHILD_TOP_MOVING	0x34	128.8	-960.9	-53.7	24.64	23.10	-80.22	0.00366	0.10986	-0.70898	0.69775
9350	IMU3	POSITION_3_EXTRA	0x35	302.6	-899.4	-29.3	-6.65	60.90	-82.39	0.12683	0.12524	-0.69727	0.69385
9350	IMU4	POSITION_4_EXTRA	0x36	252.8	-838.4	266.4	31.22	22.05	-95.20	0.29639	-0.03372	-0.59033	0.74902
9358	IMU0	POSITION_0_EXTRA	0x32	-892.6	191.8	93.2	91.49	38.22	48.16	0.75195	0.04315	0.64209	0.14526
9358	IMU1	PARENT_BOTTOM_FIXED	0x33	-43.9	-970.1	389.9	-1.26	44.45	-37.10	0.14063	-0.07452	0.54004	-0.82617
9358	IMU2	CHILD_TOP_MOVING	0x34	134.2	-947.2	-51.2	23.87	24.15	-80.64	0.00872	0.11273	-0.70703	0.69873
9358	IMU3	POSITION_3_EXTRA	0x35	311.8	-886.2	-19.5	-6.79	62.51	-82.53	0.13428	0.12610	-0.69629	0.69336
9358	IMU4	POSITION_4_EXTRA	0x36	264.0	-821.3	276.2	27.09	22.54	-95.34	0.30249	-0.03032	-0.58887	0.74805
9367	IMU0	POSITION_0_EXTRA	0x32	-865.7	188.9	71.7	88.62	38.50	49.63	0.74902	0.04990	0.64502	0.14392
9367	IMU1	PARENT_BOTTOM_FIXED	0x33	-48.8	-968.2	396.7	1.40	42.84	-37.17	0.13672	-0.07336	0.54053	-0.82666
9367	IMU2	CHILD_TOP_MOVING	0x34	144.4	-945.3	-49.3	26.60	23.94	-81.20	0.01376	0.11560	-0.70508	0.70020
9367	IMU3	POSITION_3_EXTRA	0x35	315.7	-879.4	-17.1	-5.18	63.70	-83.37	0.14185	0.12708	-0.69531	0.69287
9367	IMU4	POSITION_4_EXTRA	0x36	275.7	-812.0	278.6	20.86	30.66	-95.13	0.30908	-0.02750	-0.58691	0.74658
9375	IMU0	POSITION_0_EXTRA	0x32	-863.8	208.9	63.4	85.05	44.52	48.09	0.74609	0.05634	0.64795	0.14270
9375	IMU1	PARENT_BOTTOM_FIXED	0x33	-42.0	-951.1	377.2	4.06	42.21	-37.38	0.13293	-0.07220	0.54053	-0.82764
9375	IMU2	CHILD_TOP_MOVING	0x34	154.2	-931.6	-48.8	31.08	26.32	-81.76	0.01900	0.11847	-0.70264	0.70215
9375	IMU3	POSITION_3_EXTRA	0x35	318.2	-866.2	-14.6	-3.50	64.82	-84.14	0.14941	0.12805	-0.69385	0.69238
9375	IMU4	POSITION_4_EXTRA	0x36	284.5	-805.7	282.1	18.62	38.36	-95.06	0.31592	-0.02513	-0.58545	0.74512
9383	IMU0	POSITION_0_EXTRA	0x32	-870.1	226.9	69.8	83.72	43.82	46.76	0.74316	0.06262	0.65137	0.14148
9383	IMU1	PARENT_BOTTOM_FIXED	0x33	-46.4	-947.7	379.2	4.97	42.63	-37.73	0.12915	-0.07098	0.54053	-0.82812
9383	IMU2	CHILD_TOP_MOVING	0x34	163.5	-931.6	-41.0	34.72	26.32	-82.74	0.02425	0.12140	-0.70020	0.70410
9383	IMU3	POSITION_3_EXTRA	0x35	333.8	-865.2	-2.4	-1.19	64.12	-84.98	0.15698	0.12915	-0.69238	0.69189
9383	IMU4	POSITION_4_EXTRA	0x36	298.2	-798.4	291.8	18.69	39.55	-94.85	0.32275	-0.02284	-0.58350	0.74365
9392	IMU0	POSITION_0_EXTRA	0x32	-840.3	241.6	79.5	82.18	41.58	47.53	0.74072	0.06885	0.65430	0.14038
9392	IMU1	PARENT_BOTTOM_FIXED	0x33	-58.6	-936.5	376.7	6.09	43.12	-37.87	0.12537	-0.06964	0.54053	-0.82861
9392	IMU2	CHILD_TOP_MOVING	0x34	181.5	-928.2	-30.7	36.12	25.20	-82.95	0.02943	0.12439	-0.69775	0.70557
9392	IMU3	POSITION_3_EXTRA	0x35	369.9	-858.4	9.8	2.31	62.58	-86.10	0.16455	0.13025	-0.69092	0.69189
9392	IMU4	POSITION_4_EXTRA	0x36	340.6	-786.7	300.1	17.50	39.69	-94.01	0.32935	-0.02063	-0.58203	0.74219
9400	IMU0	POSITION_0_EXTRA	0x32	-846.7	276.7	91.3	83.23	47.18	43.89	0.73730	0.07495	0.65723	0.13904
9400	IMU1	PARENT_BOTTOM_FIXED	0x33	-82.0	-940.4	385.0	8.05	43.47	-38.08	0.12164	-0.06812	0.54053	-0.82959
9400	IMU2	CHILD_TOP_MOVING	0x34	208.9	-931.6	-15.1	34.09	20.51	-81.90	0.03436	0.12756	-0.69531	0.70752
9400	IMU3	POSITION_3_EXTRA	0x35	418.2	-853.5	27.3	5.67	59.78	-86.80	0.17200	0.13184	-0.68896	0.69141
9400	IMU4	POSITION_4_EXTRA	0x36	376.2	-784.7	323.5	15.96	40.39	-93.59	0.33618	-0.01849	-0.58057	0.74072
9408	IMU0	POSITION_0_EXTRA	0x32	-868.6	329.4	85.4	82.32	44.03	43.26	0.73438	0.08099	0.66016	0.13757
9408	IMU1	PARENT_BOTTOM_FIXED	0x33	-107.4	-938.9	379.2	11.69	41.79	-38.43	0.11804	-0.06659	0.54004	-0.83057
9408	IMU2	CHILD_TOP_MOVING	0x34	225.0	-928.7	-2.9	28.14	17.99	-78.96	0.03909	0.13074	-0.69287	0.70898
9408	IMU3	POSITION_3_EXTRA	0x35	461.6	-846.7	37.1	9.52	57.61	-86.94	0.17957	0.13367	-0.68652	0.69141
9408	IMU4	POSITION_4_EXTRA	0x36	430.4	-770.1	328.4	12.53	35.35	-93.17	0.34277	-0.01619	-0.57910	0.73877
9417	IMU0	POSITION_0_EXTRA	0x32	-841.3	314.3	83.0	79.45	41.44	44.52	0.73145	0.08698	0.66309	0.13647
9417	IMU1	PARENT_BOTTOM_FIXED	0x33	-137.6	-939.9	377.7	11.69	41.16	-39.69	0.11450	-0.06494	0.54004	-0.83105
9417	IMU2	CHILD_TOP_MOVING	0x34	252.3	-957.9	6.3	21.63	21.56	-75.46	0.04391	0.13354	-0.69092	0.70996
9417	IMU3	POSITION_3_EXTRA	0x35	500.7	-850.1	53.7	8.82	57.68	-84.91	0.18713	0.13550	-0.68408	0.69141
9417	IMU4	POSITION_4_EXTRA	0x36	496.3	-776.4	328.9	13.37	34.79	-91.42	0.34961	-0.01315	-0.57764	0.73682
9425	IMU0	POSITION_0_EXTRA	0x32	-871.6	304.5	108.8	81.34	44.80	39.62	0.72852	0.09271	0.66602	0.13489
9425	IMU1	PARENT_BOTTOM_FIXED	0x33	-153.2	-950.1	381.1	13.72	40.11	-41.30	0.11096	-0.06335	0.53955	-0.83203
9425	IMU2	CHILD_TOP_MOVING	0x34	282.1	-952.6	17.1	17.71	21.91	-73.08	0.04877	0.13635	-0.68945	0.71094
9425	IMU3	POSITION_3_EXTRA	0x35	538.3	-843.8	45.9	5.25	57.96	-81.34	0.19458	0.13721	-0.68213	0.69092
9425	IMU4	POSITION_4_EXTRA	0x36	533.9	-782.3	369.4	14.35	37.31	-90.23	0.35669	-0.01018	-0.57568	0.73486
9433	IMU0	POSITION_0_EXTRA	0x32	-911.1	303.0	50.3	82.39	41.44	33.18	0.72510	0.09833	0.66895	0.13293
9433	IMU1	PARENT_BOTTOM_FIXED	0x33	-164.9	-964.3	382.6	13.02	41.02	-42.42	0.10693	-0.06244	0.53906	-0.83301
9433	IMU2	CHILD_TOP_MOVING	0x34	314.8	-941.8	42.5	13.58	19.18	-70.56	0.05350	0.13916	-0.68750	0.71143
9433	IMU3	POSITION_3_EXTRA	0x35	564.6	-825.7	27.8	1.47	59.15	-77.56	0.20190	0.13855	-0.68066	0.69043
9433	IMU4	POSITION_4_EXTRA	0x36	550.0	-744.7	368.4	7.28	27.37	-89.60	0.36328	-0.00679	-0.57422	0.73291
9442	IMU0	POSITION_0_EXTRA	0x32	-912.1	333.3	38.1	79.52	41.02	33.74	0.72217	0.10388	0.67188	0.13123
9442	IMU1	PARENT_BOTTOM_FIXED	0x33	-185.4	-966.2	370.9	4.90	41.09	-43.26	0.10278	-0.06158	0.53857	-0.83398
9442	IMU2	CHILD_TOP_MOVING	0x34	393.3	-982.3	42.0	10.29	10.71	-69.16	0.05750	0.14209	-0.68652	0.71191
9442	IMU3	POSITION_3_EXTRA	0x35	606.6	-838.9	14.6	1.68	66.64	-75.18	0.20959	0.13965	-0.67871	0.68994
9442	IMU4	POSITION_4_EXTRA	0x36	552.4	-819.8	290.4	16.80	37.24	-81.90	0.36938	-0.00425	-0.57275	0.73096
9450	IMU0	POSITION_0_EXTRA	0x32	-939.9	436.3	-4.9	66.99	37.24	22.96	0.71924	0.10870	0.67432	0.12976
9450	IMU1	PARENT_BOTTOM_FIXED	0x33	-105.4	-1002.8	429.9	33.32	40.18	-42.91	0.09875	-0.06058	0.53662	-0.83545
9450	IMU2	CHILD_TOP_MOVING	0x34	305.0	-984.8	39.5	20.79	11.55	-64.12	0.06125	0.14478	-0.68457	0.71289
9450	IMU3	POSITION_3_EXTRA	0x35	666.1	-853.5	58.1	-36.40	47.53	-65.66	0.21570	0.13989	-0.67920	0.68750
9450	IMU4	POSITION_4_EXTRA	0x36	648.1	-728.6	358.7	21.35	26.18	-89.04	0.37622	-0.00013	-0.57080	0.72900
9458	IMU0	POSITION_0_EXTRA	0x32	-952.6	409.9	-32.2	57.47	34.86	28.70	0.71631	0.11316	0.67725	0.12891
9458	IMU1	PARENT_BOTTOM_FIXED	0x33	-143.5	-948.2	395.3	-2.80	37.38	-45.36	0.09503	-0.05942	0.53711	-0.83594
9458	IMU2	CHILD_TOP_MOVING	0x34	370.9	-981.4	19.0	0.84	-42.49	-61.88	0.06232	0.15002	-0.68408	0.71240
9458	IMU3	POSITION_3_EXTRA	0x35	573.9	-902.3	-4.9	-0.42	36.75	-71.19	0.22119	0.14160	-0.67773	0.68701
9458	IMU4	POSITION_4_EXTRA	0x36	620.7	-804.7	391.9	-5.95	47.88	-84.07	0.38257	0.00063	-0.56982	0.72656
9467	IMU0	POSITION_0_EXTRA	0x32	-947.2	394.8	29.8	62.37	38.99	31.99	0.71338	0.11786	0.67969	0.12805
9467	IMU1	PARENT_BOTTOM_FIXED	0x33	-111.8	-959.4	395.8	12.11	39.13	-44.59	0.09125	-0.05817	0.53662	-0.83643
9467	IMU2	CHILD_TOP_MOVING	0x34	417.2	-998.9	34.6	-10.22	-5.11	-60.20	0.06531	0.15332	-0.68408	0.71143
9467	IMU3	POSITION_3_EXTRA	0x35	612.9	-815.0	-37.6	4.27	52.08	-70.00	0.22766	0.14319	-0.67627	0.68604
9467	IMU4	POSITION_4_EXTRA	0x36	580.7	-755.4	390.9	15.12	46.20	-86.31	0.38965	0.00295	-0.56787	0.72461
9475	IMU0	POSITION_0_EXTRA	0x32	-922.8	362.1	44.4	66.92	31.57	30.52	0.71094	0.12268	0.68164	0.12671
9475	IMU1	PARENT_BOTTOM_FIXED	0x33	-105.9	-950.6	403.6	19.32	37.59	-43.82	0.08759	-0.05695	0.53564	-0.83789
9475	IMU2	CHILD_TOP_MOVING	0x34	380.2	-990.2	20.0	-5.88	10.08	-56.35	0.06873	0.15552	-0.68359	0.71094
9475	IMU3	POSITION_3_EXTRA	0x35	576.3	-864.7	19.0	11.41	57.33	-69.72	0.23401	0.14417	-0.67383	0.68604
9475	IMU4	POSITION_4_EXTRA	0x36	568.5	-799.3	355.3	-2.03	62.30	-81.62	0.39673	0.00352	-0.56641	0.72217
9483	IMU0	POSITION_0_EXTRA	0x32	-927.2	362.6	21.0	70.00	32.76	27.09	0.70850	0.12744	0.68359	0.12500
9483	IMU1	PARENT_BOTTOM_FIXED	0x33	-78.6	-919.4	381.6	13.65	39.69	-43.26	0.08374	-0.05569	0.53516	-0.83838
9483	IMU2	CHILD_TOP_MOVING	0x34	364.5	-979.9	30.7	16.10	27.09	-54.74	0.07275	0.15674	-0.68066	0.71045
9483	IMU3	POSITION_3_EXTRA	0x35	595.8	-812.5	28.3	-0.91	66.78	-66.29	0.24109	0.14453	-0.67236	0.68506
9483	IMU4	POSITION_4_EXTRA	0x36	542.7	-773.5	387.0	14.14	61.32	-82.95	0.40405	0.00459	-0.56348	0.72021
9492	IMU0	POSITION_0_EXTRA	0x32	-919.9	400.6	4.4	71.54	27.37	26.74	0.70605	0.13245	0.68555	0.12323
9492	IMU1	PARENT_BOTTOM_FIXED	0x33	-73.2	-915.0	387.0	5.74	43.89	-42.77	0.07971	-0.05426	0.53516	-0.83887
9492	IMU2	CHILD_TOP_MOVING	0x34	362.1	-968.2	69.8	25.90	43.96	-55.02	0.07764	0.15735	-0.67822	0.71191
9492	IMU3	POSITION_3_EXTRA	0x35	543.6	-843.8	37.1	-15.96	83.23	-59.85	0.24841	0.14307	-0.67090	0.68408
9492	IMU4	POSITION_4_EXTRA	0x36	515.3	-768.1	348.4	11.13	54.95	-80.64	0.41064	0.00565	-0.56152	0.71826
9500	IMU0	POSITION_0_EXTRA	0x32	-937.9	406.0	-39.5	72.94	23.10	28.35	0.70361	0.13770	0.68750	0.12146
9500	IMU1	PARENT_BOTTOM_FIXED	0x33	-68.8	-895.5	386.5	7.70	45.08	-42.00	0.07574	-0.05273	0.53516	-0.83984
9500	IMU2	CHILD_TOP_MOVING	0x34	330.4	-995.5	73.2	27.86	67.55	-52.08	0.08331	0.15662	-0.67578	0.71387
9500	IMU3	POSITION_3_EXTRA	0x35	551.0	-866.2	63.9	-18.76	81.20	-57.89	0.25562	0.14160	-0.66992	0.68311
9500	IMU4	POSITION_4_EXTRA	0x36	519.2	-769.1	381.6	4.97	44.03	-78.68	0.41675	0.00698	-0.55957	0.71582
9508	IMU0	POSITION_0_EXTRA	0x32	-924.8	390.9	-19.0	65.94	22.68	31.57	0.70117	0.14258	0.68896	0.12012
9508	IMU1	PARENT_BOTTOM_FIXED	0x33	-70.3	-870.6	389.9	6.65	46.55	-41.02	0.07178	-0.05103	0.53467	-0.84033
9508	IMU2	CHILD_TOP_MOVING	0x34	302.6	-976.5	58.6	34.30	70.49	-50.89	0.08887	0.15540	-0.67285	0.71631
9508	IMU3	POSITION_3_EXTRA	0x35	535.3	-867.2	61.5	-16.17	78.75	-56.35	0.26245	0.14001	-0.66846	0.68213
9508	IMU4	POSITION_4_EXTRA	0x36	545.1	-780.8	369.4	-1.47	37.31	-77.35	0.42236	0.00845	-0.55859	0.71338
9517	IMU0	POSITION_0_EXTRA	0x32	-910.6	392.4	-30.7	66.36	23.94	29.40	0.69873	0.14734	0.69043	0.11865
9517	IMU1	PARENT_BOTTOM_FIXED	0x33	-77.6	-858.9	387.0	4.97	45.64	-39.90	0.06763	-0.04974	0.53467	-0.84082
9517	IMU2	CHILD_TOP_MOVING	0x34	319.2	-957.5	61.5	35.07	74.06	-48.72	0.09448	0.15393	-0.66992	0.71875
9517	IMU3	POSITION_3_EXTRA	0x35	543.6	-868.6	97.1	-6.93	69.09	-56.70	0.26855	0.13916	-0.66699	0.68115
9517	IMU4	POSITION_4_EXTRA	0x36	568.0	-799.3	380.2	-0.84	48.30	-74.76	0.42822	0.00892	-0.55713	0.71094
9525	IMU0	POSITION_0_EXTRA	0x32	-888.6	386.0	-35.1	69.30	25.83	26.04	0.69629	0.15222	0.69238	0.11682
9525	IMU1	PARENT_BOTTOM_FIXED	0x33	-83.0	-856.9	376.2	5.39	43.54	-38.71	0.06366	-0.04855	0.53418	-0.84131
9525	IMU2	CHILD_TOP_MOVING	0x34	309.9	-949.2	62.5	24.15	79.87	-45.50	0.10040	0.15210	-0.66797	0.72070
9525	IMU3	POSITION_3_EXTRA	0x35	542.7	-861.8	79.5	-2.24	63.28	-55.72	0.27441	0.13855	-0.66504	0.68066
9525	IMU4	POSITION_4_EXTRA	0x36	567.1	-800.3	401.6	4.27	61.25	-72.10	0.43433	0.00878	-0.55518	0.70898
9533	IMU0	POSITION_0_EXTRA	0x32	-896.5	394.8	-44.9	67.90	28.14	24.71	0.69385	0.15674	0.69434	0.11511
9533	IMU1	PARENT_BOTTOM_FIXED	0x33	-87.4	-854.5	368.0	5.46	41.93	-37.45	0.05978	-0.04739	0.53418	-0.84180
9533	IMU2	CHILD_TOP_MOVING	0x34	284.5	-951.6	55.6	12.53	80.29	-42.49	0.10608	0.14978	-0.66650	0.72217
9533	IMU3	POSITION_3_EXTRA	0x35	544.1	-853.5	73.7	2.03	60.55	-54.32	0.28003	0.13818	-0.66357	0.68018
9533	IMU4	POSITION_4_EXTRA	0x36	555.8	-787.6	385.0	13.09	52.64	-70.07	0.44019	0.00951	-0.55273	0.70703
9542	IMU0	POSITION_0_EXTRA	0x32	-910.1	405.5	-66.4	67.48	27.51	22.96	0.69141	0.16138	0.69629	0.11328
9542	IMU1	PARENT_BOTTOM_FIXED	0x33	-92.2	-860.3	357.7	3.50	41.58	-36.05	0.05603	-0.04623	0.53369	-0.84229
9542	IMU2	CHILD_TOP_MOVING	0x34	294.8	-951.1	56.6	4.69	66.36	-39.90	0.11102	0.14795	-0.66504	0.72266
9542	IMU3	POSITION_3_EXTRA	0x35	567.5	-841.8	81.0	-0.70	58.59	-51.03	0.28540	0.13770	-0.66162	0.67969
9542	IMU4	POSITION_4_EXTRA	0x36	618.8	-774.9	391.9	11.13	58.73	-65.45	0.44604	0.00945	-0.55029	0.70557
9550	IMU0	POSITION_0_EXTRA	0x32	-917.0	404.1	-93.7	66.15	23.17	22.68	0.68896	0.16577	0.69775	0.11139
9550	IMU1	PARENT_BOTTOM_FIXED	0x33	-96.1	-884.7	357.7	-0.28	43.54	-34.79	0.05264	-0.04431	0.53418	-0.84229
9550	IMU2	CHILD_TOP_MOVING	0x34	307.9	-957.5	58.1	-0.21	53.48	-36.75	0.11530	0.14661	-0.66455	0.72314
9550	IMU3	POSITION_3_EXTRA	0x35	584.6	-840.8	88.3	-6.16	55.86	-46.97	0.29053	0.13708	-0.66016	0.67920
9550	IMU4	POSITION_4_EXTRA	0x36	593.4	-774.9	441.2	15.54	58.24	-62.79	0.45142	0.00945	-0.54736	0.70410
9558	IMU0	POSITION_0_EXTRA	0x32	-940.9	429.4	-86.9	65.03	22.19	21.14	0.68652	0.17017	0.69971	0.10956
9558	IMU1	PARENT_BOTTOM_FIXED	0x33	-110.8	-911.1	377.2	-2.45	42.49	-33.46	0.04938	-0.04236	0.53467	-0.84229
9558	IMU2	CHILD_TOP_MOVING	0x34	315.7	-959.9	42.9	-0.91	38.92	-34.16	0.11871	0.14600	-0.66406	0.72314
9558	IMU3	POSITION_3_EXTRA	0x35	597.3	-835.0	98.1	-10.99	53.20	-42.35	0.29541	0.13623	-0.65918	0.67822
9558	IMU4	POSITION_4_EXTRA	0x36	586.1	-756.9	397.7	12.53	29.05	-61.11	0.45605	0.01112	-0.54590	0.70264
9567	IMU0	POSITION_0_EXTRA	0x32	-939.9	450.4	-111.3	65.45	20.37	18.76	0.68408	0.17444	0.70117	0.10754
9567	IMU1	PARENT_BOTTOM_FIXED	0x33	-107.8	-937.9	385.0	-2.80	40.95	-32.06	0.04626	-0.04047	0.53516	-0.84229
9567	IMU2	CHILD_TOP_MOVING	0x34	330.9	-958.9	26.8	2.80	24.29	-32.20	0.12128	0.14612	-0.66357	0.72314
9567	IMU3	POSITION_3_EXTRA	0x35	604.1	-834.5	94.2	-10.92	49.28	-39.41	0.29980	0.13550	-0.65820	0.67725
9567	IMU4	POSITION_4_EXTRA	0x36	643.2	-754.4	419.2	2.94	29.12	-56.56	0.45996	0.01194	-0.54492	0.70068
9575	IMU0	POSITION_0_EXTRA	0x32	-951.1	469.0	-96.1	63.49	17.99	17.92	0.68213	0.17834	0.70215	0.10547
9575	IMU1	PARENT_BOTTOM_FIXED	0x33	-113.7	-973.1	404.6	-1.68	38.36	-30.80	0.04294	-0.03931	0.53516	-0.84277
9575	IMU2	CHILD_TOP_MOVING	0x34	362.6	-961.4	27.8	4.76	18.83	-30.52	0.12360	0.14661	-0.66309	0.72314
9575	IMU3	POSITION_3_EXTRA	0x35	616.3	-847.2	89.3	-3.36	45.43	-38.36	0.30396	0.13501	-0.65723	0.67676
9575	IMU4	POSITION_4_EXTRA	0x36	666.1	-747.6	458.2	2.73	37.80	-53.97	0.46411	0.01221	-0.54346	0.69922
9583	IMU0	POSITION_0_EXTRA	0x32	-963.8	487.5	-105.4	60.27	14.91	17.08	0.68066	0.18213	0.70313	0.10345
9583	IMU1	PARENT_BOTTOM_FIXED	0x33	-107.8	-986.2	400.6	-0.21	34.93	-29.82	0.03979	-0.03833	0.53564	-0.84277
9583	IMU2	CHILD_TOP_MOVING	0x34	389.4	-965.8	43.4	3.08	25.62	-28.35	0.12622	0.14661	-0.66260	0.72314
9583	IMU3	POSITION_3_EXTRA	0x35	630.5	-834.0	99.6	2.94	40.25	-36.89	0.30786	0.13489	-0.65576	0.67676
9583	IMU4	POSITION_4_EXTRA	0x36	651.5	-755.4	449.9	4.27	35.63	-50.26	0.46826	0.01250	-0.54199	0.69775
9592	IMU0	POSITION_0_EXTRA	0x32	-967.7	493.9	-102.5	57.19	11.90	15.82	0.67773	0.18530	0.70264	0.10126
9592	IMU1	PARENT_BOTTOM_FIXED	0x33	-100.5	-1001.9	411.9	0.56	32.83	-28.84	0.03677	-0.03741	0.53516	-0.84326
9592	IMU2	CHILD_TOP_MOVING	0x34	404.1	-958.9	70.8	4.97	30.87	-26.53	0.12915	0.14636	-0.66162	0.72314
9592	IMU3	POSITION_3_EXTRA	0x35	645.1	-818.4	91.3	5.25	36.05	-35.21	0.31128	0.13513	-0.65430	0.67627
9592	IMU4	POSITION_4_EXTRA	0x36	659.8	-738.8	455.3	7.70	31.15	-47.11	0.47168	0.01302	-0.54053	0.69629
9600	IMU0	POSITION_0_EXTRA	0x32	-963.8	503.1	-99.6	54.67	9.59	13.79	0.67676	0.18896	0.70361	0.09943
9600	IMU1	PARENT_BOTTOM_FIXED	0x33	-92.7	-1007.7	412.8	2.45	30.73	-27.65	0.03394	-0.03659	0.53516	-0.84326
9600	IMU2	CHILD_TOP_MOVING	0x34	411.9	-954.5	90.3	5.95	33.18	-24.43	0.13196	0.14587	-0.66064	0.72363
9600	IMU3	POSITION_3_EXTRA	0x35	657.3	-805.7	86.9	2.10	39.55	-32.06	0.31494	0.13489	-0.65332	0.67578
9600	IMU4	POSITION_4_EXTRA	0x36	669.0	-724.7	449.0	3.99	30.17	-43.82	0.47510	0.01332	-0.53906	0.69531
9608	IMU0	POSITION_0_EXTRA	0x32	-963.8	508.5	-110.3	51.73	8.61	11.41	0.67529	0.19202	0.70459	0.09747
9608	IMU1	PARENT_BOTTOM_FIXED	0x33	-83.9	-1002.4	410.4	3.71	30.87	-26.39	0.03117	-0.03571	0.53516	-0.84375
9608	IMU2	CHILD_TOP_MOVING	0x34	408.9	-955.5	84.4	6.37	31.01	-22.68	0.13452	0.14551	-0.66016	0.72412
9608	IMU3	POSITION_3_EXTRA	0x35	659.8	-807.6	109.3	-3.29	39.83	-28.07	0.31836	0.13440	-0.65186	0.67529
9608	IMU4	POSITION_4_EXTRA	0x36	673.4	-729.6	455.8	0.77	31.15	-40.39	0.47852	0.01333	-0.53809	0.69385
9617	IMU0	POSITION_0_EXTRA	0x32	-963.8	512.4	-123.5	47.67	8.40	9.31	0.67432	0.19470	0.70508	0.09558
9617	IMU1	PARENT_BOTTOM_FIXED	0x33	-81.5	-992.1	415.8	4.20	30.10	-25.06	0.02852	-0.03482	0.53467	-0.84375
9617	IMU2	CHILD_TOP_MOVING	0x34	407.5	-953.1	72.7	7.35	25.90	-21.35	0.13684	0.14526	-0.65918	0.72461
9617	IMU3	POSITION_3_EXTRA	0x35	661.7	-810.6	101.0	-4.62	38.01	-25.27	0.32153	0.13367	-0.65137	0.67480
9617	IMU4	POSITION_4_EXTRA	0x36	671.0	-730.5	457.3	1.33	29.68	-37.45	0.48145	0.01331	-0.53711	0.69238
9625	IMU0	POSITION_0_EXTRA	0x32	-963.8	511.9	-134.2	43.96	7.42	7.21	0.67334	0.19727	0.70557	0.09381
9625	IMU1	PARENT_BOTTOM_FIXED	0x33	-75.6	-989.7	420.7	4.27	27.37	-23.59	0.02605	-0.03403	0.53467	-0.84424
9625	IMU2	CHILD_TOP_MOVING	0x34	411.4	-946.2	76.1	9.45	21.91	-20.16	0.13892	0.14514	-0.65820	0.72510
9625	IMU3	POSITION_3_EXTRA	0x35	656.8	-803.7	95.2	-2.80	38.71	-23.52	0.32471	0.13293	-0.65039	0.67432
9625	IMU4	POSITION_4_EXTRA	0x36	673.0	-731.0	462.6	1.33	29.61	-34.44	0.48438	0.01318	-0.53564	0.69141
9633	IMU0	POSITION_0_EXTRA	0x32	-957.0	510.0	-142.5	38.08	7.21	6.37	0.67236	0.19934	0.70605	0.09229
9633	IMU1	PARENT_BOTTOM_FIXED	0x33	-66.9	-972.6	412.8	7.98	25.20	-21.63	0.02379	-0.03329	0.53369	-0.84473
9633	IMU2	CHILD_TOP_MOVING	0x34	415.3	-947.7	88.8	10.78	22.68	-18.62	0.14087	0.14502	-0.65723	0.72559
9633	IMU3	POSITION_3_EXTRA	0x35	653.9	-800.8	109.3	-4.06	36.54	-21.07	0.32764	0.13220	-0.64941	0.67383
9633	IMU4	POSITION_4_EXTRA	0x36	666.6	-727.1	460.7	1.26	29.47	-31.92	0.48706	0.01296	-0.53467	0.69043
9642	IMU0	POSITION_0_EXTRA	0x32	-953.1	507.5	-140.5	35.98	7.84	4.13	0.67139	0.20129	0.70654	0.09076
9642	IMU1	PARENT_BOTTOM_FIXED	0x33	-61.0	-953.1	405.0	8.82	23.59	-19.74	0.02200	-0.03210	0.53369	-0.84473
9642	IMU2	CHILD_TOP_MOVING	0x34	410.4	-937.9	96.1	10.36	21.84	-16.94	0.14270	0.14478	-0.65625	0.72607
9642	IMU3	POSITION_3_EXTRA	0x35	652.5	-800.3	120.5	-8.19	32.69	-18.20	0.33032	0.13147	-0.64893	0.67334
9642	IMU4	POSITION_4_EXTRA	0x36	661.7	-729.1	457.7	0.42	28.63	-29.12	0.48975	0.01265	-0.53369	0.68945
9650	IMU0	POSITION_0_EXTRA	0x32	-953.6	514.8	-149.3	33.32	6.72	2.38	0.67041	0.20300	0.70703	0.08923
9650	IMU1	PARENT_BOTTOM_FIXED	0x33	-57.1	-939.9	398.7	7.49	22.68	-17.71	0.02037	-0.03094	0.53320	-0.84521
9650	IMU2	CHILD_TOP_MOVING	0x34	416.3	-933.5	100.0	6.79	23.10	-14.91	0.14453	0.14441	-0.65576	0.72656
9650	IMU3	POSITION_3_EXTRA	0x35	652.0	-799.3	127.4	-12.04	27.72	-15.26	0.33276	0.13062	-0.64844	0.67236
9650	IMU4	POSITION_4_EXTRA	0x36	660.3	-726.6	452.9	-0.63	24.71	-26.46	0.49194	0.01238	-0.53271	0.68848
9658	IMU0	POSITION_0_EXTRA	0x32	-952.6	500.7	-138.1	30.80	5.81	1.61	0.66992	0.20447	0.70752	0.08783
9658	IMU1	PARENT_BOTTOM_FIXED	0x33	-55.6	-926.7	398.7	7.35	21.91	-15.68	0.01889	-0.02974	0.53320	-0.84521
9658	IMU2	CHILD_TOP_MOVING	0x34	408.5	-931.1	100.0	1.47	23.03	-12.74	0.14624	0.14380	-0.65527	0.72656
9658	IMU3	POSITION_3_EXTRA	0x35	652.0	-801.3	123.5	-13.16	22.40	-13.02	0.33472	0.13000	-0.64844	0.67188
9658	IMU4	POSITION_4_EXTRA	0x36	663.7	-727.1	459.7	-3.15	25.13	-23.38	0.49414	0.01189	-0.53174	0.68750
9667	IMU0	POSITION_0_EXTRA	0x32	-945.7	508.5	-146.9	28.91	4.48	0.63	0.66895	0.20593	0.70801	0.08649
9667	IMU1	PARENT_BOTTOM_FIXED	0x33	-53.7	-915.5	397.7	7.00	21.28	-13.58	0.01755	-0.02852	0.53271	-0.84570
9667	IMU2	CHILD_TOP_MOVING	0x34	411.9	-929.2	102.0	-3.01	20.16	-10.43	0.14783	0.14319	-0.65479	0.72656
9667	IMU3	POSITION_3_EXTRA	0x35	655.9	-798.9	116.1	-12.18	19.18	-10.99	0.33618	0.12939	-0.64844	0.67090
9667	IMU4	POSITION_4_EXTRA	0x36	665.6	-724.7	465.6	-2.73	23.59	-20.93	0.49609	0.01140	-0.53125	0.68652
9675	IMU0	POSITION_0_EXTRA	0x32	-943.3	516.3	-149.8	26.95	3.71	0.14	0.66846	0.20728	0.70850	0.08514
9675	IMU1	PARENT_BOTTOM_FIXED	0x33	-52.7	-906.2	397.7	5.60	20.86	-11.62	0.01633	-0.02724	0.53271	-0.84570
9675	IMU2	CHILD_TOP_MOVING	0x34	411.9	-929.2	95.2	-5.60	17.85	-7.98	0.14905	0.14258	-0.65479	0.72656
9675	IMU3	POSITION_3_EXTRA	0x35	659.3	-794.5	114.7	-11.41	17.92	-8.89	0.33789	0.12878	-0.64844	0.67041
9675	IMU4	POSITION_4_EXTRA	0x36	666.1	-722.7	460.2	-2.38	21.35	-18.27	0.49780	0.01093	-0.53076	0.68604
9683	IMU0	POSITION_0_EXTRA	0x32	-942.8	516.8	-143.5	24.71	1.68	0.07	0.66797	0.20850	0.70850	0.08392
9683	IMU1	PARENT_BOTTOM_FIXED	0x33	-55.6	-902.8	400.6	4.27	20.51	-9.73	0.01524	-0.02591	0.53271	-0.84570
9683	IMU2	CHILD_TOP_MOVING	0x34	415.8	-927.2	88.3	-6.58	16.03	-5.95	0.15027	0.14197	-0.65527	0.72607
9683	IMU3	POSITION_3_EXTRA	0x35	661.7	-789.6	109.3	-11.62	17.36	-6.65	0.33911	0.12817	-0.64893	0.66943
9683	IMU4	POSITION_4_EXTRA	0x36	663.2	-717.8	458.2	-2.59	20.44	-15.75	0.49951	0.01039	-0.52979	0.68506
9692	IMU0	POSITION_0_EXTRA	0x32	-936.0	513.4	-136.2	23.10	0.07	0.21	0.66748	0.20959	0.70898	0.08270
9692	IMU1	PARENT_BOTTOM_FIXED	0x33	-60.0	-901.8	405.0	4.06	19.81	-7.98	0.01431	-0.02452	0.53223	-0.84619
9692	IMU2	CHILD_TOP_MOVING	0x34	416.8	-929.2	87.8	-6.65	15.47	-4.13	0.15125	0.14124	-0.65527	0.72607
9692	IMU3	POSITION_3_EXTRA	0x35	660.8	-790.1	109.3	-11.83	17.85	-4.34	0.34033	0.12732	-0.64893	0.66895
9692	IMU4	POSITION_4_EXTRA	0x36	659.3	-716.9	452.9	-3.99	19.25	-13.37	0.50098	0.00977	-0.52930	0.68457
9700	IMU0	POSITION_0_EXTRA	0x32	-934.5	508.0	-126.9	21.63	-1.26	-0.70	0.66748	0.21057	0.70898	0.08154
9700	IMU1	PARENT_BOTTOM_FIXED	0x33	-62.5	-900.4	408.0	3.29	19.18	-6.37	0.01349	-0.02312	0.53223	-0.84619
9700	IMU2	CHILD_TOP_MOVING	0x34	416.8	-931.1	95.2	-5.04	14.98	-2.52	0.15210	0.14050	-0.65527	0.72559
9700	IMU3	POSITION_3_EXTRA	0x35	659.8	-791.5	111.3	-11.20	17.71	-2.38	0.34155	0.12646	-0.64893	0.66846
9700	IMU4	POSITION_4_EXTRA	0x36	655.9	-716.4	449.4	-4.97	18.48	-10.99	0.50195	0.00907	-0.52881	0.68408
9708	IMU0	POSITION_0_EXTRA	0x32	-928.2	508.5	-133.7	19.53	-2.03	-1.61	0.66699	0.21143	0.70898	0.08044
9708	IMU1	PARENT_BOTTOM_FIXED	0x33	-63.0	-899.9	412.4	2.38	18.41	-4.97	0.01279	-0.02170	0.53223	-0.84619
9708	IMU2	CHILD_TOP_MOVING	0x34	417.7	-932.6	100.5	-3.43	14.42	-0.77	0.15295	0.13977	-0.65527	0.72559
9708	IMU3	POSITION_3_EXTRA	0x35	656.4	-794.5	108.3	-9.24	17.22	-0.77	0.34253	0.12549	-0.64893	0.66797
9708	IMU4	POSITION_4_EXTRA	0x36	651.0	-718.8	449.4	-5.67	17.78	-8.89	0.50342	0.00829	-0.52881	0.68359
9717	IMU0	POSITION_0_EXTRA	0x32	-925.7	500.7	-134.2	16.87	-2.87	-2.45	0.66699	0.21216	0.70898	0.07941
9717	IMU1	PARENT_BOTTOM_FIXED	0x33	-60.0	-903.8	416.3	1.75	17.57	-3.92	0.01216	-0.02032	0.53223	-0.84619
9717	IMU2	CHILD_TOP_MOVING	0x34	412.8	-931.1	101.5	-2.03	13.23	0.84	0.15356	0.13904	-0.65527	0.72559
9717	IMU3	POSITION_3_EXTRA	0x35	651.0	-795.9	109.8	-7.28	16.38	0.77	0.34351	0.12463	-0.64893	0.66748
9717	IMU4	POSITION_4_EXTRA	0x36	646.6	-720.8	446.5	-6.16	17.01	-6.86	0.50439	0.00746	-0.52832	0.68311
9725	IMU0	POSITION_0_EXTRA	0x32	-923.8	487.0	-131.3	14.49	-4.97	-2.87	0.66699	0.21277	0.70898	0.07849
9725	IMU1	PARENT_BOTTOM_FIXED	0x33	-53.2	-909.1	417.7	1.68	16.87	-3.15	0.01157	-0.01901	0.53223	-0.84619
9725	IMU2	CHILD_TOP_MOVING	0x34	408.9	-930.1	101.5	-1.26	11.55	2.38	0.15393	0.13831	-0.65527	0.72607
9725	IMU3	POSITION_3_EXTRA	0x35	645.6	-795.0	111.8	-6.30	14.91	2.31	0.34424	0.12372	-0.64941	0.66748
9725	IMU4	POSITION_4_EXTRA	0x36	640.3	-722.2	443.1	-6.37	16.24	-4.76	0.50488	0.00658	-0.52832	0.68262
9733	IMU0	POSITION_0_EXTRA	0x32	-917.9	475.3	-129.8	12.25	-6.72	-3.85	0.66699	0.21350	0.70850	0.07782
9733	IMU1	PARENT_BOTTOM_FIXED	0x33	-44.4	-914.5	419.2	1.68	16.10	-2.45	0.01103	-0.01778	0.53223	-0.84619
9733	IMU2	CHILD_TOP_MOVING	0x34	407.5	-929.6	97.6	-0.77	10.57	3.78	0.15417	0.13757	-0.65527	0.72607
9733	IMU3	POSITION_3_EXTRA	0x35	641.7	-795.4	113.7	-6.44	13.16	4.06	0.34473	0.12280	-0.64941	0.66748
9733	IMU4	POSITION_4_EXTRA	0x36	635.4	-724.2	438.7	-6.58	15.33	-2.66	0.50586	0.00565	-0.52783	0.68213
9742	IMU0	POSITION_0_EXTRA	0x32	-917.4	470.9	-127.9	10.43	-7.84	-5.04	0.66748	0.21411	0.70850	0.07721
9742	IMU1	PARENT_BOTTOM_FIXED	0x33	-38.1	-919.9	420.7	1.96	15.05	-1.82	0.01054	-0.01662	0.53223	-0.84668
9742	IMU2	CHILD_TOP_MOVING	0x34	405.5	-930.1	94.7	0.00	9.52	5.11	0.15430	0.13672	-0.65527	0.72607
9742	IMU3	POSITION_3_EXTRA	0x35	639.3	-796.9	113.7	-7.56	11.41	5.95	0.34521	0.12183	-0.64941	0.66699
9742	IMU4	POSITION_4_EXTRA	0x36	630.5	-726.6	437.2	-6.65	14.49	-0.56	0.50635	0.00468	-0.52783	0.68213
9750	IMU0	POSITION_0_EXTRA	0x32	-916.0	465.1	-125.4	8.68	-8.61	-6.23	0.66748	0.21448	0.70801	0.07660
9750	IMU1	PARENT_BOTTOM_FIXED	0x33	-34.2	-924.3	419.2	2.38	14.00	-1.05	0.01012	-0.01553	0.53223	-0.84668
9750	IMU2	CHILD_TOP_MOVING	0x34	408.5	-928.2	94.7	0.35	8.40	6.44	0.15442	0.13599	-0.65527	0.72607
9750	IMU3	POSITION_3_EXTRA	0x35	637.8	-796.9	111.8	-8.47	9.80	7.70	0.34521	0.12085	-0.64990	0.66699
9750	IMU4	POSITION_4_EXTRA	0x36	627.1	-727.6	431.9	-6.51	13.72	1.40	0.50684	0.00368	-0.52734	0.68164
9758	IMU0	POSITION_0_EXTRA	0x32	-916.0	457.7	-121.0	7.28	-9.73	-7.49	0.66797	0.21484	0.70801	0.07599
9758	IMU1	PARENT_BOTTOM_FIXED	0x33	-30.3	-928.7	415.8	2.80	13.51	-0.35	0.00974	-0.01446	0.53223	-0.84668
9758	IMU2	CHILD_TOP_MOVING	0x34	409.4	-926.7	100.5	-0.35	8.05	7.63	0.15442	0.13525	-0.65527	0.72656
9758	IMU3	POSITION_3_EXTRA	0x35	635.9	-795.9	108.8	-9.31	8.19	9.38	0.34546	0.11981	-0.65039	0.66650
9758	IMU4	POSITION_4_EXTRA	0x36	624.6	-726.1	433.3	-6.30	12.95	3.36	0.50732	0.00265	-0.52734	0.68164
9767	IMU0	POSITION_0_EXTRA	0x32	-915.5	450.9	-111.8	6.02	-10.99	-8.68	0.66797	0.21497	0.70752	0.07526
9767	IMU1	PARENT_BOTTOM_FIXED	0x33	-28.8	-930.6	415.3	3.15	13.23	0.49	0.00941	-0.01339	0.53223	-0.84668
9767	IMU2	CHILD_TOP_MOVING	0x34	409.4	-925.7	102.5	-2.24	6.72	8.96	0.15417	0.13440	-0.65527	0.72656
9767	IMU3	POSITION_3_EXTRA	0x35	635.9	-797.9	109.3	-9.80	6.79	10.85	0.34521	0.11877	-0.65039	0.66650
9767	IMU4	POSITION_4_EXTRA	0x36	624.2	-728.6	434.8	-6.23	11.90	5.25	0.50732	0.00160	-0.52734	0.68164
9775	IMU0	POSITION_0_EXTRA	0x32	-915.5	449.0	-103.0	5.32	-11.20	-10.71	0.66846	0.21484	0.70703	0.07452
9775	IMU1	PARENT_BOTTOM_FIXED	0x33	-26.8	-930.1	415.3	3.50	13.30	1.26	0.00912	-0.01231	0.53223	-0.84668
9775	IMU2	CHILD_TOP_MOVING	0x34	408.5	-928.7	100.5	-4.55	6.09	10.57	0.15405	0.13354	-0.65576	0.72656
9775	IMU3	POSITION_3_EXTRA	0x35	637.8	-801.3	107.4	-10.08	5.46	12.39	0.34497	0.11774	-0.65137	0.66602
9775	IMU4	POSITION_4_EXTRA	0x36	624.2	-731.5	432.9	-5.88	11.48	7.14	0.50732	0.00051	-0.52686	0.68164
9783	IMU0	POSITION_0_EXTRA	0x32	-921.8	447.0	-98.6	4.27	-10.57	-12.32	0.66943	0.21472	0.70654	0.07379
9783	IMU1	PARENT_BOTTOM_FIXED	0x33	-25.9	-926.7	416.3	3.64	13.37	2.17	0.00887	-0.01120	0.53174	-0.84668
9783	IMU2	CHILD_TOP_MOVING	0x34	408.9	-930.6	98.1	-6.58	6.09	12.11	0.15369	0.13257	-0.65625	0.72607
9783	IMU3	POSITION_3_EXTRA	0x35	635.4	-801.8	101.0	-10.08	4.90	13.93	0.34473	0.11670	-0.65186	0.66602
9783	IMU4	POSITION_4_EXTRA	0x36	619.3	-731.5	434.8	-5.53	11.06	8.82	0.50732	-0.00060	-0.52686	0.68164
9792	IMU0	POSITION_0_EXTRA	0x32	-923.8	445.1	-97.1	3.57	-10.78	-13.37	0.66992	0.21448	0.70654	0.07294
9792	IMU1	PARENT_BOTTOM_FIXED	0x33	-25.9	-922.8	417.7	3.50	13.09	3.08	0.00868	-0.01009	0.53174	-0.84668
9792	IMU2	CHILD_TOP_MOVING	0x34	405.5	-933.1	94.2	-7.42	6.79	13.44	0.15344	0.13147	-0.65674	0.72607
9792	IMU3	POSITION_3_EXTRA	0x35	632.4	-803.2	98.1	-9.45	4.83	15.26	0.34424	0.11554	-0.65234	0.66602
9792	IMU4	POSITION_4_EXTRA	0x36	615.4	-730.0	435.3	-5.46	10.15	10.36	0.50732	-0.00143	-0.52686	0.68164
9800	IMU0	POSITION_0_EXTRA	0x32	-925.2	442.6	-93.2	3.50	-10.92	-14.42	0.67041	0.21411	0.70605	0.07208
9800	IMU1	PARENT_BOTTOM_FIXED	0x33	-29.3	-919.9	413.8	3.50	12.67	3.92	0.00857	-0.00895	0.53174	-0.84668
9800	IMU2	CHILD_TOP_MOVING	0x34	401.1	-931.6	91.7	-6.79	7.49	14.56	0.15308	0.13037	-0.65723	0.72607
9800	IMU3	POSITION_3_EXTRA	0x35	628.1	-803.2	100.0	-8.54	5.18	16.52	0.34399	0.11438	-0.65283	0.66553
9800	IMU4	POSITION_4_EXTRA	0x36	611.5	-730.5	436.8	-5.67	9.66	11.97	0.50732	-0.00232	-0.52734	0.68164
9808	IMU0	POSITION_0_EXTRA	0x32	-924.8	443.6	-93.7	2.17	-11.83	-15.19	0.67090	0.21362	0.70557	0.07129
9808	IMU1	PARENT_BOTTOM_FIXED	0x33	-34.6	-917.4	411.4	2.38	12.88	4.62	0.00850	-0.00776	0.53174	-0.84717
9808	IMU2	CHILD_TOP_MOVING	0x34	397.2	-930.6	90.8	-6.02	7.91	15.75	0.15259	0.12915	-0.65771	0.72607
9808	IMU3	POSITION_3_EXTRA	0x35	625.1	-802.3	101.5	-7.49	5.32	17.78	0.34326	0.11316	-0.65332	0.66553
9808	IMU4	POSITION_4_EXTRA	0x36	605.6	-729.1	440.7	-5.81	9.80	13.51	0.50684	-0.00329	-0.52734	0.68164
9817	IMU0	POSITION_0_EXTRA	0x32	-924.8	440.2	-90.8	1.61	-11.69	-15.96	0.67139	0.21313	0.70508	0.07043
9817	IMU1	PARENT_BOTTOM_FIXED	0x33	-42.5	-913.5	413.3	2.94	12.53	5.25	0.00850	-0.00653	0.53174	-0.84717
9817	IMU2	CHILD_TOP_MOVING	0x34	394.8	-930.1	90.3	-6.09	7.91	17.08	0.15210	0.12781	-0.65820	0.72559
9817	IMU3	POSITION_3_EXTRA	0x35	625.1	-803.2	104.9	-6.51	5.04	18.97	0.34277	0.11188	-0.65381	0.66602
9817	IMU4	POSITION_4_EXTRA	0x36	602.2	-728.1	443.1	-6.37	9.31	15.05	0.50684	-0.00432	-0.52734	0.68213
9825	IMU0	POSITION_0_EXTRA	0x32	-927.7	436.8	-88.8	0.84	-13.51	-16.31	0.67236	0.21265	0.70508	0.06958
9825	IMU1	PARENT_BOTTOM_FIXED	0x33	-49.3	-907.2	416.8	2.03	12.11	5.95	0.00858	-0.00528	0.53174	-0.84717
9825	IMU2	CHILD_TOP_MOVING	0x34	394.3	-931.1	92.2	-6.79	7.49	18.48	0.15161	0.12646	-0.65869	0.72559
9825	IMU3	POSITION_3_EXTRA	0x35	624.6	-804.7	105.4	-5.88	3.99	20.23	0.34204	0.11066	-0.65430	0.66602
9825	IMU4	POSITION_4_EXTRA	0x36	603.7	-730.5	442.1	-7.14	8.68	16.66	0.50635	-0.00539	-0.52734	0.68213
9833	IMU0	POSITION_0_EXTRA	0x32	-929.6	435.8	-93.2	0.21	-14.35	-17.01	0.67285	0.21204	0.70459	0.06873
9833	IMU1	PARENT_BOTTOM_FIXED	0x33	-53.7	-906.7	420.7	1.40	11.27	6.58	0.00873	-0.00404	0.53174	-0.84717
9833	IMU2	CHILD_TOP_MOVING	0x34	390.9	-931.6	95.6	-7.28	6.37	19.81	0.15088	0.12512	-0.65918	0.72559
9833	IMU3	POSITION_3_EXTRA	0x35	622.2	-803.2	106.9	-5.74	2.59	21.63	0.34131	0.10944	-0.65479	0.66602
9833	IMU4	POSITION_4_EXTRA	0x36	604.6	-730.5	444.1	-7.35	8.47	18.13	0.50586	-0.00651	-0.52734	0.68213
9842	IMU0	POSITION_0_EXTRA	0x32	-934.0	431.9	-99.6	-1.33	-15.33	-17.78	0.67383	0.21130	0.70410	0.06787
9842	IMU1	PARENT_BOTTOM_FIXED	0x33	-54.7	-906.2	421.1	1.12	10.36	7.21	0.00895	-0.00285	0.53174	-0.84717
9842	IMU2	CHILD_TOP_MOVING	0x34	385.0	-931.6	99.1	-7.07	5.25	21.14	0.15002	0.12378	-0.65967	0.72559
9842	IMU3	POSITION_3_EXTRA	0x35	619.3	-802.8	112.7	-5.88	1.33	23.10	0.34033	0.10822	-0.65527	0.66650
9842	IMU4	POSITION_4_EXTRA	0x36	605.1	-726.6	442.6	-7.49	8.26	19.74	0.50537	-0.00765	-0.52783	0.68262
9850	IMU0	POSITION_0_EXTRA	0x32	-937.0	427.5	-103.5	-2.45	-16.80	-18.48	0.67480	0.21045	0.70313	0.06696
9850	IMU1	PARENT_BOTTOM_FIXED	0x33	-51.7	-905.7	418.2	1.26	9.31	7.91	0.00924	-0.00171	0.53174	-0.84717
9850	IMU2	CHILD_TOP_MOVING	0x34	381.6	-930.1	101.0	-6.51	3.85	22.47	0.14905	0.12238	-0.66016	0.72559
9850	IMU3	POSITION_3_EXTRA	0x35	611.5	-801.8	115.2	-6.09	-0.84	24.71	0.33911	0.10699	-0.65576	0.66650
9850	IMU4	POSITION_4_EXTRA	0x36	600.2	-723.2	448.0	-8.12	8.33	21.35	0.50488	-0.00888	-0.52783	0.68311
9858	IMU0	POSITION_0_EXTRA	0x32	-934.5	425.0	-103.0	-3.78	-18.69	-19.39	0.67578	0.20959	0.70264	0.06610
9858	IMU1	PARENT_BOTTOM_FIXED	0x33	-50.8	-906.2	415.3	0.77	8.47	8.47	0.00958	-0.00062	0.53174	-0.84717
9858	IMU2	CHILD_TOP_MOVING	0x34	375.8	-926.2	101.0	-6.72	2.66	23.87	0.14807	0.12103	-0.66064	0.72559
9858	IMU3	POSITION_3_EXTRA	0x35	606.1	-802.3	116.1	-6.51	-2.45	26.32	0.33789	0.10571	-0.65625	0.66699
9858	IMU4	POSITION_4_EXTRA	0x36	592.4	-724.7	449.0	-9.03	7.84	23.17	0.50391	-0.01021	-0.52832	0.68311
9867	IMU0	POSITION_0_EXTRA	0x32	-934.0	422.1	-99.1	-4.90	-19.81	-20.16	0.67676	0.20850	0.70215	0.06519
9867	IMU1	PARENT_BOTTOM_FIXED	0x33	-46.8	-907.2	411.4	0.42	8.40	9.10	0.00995	0.00046	0.53174	-0.84717
9867	IMU2	CHILD_TOP_MOVING	0x34	372.8	-924.3	100.5	-7.98	1.89	25.34	0.14685	0.11963	-0.66113	0.72559
9867	IMU3	POSITION_3_EXTRA	0x35	601.7	-802.8	117.1	-7.14	-3.85	27.86	0.33667	0.10449	-0.65674	0.66699
9867	IMU4	POSITION_4_EXTRA	0x36	583.2	-724.7	451.9	-9.38	7.56	24.85	0.50342	-0.01161	-0.52832	0.68359
9875	IMU0	POSITION_0_EXTRA	0x32	-935.5	418.7	-94.2	-6.37	-20.86	-20.93	0.67822	0.20740	0.70117	0.06433
9875	IMU1	PARENT_BOTTOM_FIXED	0x33	-45.4	-909.6	409.9	0.28	8.26	9.73	0.01035	0.00153	0.53174	-0.84668
9875	IMU2	CHILD_TOP_MOVING	0x34	367.5	-924.8	98.1	-9.52	1.12	26.74	0.14551	0.11816	-0.66162	0.72510
9875	IMU3	POSITION_3_EXTRA	0x35	595.8	-804.2	114.7	-7.77	-4.76	29.47	0.33496	0.10315	-0.65771	0.66748
9875	IMU4	POSITION_4_EXTRA	0x36	575.8	-726.6	452.4	-10.08	6.79	26.53	0.50244	-0.01309	-0.52881	0.68408
9883	IMU0	POSITION_0_EXTRA	0x32	-936.5	417.2	-93.7	-7.56	-21.91	-21.28	0.67920	0.20630	0.70068	0.06354
9883	IMU1	PARENT_BOTTOM_FIXED	0x33	-44.9	-911.1	407.0	-0.21	8.19	10.36	0.01077	0.00261	0.53223	-0.84668
9883	IMU2	CHILD_TOP_MOVING	0x34	363.6	-927.7	97.6	-11.06	0.35	28.21	0.14417	0.11664	-0.66260	0.72510
9883	IMU3	POSITION_3_EXTRA	0x35	593.4	-809.1	116.1	-8.47	-5.25	30.94	0.33350	0.10175	-0.65820	0.66797
9883	IMU4	POSITION_4_EXTRA	0x36	570.0	-728.6	454.3	-10.71	5.88	28.14	0.50146	-0.01463	-0.52881	0.68457
9892	IMU0	POSITION_0_EXTRA	0x32	-937.4	412.8	-89.3	-8.33	-23.38	-21.77	0.68066	0.20496	0.69971	0.06268
9892	IMU1	PARENT_BOTTOM_FIXED	0x33	-45.9	-910.1	408.0	-0.63	8.26	10.78	0.01122	0.00370	0.53223	-0.84668
9892	IMU2	CHILD_TOP_MOVING	0x34	363.1	-931.1	98.1	-11.97	-0.21	29.40	0.14270	0.11511	-0.66357	0.72510
9892	IMU3	POSITION_3_EXTRA	0x35	588.5	-813.5	116.1	-8.89	-5.95	32.34	0.33179	0.10034	-0.65918	0.66797
9892	IMU4	POSITION_4_EXTRA	0x36	566.1	-732.5	449.9	-11.13	4.90	29.75	0.50000	-0.01619	-0.52930	0.68506
9900	IMU0	POSITION_0_EXTRA	0x32	-939.4	404.1	-85.4	-9.59	-24.57	-22.05	0.68213	0.20361	0.69873	0.06183
9900	IMU1	PARENT_BOTTOM_FIXED	0x33	-45.4	-912.6	407.5	-1.68	8.47	11.20	0.01167	0.00481	0.53223	-0.84668
9900	IMU2	CHILD_TOP_MOVING	0x34	354.3	-935.5	98.1	-12.60	0.77	30.66	0.14124	0.11340	-0.66455	0.72461
9900	IMU3	POSITION_3_EXTRA	0x35	583.6	-815.9	114.2	-9.10	-6.65	33.74	0.32983	0.09882	-0.65967	0.66846
9900	IMU4	POSITION_4_EXTRA	0x36	561.2	-735.9	449.0	-11.97	5.53	31.36	0.49878	-0.01790	-0.52979	0.68555
9908	IMU0	POSITION_0_EXTRA	0x32	-938.9	396.3	-80.5	-11.06	-26.04	-22.40	0.68359	0.20227	0.69775	0.06100
9908	IMU1	PARENT_BOTTOM_FIXED	0x33	-46.8	-917.0	411.9	-1.61	8.68	11.55	0.01213	0.00593	0.53271	-0.84619
9908	IMU2	CHILD_TOP_MOVING	0x34	353.8	-932.6	96.6	-12.81	0.98	31.78	0.13965	0.11169	-0.66504	0.72461
9908	IMU3	POSITION_3_EXTRA	0x35	576.8	-817.4	112.2	-9.24	-6.51	35.07	0.32788	0.09729	-0.66064	0.66895
9908	IMU4	POSITION_4_EXTRA	0x36	551.0	-737.9	448.0	-12.11	5.46	32.69	0.49756	-0.01967	-0.52979	0.68652
9917	IMU0	POSITION_0_EXTRA	0x32	-942.3	389.9	-73.2	-11.97	-27.16	-22.68	0.68506	0.20068	0.69678	0.06018
9917	IMU1	PARENT_BOTTOM_FIXED	0x33	-45.4	-908.2	401.6	-3.01	8.75	11.62	0.01259	0.00704	0.53320	-0.84619
9917	IMU2	CHILD_TOP_MOVING	0x34	345.0	-933.5	92.2	-13.23	3.22	32.97	0.13818	0.10980	-0.66602	0.72412
9917	IMU3	POSITION_3_EXTRA	0x35	570.0	-817.9	108.3	-8.61	-6.02	36.05	0.32593	0.09564	-0.66162	0.66895
9917	IMU4	POSITION_4_EXTRA	0x36	541.2	-738.3	448.0	-12.60	5.32	34.09	0.49609	-0.02153	-0.53027	0.68701
9925	IMU0	POSITION_0_EXTRA	0x32	-937.9	385.0	-66.9	-13.51	-28.56	-23.17	0.68652	0.19910	0.69580	0.05939
9925	IMU1	PARENT_BOTTOM_FIXED	0x33	-47.3	-916.5	412.4	-1.75	8.61	11.76	0.01305	0.00815	0.53320	-0.84619
9925	IMU2	CHILD_TOP_MOVING	0x34	342.6	-931.6	94.7	-13.86	3.64	33.95	0.13672	0.10779	-0.66699	0.72363
9925	IMU3	POSITION_3_EXTRA	0x35	562.2	-821.3	109.8	-8.47	-5.32	37.10	0.32397	0.09393	-0.66211	0.66943
9925	IMU4	POSITION_4_EXTRA	0x36	530.5	-737.9	449.9	-13.09	4.69	35.28	0.49463	-0.02344	-0.53076	0.68799
9933	IMU0	POSITION_0_EXTRA	0x32	-944.8	377.2	-60.5	-14.56	-29.33	-23.80	0.68848	0.19739	0.69482	0.05856
9933	IMU1	PARENT_BOTTOM_FIXED	0x33	-44.4	-908.2	402.6	-3.57	9.31	11.62	0.01347	0.00926	0.53369	-0.84570
9933	IMU2	CHILD_TOP_MOVING	0x34	338.7	-932.6	93.2	-15.47	5.46	35.14	0.13672	0.10565	-0.66797	0.72363
9933	IMU3	POSITION_3_EXTRA	0x35	555.8	-820.8	107.8	-8.05	-5.11	38.01	0.32202	0.09216	-0.66309	0.66992
9933	IMU4	POSITION_4_EXTRA	0x36	521.2	-741.8	449.0	-13.58	4.20	36.54	0.49316	-0.02541	-0.53125	0.68848
9942	IMU0	POSITION_0_EXTRA	0x32	-941.8	369.9	-55.6	-15.40	-32.06	-23.24	0.69043	0.19556	0.69336	0.05777
9942	IMU1	PARENT_BOTTOM_FIXED	0x33	-42.5	-912.1	401.1	-2.03	9.31	11.48	0.01385	0.01035	0.53369	-0.84570
9942	IMU2	CHILD_TOP_MOVING	0x34	333.3	-928.7	91.3	-16.73	9.24	36.05	0.13391	0.10321	-0.66895	0.72314
9942	IMU3	POSITION_3_EXTRA	0x35	549.5	-821.8	111.3	-8.68	-4.55	38.92	0.32007	0.09027	-0.66406	0.67041
9942	IMU4	POSITION_4_EXTRA	0x36	512.4	-741.8	450.4	-14.21	3.57	37.52	0.49146	-0.02744	-0.53174	0.68945
9950	IMU0	POSITION_0_EXTRA	0x32	-936.5	364.0	-41.5	-16.17	-33.11	-23.87	0.69238	0.19385	0.69189	0.05698
9950	IMU1	PARENT_BOTTOM_FIXED	0x33	-37.6	-909.6	398.7	-3.43	10.57	11.13	0.01416	0.01149	0.53418	-0.84521
9950	IMU2	CHILD_TOP_MOVING	0x34	326.0	-933.1	86.4	-17.50	11.27	36.96	0.13269	0.10065	-0.66992	0.72266
9950	IMU3	POSITION_3_EXTRA	0x35	544.1	-824.7	106.4	-9.03	-4.97	39.83	0.31787	0.08838	-0.66455	0.67090
9950	IMU4	POSITION_4_EXTRA	0x36	507.5	-746.6	444.1	-15.12	2.73	38.64	0.48975	-0.02948	-0.53223	0.68994
9958	IMU0	POSITION_0_EXTRA	0x32	-941.4	361.6	-37.6	-16.80	-35.00	-24.15	0.69434	0.19189	0.69043	0.05615
9958	IMU1	PARENT_BOTTOM_FIXED	0x33	-37.6	-909.6	398.7	-2.31	10.71	10.64	0.01441	0.01258	0.53467	-0.84521
9958	IMU2	CHILD_TOP_MOVING	0x34	319.6	-932.6	81.0	-18.41	10.64	37.80	0.13269	0.10065	-0.66992	0.72266
9958	IMU3	POSITION_3_EXTRA	0x35	538.8	-826.7	103.0	-9.24	-4.83	40.67	0.31592	0.08643	-0.66553	0.67139
9958	IMU4	POSITION_4_EXTRA	0x36	507.0	-750.1	442.1	-15.54	2.59	39.69	0.48779	-0.03159	-0.53271	0.69092
9967	IMU0	POSITION_0_EXTRA	0x32	-943.3	353.8	-33.7	-17.22	-36.12	-24.64	0.69678	0.19006	0.68896	0.05533
9967	IMU1	PARENT_BOTTOM_FIXED	0x33	-36.6	-912.6	404.1	-2.87	11.34	10.22	0.01460	0.01368	0.53467	-0.84473
9967	IMU2	CHILD_TOP_MOVING	0x34	317.2	-935.5	74.7	-21.98	9.52	38.85	0.13135	0.09808	-0.67139	0.72217
9967	IMU3	POSITION_3_EXTRA	0x35	538.8	-829.6	101.5	-9.38	-5.81	41.44	0.31372	0.08447	-0.66650	0.67188
9967	IMU4	POSITION_4_EXTRA	0x36	503.1	-751.0	436.3	-16.17	2.59	40.74	0.48584	-0.03372	-0.53320	0.69141
9975	IMU0	POSITION_0_EXTRA	0x32	-941.4	345.5	-30.7	-17.99	-37.94	-24.71	0.69873	0.18799	0.68750	0.05444
9975	IMU1	PARENT_BOTTOM_FIXED	0x33	-32.7	-916.0	402.6	-2.59	12.46	9.24	0.01473	0.01474	0.53516	-0.84473
9975	IMU2	CHILD_TOP_MOVING	0x34	311.8	-937.0	71.7	-22.33	8.12	39.55	0.12988	0.09546	-0.67285	0.72168
9975	IMU3	POSITION_3_EXTRA	0x35	535.3	-826.7	99.1	-9.45	-5.95	42.14	0.31152	0.08258	-0.66699	0.67236
9975	IMU4	POSITION_4_EXTRA	0x36	498.2	-751.0	429.0	-17.01	1.82	41.72	0.48389	-0.03589	-0.53418	0.69238
9983	IMU0	POSITION_0_EXTRA	0x32	-939.9	339.2	-26.8	-17.78	-39.83	-25.13	0.70117	0.18604	0.68555	0.05353
9983	IMU1	PARENT_BOTTOM_FIXED	0x33	-32.7	-913.0	395.8	-3.92	13.86	8.61	0.01479	0.01584	0.53516	-0.84473
9983	IMU2	CHILD_TOP_MOVING	0x34	313.8	-934.0	75.2	-22.47	7.91	40.18	0.12842	0.09290	-0.67383	0.72119
9983	IMU3	POSITION_3_EXTRA	0x35	530.9	-824.7	104.4	-10.64	-5.46	43.12	0.31152	0.08258	-0.66699	0.67236
9983	IMU4	POSITION_4_EXTRA	0x36	491.4	-745.7	432.4	-17.36	1.96	42.63	0.48193	-0.03809	-0.53467	0.69287
9992	IMU0	POSITION_0_EXTRA	0x32	-935.5	335.3	-22.0	-18.13	-42.07	-25.62	0.70361	0.18408	0.68359	0.05258
9992	IMU1	PARENT_BOTTOM_FIXED	0x33	-32.7	-917.9	393.8	-4.55	14.98	7.98	0.01476	0.01697	0.53564	-0.84424
9992	IMU2	CHILD_TOP_MOVING	0x34	310.9	-930.6	80.0	-22.68	10.36	40.95	0.12683	0.09033	-0.67529	0.72021
9992	IMU3	POSITION_3_EXTRA	0x35	525.1	-823.7	106.4	-11.20	-4.90	43.82	0.30933	0.08057	-0.66797	0.67285
9992	IMU4	POSITION_4_EXTRA	0x36	482.6	-746.2	429.9	-19.39	1.75	43.54	0.47998	-0.04037	-0.53564	0.69385
10000	IMU0	POSITION_0_EXTRA	0x32	-934.5	328.4	-9.3	-18.27	-43.05	-26.67	0.70605	0.18201	0.68164	0.05154
10000	IMU1	PARENT_BOTTOM_FIXED	0x33	-33.7	-911.1	385.5	-3.99	15.75	7.42	0.01464	0.01814	0.53613	-0.84375
10000	IMU2	CHILD_TOP_MOVING	0x34	307.9	-929.2	82.5	-22.75	12.25	41.65	0.12537	0.08765	-0.67676	0.71973
10000	IMU3	POSITION_3_EXTRA	0x35	518.3	-823.7	99.6	-12.39	-4.13	44.59	0.30713	0.07849	-0.66895	0.67334
10000	IMU4	POSITION_4_EXTRA	0x36	474.8	-744.2	436.3	-19.74	2.10	44.31	0.47778	-0.04276	-0.53613	0.69434
